title,description,imageUrl,price
Grand Seiko mens watches Spring Drive 20th＆Nissan GT-R 50th Anniversary Limited Edition SBGC229,Rated 5/5 from 1 Amazon shopper reviews.,https://m.media-amazon.com/images/I/7121j-7wqlL._AC_UL1102_.jpg,27000.00
"TAG Heuer Men's 'Monaco' Swiss Automatic Stainless Steel and Leather Dress Watch, Color:Black (Model: CAW211P.FC6356)",Rated 5/5 from 11 Amazon shopper reviews.,https://m.media-amazon.com/images/I/91OZKncBUBL._AC_UL1500_.jpg,7300.00
Tag Heuer Carrera Blue Skeleton Dial Automatic Mens Watch CAR201T.FC6406,Rated 4.7/5 from 2 Amazon shopper reviews.,https://m.media-amazon.com/images/I/81YFU7UiKlL._AC_UL1500_.jpg,5350.00
TAG Heuer Men's CV2A11.BA0796 Carrera Automatic Chronograph Watch,Rated 3.5/5 from 21 Amazon shopper reviews.,https://m.media-amazon.com/images/I/91QA7ApVr5L._AC_UL1500_.jpg,5150.00
Seiko SBGA465 [Grand Heritage Collection 9R Spring Drive Men's Metal Band] Watch Shipped from Japan June 2022 Model,Rated 3/5 from 2 Amazon shopper reviews.,https://m.media-amazon.com/images/I/51AT216Y-bL._AC_UL1000_.jpg,4397.52
Tag Heuer Carrera Calibre 16 Chronograph 41mm Watch,Rated 5/5 from 1 Amazon shopper reviews.,https://m.media-amazon.com/images/I/61l2M-nQu5L._AC_UL1200_.jpg,4199.00
TAG Heuer Men's WV215E.BD0735 Carrera Analog Display Swiss Automatic Two Tone Watch,Rated 5/5 from 1 Amazon shopper reviews.,https://m.media-amazon.com/images/I/81Zm6WVWbDL._AC_UL1500_.jpg,3950.00
TAG Heuer Men's CAK211A.BA0833 Analog Display Automatic Self Wind Silver Watch,Rated 5/5 from 1 Amazon shopper reviews.,https://m.media-amazon.com/images/I/91MK9e7DtJL._AC_UL1500_.jpg,3899.00
TAG Heuer Men's CAF2010.BA0815 Aquaracer Automatic Chronograph Watch,Rated 3.3/5 from 10 Amazon shopper reviews.,https://m.media-amazon.com/images/I/61NCU5ZZEJL._AC_UL1000_.jpg,3750.00
TAG Heuer Women's WAR1315.BA0778 Carrera Analog Display Swiss Quartz Silver Watch,Rated 5/5 from 4 Amazon shopper reviews.,https://m.media-amazon.com/images/I/81G3jTi1PeL._AC_UL1500_.jpg,3600.00
TAG Heuer Men's CJF2110.BA0594 Link Automatic Chronograph Watch,Rated 4.5/5 from 3 Amazon shopper reviews.,https://m.media-amazon.com/images/I/61NEEFNDVuL._AC_UL1000_.jpg,3500.00
TAG Heuer Women's WAH1221.BB0865 Formula 1 Two-Tone Bracelet Watch with White Ceramic and Diamonds,Rated 5/5 from 10 Amazon shopper reviews.,https://m.media-amazon.com/images/I/81PTvInGDeL._AC_UL1500_.jpg,3200.00
TAG Heuer Men's CJF7110.BA0592 Link Calibre S Stainless Steel Chronograph 1/100th Watch,Rated 2.7/5 from 12 Amazon shopper reviews.,https://m.media-amazon.com/images/I/61aDmYnJOYL._AC_UL1000_.jpg,3200.00
TAG Heuer Women's WAF1425.BB0825 Aquaracer 28mm Two-Tone Diamond Dial Watch,Rated 4.5/5 from 5 Amazon shopper reviews.,https://m.media-amazon.com/images/I/81zISdxI+eL._AC_UL1500_.jpg,3000.00
TAG Heuer Women's WAF1416.BA0813 Aquaracer Diamond Accented Quartz Watch,Rated 4.7/5 from 9 Amazon shopper reviews.,https://m.media-amazon.com/images/I/51ldI0rl2yL._AC_UL1020_.jpg,2799.00
Nixon Men's A147-126-00 Ceramic 51-30 Analog Display Swiss Made Automatic Movement White Watch,Rated 3.9/5 from 7 Amazon shopper reviews.,https://m.media-amazon.com/images/I/81mCRHNCBlL._AC_UL1500_.jpg,2600.00
Tag Heuer Carrera Q PrÃcieux White Mother of Pearl Dial Ladies Watch WAR1352BD0774,Rated 5/5 from 2 Amazon shopper reviews.,https://m.media-amazon.com/images/I/51ceeGx1H4L._AC_UL1000_.jpg,2549.00
Seiko SBXC069 [Astron Global Line Sport 5X Titanium Model] Watch Shipped from Japan,Rated 3.8/5 from 4 Amazon shopper reviews.,https://m.media-amazon.com/images/I/71DwBCi2khL._AC_UL1200_.jpg,2499.70
"Salvatore Ferragamo Men's 'Time L.E' Swiss automatic Stainless Steel and Leather Casual Watch, Color:Brown (Model: FFU010016)",Rated 5/5 from 1 Amazon shopper reviews.,https://m.media-amazon.com/images/I/91iJC3KP6JL._AC_UL1500_.jpg,2400.00
Citizen Men's CC1055-53E Satellite Wave Air Titanium Eco-Drive Watch,Rated 4/5 from 12 Amazon shopper reviews.,https://m.media-amazon.com/images/I/91i0rW3p4pL._AC_UL1500_.jpg,2400.00
Tag Heuer Aquaracer Automatic Black Sunray Brushed Dial Men's Watch WBD2110.BA0928,Rated 5/5 from 2 Amazon shopper reviews.,https://m.media-amazon.com/images/I/61mHw6inpdL._AC_UL1000_.jpg,2299.00
TAG Heuer Men's WAR201C.FC6266 Carrera Analog Display Analog Black Watch,Rated 4.2/5 from 16 Amazon shopper reviews.,https://m.media-amazon.com/images/I/81QBB4migPL._AC_UL1500_.jpg,2249.00
TAG Heuer Men's WAR211A.FC6180 Carrera Calibre 5 Autmoatic Analog Black Watch,Rated 5/5 from 6 Amazon shopper reviews.,https://m.media-amazon.com/images/I/81zUTFSUN6L._AC_UL1500_.jpg,2249.00
Tag Heuer Formula 1 Chronograph Anthracite Dial Mens Watch CAZ1011.BA0842,Rated 3.4/5 from 26 Amazon shopper reviews.,https://m.media-amazon.com/images/I/51SiL++g-QL._AC_UL1144_.jpg,2050.00
Tag Heuer Aquaracer 300M Quartz Black Dial Mens Watch WAY101A.BA0746,Rated 4.3/5 from 21 Amazon shopper reviews.,https://m.media-amazon.com/images/I/61ti-8NTLrL._AC_UL1400_.jpg,1980.00
TAG Heuer Aquaracer 300M Red Bezel 43mm Men's Watch WAY101B.BA0746,Rated 3.6/5 from 8 Amazon shopper reviews.,https://m.media-amazon.com/images/I/51OH9q5sKEL._AC_UL1000_.jpg,1950.00
"TAG Heuer Women's WV1411.BA0793 ""Carrera"" Casual Watch with Diamonds",Rated 3.4/5 from 10 Amazon shopper reviews.,https://m.media-amazon.com/images/I/81vAntcnLSL._AC_UL1500_.jpg,1949.00
"TAG Heuer Women's WV1415.BA0793 ""Carrera"" Stainless Steel Watch",Rated 4/5 from 8 Amazon shopper reviews.,https://m.media-amazon.com/images/I/81CELFKojEL._AC_UL1500_.jpg,1949.00
SEIKO PROSPEX Great Blue Hole Special Edition Diver's 200m Automatic Watch SPB083J1,Rated 4.7/5 from 12 Amazon shopper reviews.,https://m.media-amazon.com/images/I/81G6n8vXB7L._AC_UL1500_.jpg,1899.00
TAG Heuer Women's WJF1317.BA0572 Link Diamond Accented Watch,Rated 4.2/5 from 10 Amazon shopper reviews.,https://m.media-amazon.com/images/I/61avJeyWIOL._AC_UL1500_.jpg,1899.00
Tag Heuer Formula 1 Blue Dial Diamond Ladies Watch WBJ1316.BA0666,Rated 2.7/5 from 3 Amazon shopper reviews.,https://m.media-amazon.com/images/I/71tLg4CbnbL._AC_UL1500_.jpg,1849.97
TAG Heuer Aquaracer Men's Watch WBD1112.BA0928,Rated 3.7/5 from 15 Amazon shopper reviews.,https://m.media-amazon.com/images/I/71GSxn1IpvL._AC_UL1500_.jpg,1800.00
Seiko Astron Black Dial Stainless Steel Men's Watch SSE065,Rated 5/5 from 1 Amazon shopper reviews.,https://m.media-amazon.com/images/I/718uKUo7QiL._AC_UL1000_.jpg,1750.00
Tag Heuer Formula 1 Blue Dial 43mm Men's Watch CAZ101K.BA0842,Rated 3.7/5 from 5 Amazon shopper reviews.,https://m.media-amazon.com/images/I/61D31Gqu3nL._AC_UL1000_.jpg,1727.98
TAG Heuer Men's WAZ111A.BA0875 Formula 1 Stainless Steel Watch,Rated 4.3/5 from 97 Amazon shopper reviews.,https://m.media-amazon.com/images/I/91ikOfsuYIL._AC_UL1500_.jpg,1600.21
"Tag Heuer Men's 'Formula 1' Swiss Quartz Stainless Steel Dress Watch, Color:Silver-Toned (Model: CAZ1010.BA0842)",Rated 4.1/5 from 205 Amazon shopper reviews.,https://m.media-amazon.com/images/I/914Yq+4LstL._AC_UL1500_.jpg,1583.37
Movado Men's 0606689 Movado TC Two-Tone Stainless Steel Bracelet Watch,Rated 5/5 from 2 Amazon shopper reviews.,https://m.media-amazon.com/images/I/81Q08zIYP+L._AC_UL1500_.jpg,1495.00
TAG Heuer Men's Formula 1 Chronograph Black Dial Stainless Steel Quartz Watch CAZ1010.FT8024,Rated 2.8/5 from 8 Amazon shopper reviews.,https://m.media-amazon.com/images/I/61uP73kDsDL._AC_UL1500_.jpg,1485.76
Tag Heuer Aquaracer Black Dial Ladies Watch WBD1310.BA0740,Rated 4.5/5 from 14 Amazon shopper reviews.,https://m.media-amazon.com/images/I/51QfCMdmFYL._AC_UL1000_.jpg,1450.00
"TAG Heuer Men's 'Aquaracer' Quartz Stainless Steel Dress Watch, Color:Silver-Toned (Model: WAY1110.BA0928)",Rated 3.5/5 from 43 Amazon shopper reviews.,https://m.media-amazon.com/images/I/91K2AI1opCL._AC_UL1500_.jpg,1399.00
"Bulova Men's Icon High Precisionist Quartz Chronograph Diamond Watch, 100m Water Resistant, Continous Sweeping Secondhand",Rated 3.9/5 from 22 Amazon shopper reviews.,https://m.media-amazon.com/images/I/71PPw0-i28L._AC_UL1500_.jpg,1378.45
TAG Heuer Aquaracer Women's Watch WBD1410.BA0741,Rated 5/5 from 2 Amazon shopper reviews.,https://m.media-amazon.com/images/I/61AgjVso6AL._AC_UL1000_.jpg,1350.00
Salvatore Ferragamo Men's FF3210015 FERRAGAMO 1898 Sport Analog Display Quartz Blue Watch,Rated 4/5 from 1 Amazon shopper reviews.,https://m.media-amazon.com/images/I/9167NtgP1JL._AC_UL1500_.jpg,1350.00
TAG Heuer Men's WAZ1110.BA0875 Stainless Steel Watch,Rated 4.1/5 from 146 Amazon shopper reviews.,https://m.media-amazon.com/images/I/912gZxb+VCL._AC_UL1500_.jpg,1320.00
Salvatore Ferragamo Men's FF3230015 Ferragamo 1898 Sport Analog Display Quartz Green Watch,Rated 3.5/5 from 9 Amazon shopper reviews.,https://m.media-amazon.com/images/I/91Z8dNkEX4L._AC_UL1500_.jpg,1300.00
"Movado Men's Sapphire Stainless Steel Watch with a Concave Dot Museum Dial, Silver (Model 607178)",Rated 4.8/5 from 8 Amazon shopper reviews.,https://m.media-amazon.com/images/I/71ztxH+DxpL._AC_UL1500_.jpg,1299.00
Movado Women's 0606473 Linio Stainless-Steel Diamond-Set Case Mother-of-Pearl Dial Bangle Watch,Rated 5/5 from 2 Amazon shopper reviews.,https://m.media-amazon.com/images/I/61xBYhHpfML._AC_UL1500_.jpg,1295.00
Salvatore Ferragamo Men's F55LGQ6876 SR62 F-80 Black Carbon Fiber and Orange Rubber Watch,Rated 3.4/5 from 4 Amazon shopper reviews.,https://m.media-amazon.com/images/I/812t3x+EMuL._AC_UL1500_.jpg,1250.00
"Movado Men's Series 800 2-Tone Chronograph Watch with Printed Index, Gold/Black/Silver (2600146)",Rated 4.2/5 from 10 Amazon shopper reviews.,https://m.media-amazon.com/images/I/810QGAZV1HL._AC_UL1500_.jpg,1225.00
Bulova Men's 'Murren' Mechanical Hand Wind Stainless Steel and Black Leather Automatic Watch (Model: 63B176),Rated 3.4/5 from 6 Amazon shopper reviews.,https://m.media-amazon.com/images/I/5165eA+-zSL._AC_.jpg,1195.00
Seiko SBDC165 [[PROSPEX Diver Scuba 1970 Mechanical Divers Contemporary Design Save The Ocean Model Men's Metal Band] Watch Shipped from Japan Released in June 2022,Rated 5/5 from 3 Amazon shopper reviews.,https://m.media-amazon.com/images/I/61PTcJBfVmL._AC_UL1000_.jpg,1170.00
"Salvatore Ferragamo Men's 'Time Automatic' Swiss Quartz Stainless Steel and Leather Casual Watch, Color:Brown (Model: FFT030016)",Rated 4.6/5 from 4 Amazon shopper reviews.,https://m.media-amazon.com/images/I/910EE70ypaL._AC_UL1500_.jpg,1150.00
CITIZEN Watch ATTESA Eco Drive GPS Satellite Radio Clock F150 Direct Flight ACT Line CC3081-52E Men's Silver ”,Rated 4.6/5 from 15 Amazon shopper reviews.,https://m.media-amazon.com/images/I/91XxziKeFlL._AC_UL1500_.jpg,1100.00
Citizen Watch AT8185-97E [Attesa ACT Line (Act Line) Eco-Drive Radio Clock Direct Flight Nissan Fairlady Z Collaboration Model Seiran Blue] Shipped from Japan Released in March 2022,Rated 4.6/5 from 31 Amazon shopper reviews.,https://m.media-amazon.com/images/I/816DDjPDQPL._AC_UL1500_.jpg,1098.55
Citizen Watch PROMASTER CC5006-06L [PROMASTER Eco-Drive GPS Satellite Radio Clock Marine Series Diver 200m Blue],Rated 5/5 from 1 Amazon shopper reviews.,https://m.media-amazon.com/images/I/81spz5zHajL._AC_UL1500_.jpg,1090.00
Men's Fine 14k Yellow Gold Signet Diamond Nugget Ring (Size 16),Rated 5/5 from 1 Amazon shopper reviews.,https://m.media-amazon.com/images/I/61TWusBqY2L._AC_UL1000_.jpg,1089.99
"Salvatore Ferragamo Women's ""GANCINO DECO"" Diamond-Accented Gold Ion-Plated Watch with Blue Leather Band",Rated 5/5 from 1 Amazon shopper reviews.,https://m.media-amazon.com/images/I/91oD71I0XyL._AC_UL1500_.jpg,1080.00
Seiko SKX007J1 Analog Japanese-Automatic Black Rubber Diver's Watch,Rated 3.9/5 from 88 Amazon shopper reviews.,https://m.media-amazon.com/images/I/61dMVo1t7DL._AC_UL1000_.jpg,969.00
"Movado Women's Esperanza 2-Tone Watch with Concave Dot Museum Dial, Silver/Gold/Black (Model 607053)",Rated 4.8/5 from 13 Amazon shopper reviews.,https://m.media-amazon.com/images/I/71F9HLNRtqL._AC_UL1500_.jpg,936.71
Shinola The Canfield Quartz Movement Black Dial Men's Watch S0120089889,Rated 4/5 from 2 Amazon shopper reviews.,https://m.media-amazon.com/images/I/51Oxzm4Y8BL._AC_.jpg,933.81
Bulova Men's Watch,Rated 4.6/5 from 153 Amazon shopper reviews.,https://m.media-amazon.com/images/I/71sgBzZLWeL._AC_UL1500_.jpg,921.14
Bulova Men's 65B105 Accutron Two-Tone Elapsed Time White Dial Watch,Rated 5/5 from 2 Amazon shopper reviews.,https://m.media-amazon.com/images/I/61SzrlEF+BL._AC_UL1000_.jpg,920.00
Bulova Men's CURV Chronograph Black Ion-Plated Stainless Steel Watch 98A207,Rated 4.5/5 from 24 Amazon shopper reviews.,https://m.media-amazon.com/images/I/81Hsz9qH3vL._AC_UL1500_.jpg,896.47
SEIKO PROSPEX SBDC125 Diver Scuba Mechanical Men's Watch,Rated 5/5 from 4 Amazon shopper reviews.,https://m.media-amazon.com/images/I/61qqTyqJ7WL._AC_UL1000_.jpg,895.00
Bulova Men's Classic 6 Hand Power Reserve Leather Strap Watch,Rated 4.5/5 from 66 Amazon shopper reviews.,https://m.media-amazon.com/images/I/712pOLy0hrL._AC_UL1500_.jpg,895.00
SEIKO PROSPEX 1968 Professional Divers Modern Design Men's Mechanical Watch SBDC063 (Japan Domestic Genuine Products),Rated 4.4/5 from 17 Amazon shopper reviews.,https://m.media-amazon.com/images/I/817Hk8npmfL._AC_UL1500_.jpg,880.00
Bulova Frank Sinatra 'Fly Me to The Moon' Black Leather Strap Watch 97B196,Rated 3.7/5 from 14 Amazon shopper reviews.,https://m.media-amazon.com/images/I/71Y89ZbMU2L._AC_UL1500_.jpg,850.00
Salvatore Ferragamo Men's FF3070014 FERRAGAMO 1898 Two-Tone Stainless Steel Watch,Rated 4.1/5 from 2 Amazon shopper reviews.,https://m.media-amazon.com/images/I/81rK0cT14IL._AC_UL1500_.jpg,820.00
Citizen Eco-Drive Men's AT4021-02L Perpetual Chrono A-T Watch,Rated 5/5 from 5 Amazon shopper reviews.,https://m.media-amazon.com/images/I/91Vp2l0FwHL._AC_UL1500_.jpg,799.00
Movado Men's 0606792 Museum Sport Stainless Steel Watch with Black Dial,Rated 4.5/5 from 54 Amazon shopper reviews.,https://m.media-amazon.com/images/I/81nHgmNG3RL._AC_UL1500_.jpg,799.00
Movado Men's 0606997 Analog Display Swiss Quartz Gold Watch,Rated 4.4/5 from 12 Amazon shopper reviews.,https://m.media-amazon.com/images/I/51qsdDVj-FL._AC_UL1000_.jpg,799.00
"Movado Bold Evolution Men's Swiss Qtz Stainless Steel and Bracelet Casual Watch, Color: Black (Model: 3600752)",Rated 4/5 from 9 Amazon shopper reviews.,https://m.media-amazon.com/images/I/71f8VXv8fYL._AC_UL1500_.jpg,795.00
Bulova Men's 'Gemini' Swiss Automatic Stainless Steel and Brown Leather Casual Watch (Model: 64C105),Rated 3.9/5 from 12 Amazon shopper reviews.,https://m.media-amazon.com/images/I/91HMOD7RhKL._AC_UL1500_.jpg,795.00
"Movado Bold Evolution Women's Quartz Stainless Steel and Bracelet Casual Watch, Color: Rose Gold (Model: 3600650)",Rated 3.9/5 from 11 Amazon shopper reviews.,https://m.media-amazon.com/images/I/71xo1IYOvML._AC_UL1500_.jpg,782.00
Salvatore Ferragamo Women's FG5030014 BUCKLE Analog Display Swiss Quartz Beige Watch,Rated 3.6/5 from 2 Amazon shopper reviews.,https://m.media-amazon.com/images/I/81xxNJn2KWL._AC_UL1500_.jpg,780.00
Bulova Ladies Rubaiyat Diamond Stainless Steel Watch 96R219,Rated 4.8/5 from 19 Amazon shopper reviews.,https://m.media-amazon.com/images/I/81BY6LDukqL._AC_UL1500_.jpg,778.33
SEIKO Men's SPC047P2 Sportura Black Leather Strap Black Chronograph Dial Watch,Rated 5/5 from 1 Amazon shopper reviews.,https://m.media-amazon.com/images/I/71edgPy7VRL._AC_UL1000_.jpg,776.00
Citizen Watch PROMASTER NB6005-05L [Marine Series Mechanical Diver 200m] Japan Domestic,Rated 5/5 from 2 Amazon shopper reviews.,https://m.media-amazon.com/images/I/91s4oIZy+vS._AC_UL1500_.jpg,770.00
JAPAN Mens Analog Sport Automatic Seiko Watch SKX011J1,Rated 4.5/5 from 162 Amazon shopper reviews.,https://m.media-amazon.com/images/I/515IQk1lnNL._AC_UL1500_.jpg,765.00
"Movado Men's Series 800 Sport Stainless Watch with a Printed Index Dial, Silver/Blue (Model 2600137)",Rated 4/5 from 22 Amazon shopper reviews.,https://m.media-amazon.com/images/I/81+3c6zEGKL._AC_UL1500_.jpg,752.58
SEIKO PROSPEX Diver Scuba Solar Chronograph Core Shop Exclusive PADI Model Watch Men's SBDL067,Rated 5/5 from 2 Amazon shopper reviews.,https://m.media-amazon.com/images/I/71Ba2b9JxdL._AC_UL1200_.jpg,743.56
Kenneth Cole New York Women's KC4988 Transparency Round Multi-Function Transparent Yellow Gold Bracelet Watch,Rated 4.1/5 from 7 Amazon shopper reviews.,https://m.media-amazon.com/images/I/71kHzHKiZqL._AC_UL1500_.jpg,738.29
Bulova Men's Precisionist Chronograph Blue Dial Stainless Steel Watch | 96B349,Rated 4.6/5 from 15 Amazon shopper reviews.,https://m.media-amazon.com/images/I/71gOPPmdnBL._AC_UL1500_.jpg,731.16
"Seiko Prospex""Alpinist"" Compass Green Dial Sapphire Glass Leather Watch SPB121J1",Rated 4.4/5 from 29 Amazon shopper reviews.,https://m.media-amazon.com/images/I/51eYcx2-eqL._AC_UL1000_.jpg,725.00
"Movado Bold Shimmer Women's Swiss Quartz Stainless Steel and Mesh Bracelet Casual Watch, Color: Yellow (Model: 3600656)",Rated 4.6/5 from 27 Amazon shopper reviews.,https://m.media-amazon.com/images/I/81xdBvFR+oL._AC_UL1500_.jpg,712.58
Citizen Watch PROMASTER NB6004-08E [Marine Series Mechanical Diver 200m] Japan Domestic,Rated 3.5/5 from 6 Amazon shopper reviews.,https://m.media-amazon.com/images/I/91gRhJcyd7S._AC_UL1500_.jpg,710.00
Nugget Rings Men's 14k Gold The Apex (10.25),Rated 3/5 from 1 Amazon shopper reviews.,https://m.media-amazon.com/images/I/51aDLtBcP1L._AC_.jpg,709.99
Movado Women's 605482 Kardelo Watch,Rated 5/5 from 2 Amazon shopper reviews.,https://m.media-amazon.com/images/I/41DU8LwkKIL._AC_.jpg,700.00
Movado Women's 606069 Esperanza Gold-Plated Stainless-Steel Watch,Rated 4.5/5 from 2 Amazon shopper reviews.,https://m.media-amazon.com/images/I/61C3QS7EAGL._AC_UL1500_.jpg,699.00
Seiko Premier Kinetic Men's Wrist Watch SNP141P1 Black,Rated 3.4/5 from 5 Amazon shopper reviews.,https://m.media-amazon.com/images/I/61-jqNT6EKL._AC_UL1499_.jpg,699.00
Movado Women's 0606691 Movado TC Stainless Steel Bracelet Watch with Diamond-Accented Mother-of-Pearl Dial,Rated 3.4/5 from 4 Amazon shopper reviews.,https://m.media-amazon.com/images/I/71kyDvV+w9L._AC_UL1500_.jpg,699.00
Salvatore Ferragamo Men's FFJ020017 Ferragamo 1898 Sport Analog Display Swiss Quartz Blue Watch,Rated 4.2/5 from 25 Amazon shopper reviews.,https://m.media-amazon.com/images/I/61LSVt4AkPL._AC_UL1000_.jpg,698.00
SEIKO Men's SKX009K2 Diver's Analog Automatic Stainless Steel Watch,"Rated 4.5/5 from 1,048 Amazon shopper reviews.",https://m.media-amazon.com/images/I/8138kpXjhUL._AC_UL1500_.jpg,695.00
"Movado Bold Shimmer Women's Quartz Stainless Steel and Mesh Bracelet Casual Watch, Color: Rose Gold (Model: 3600657)",Rated 4.6/5 from 53 Amazon shopper reviews.,https://m.media-amazon.com/images/I/610nunymvTL._AC_UL1343_.jpg,695.00
"Movado Bold Verso Women's Swiss Qtz Stainless Steel and Bracelet Casual Watch, Color: Silver (Model: 3600747)",Rated 4.4/5 from 20 Amazon shopper reviews.,https://m.media-amazon.com/images/I/71Q2MMe800L._AC_UL1500_.jpg,690.00
Bulova Women's 96R103 Diamond Accented Watch,Rated 3/5 from 6 Amazon shopper reviews.,https://m.media-amazon.com/images/I/41QpR7KlUkL._AC_.jpg,690.00
SEIKO Men's SNAE17 Black Carbon Fiber Dial Velatura Watch,Rated 5/5 from 1 Amazon shopper reviews.,https://m.media-amazon.com/images/I/91DLtOQI0YL._AC_UL1500_.jpg,690.00
SEIKO Men's SPC039 Sportura Flyback Chronograph Grey Dial Stainless Steel Watch,Rated 5/5 from 4 Amazon shopper reviews.,https://m.media-amazon.com/images/I/71dYuXI8NAL._AC_UL1500_.jpg,689.00
Seiko SPB121 Prospex Men's Watch Brown 39.5mm Stainless Steel,Rated 5/5 from 5 Amazon shopper reviews.,https://m.media-amazon.com/images/I/61CWhZouXiL._AC_UL1000_.jpg,689.00
"Movado Men's Museum Two Tone Watch with a Concave Dot Museum Dial, Gold/Silver/Black (Model 607200)",Rated 4.5/5 from 75 Amazon shopper reviews.,https://m.media-amazon.com/images/I/71LJTQ6yXFL._AC_UL1500_.jpg,682.44
"Seiko Prospex 3rd Gen""Sumo"" Diver's 200m Automatic Green Dial Sapphire Glass Watch SPB103J1",Rated 4.3/5 from 63 Amazon shopper reviews.,https://m.media-amazon.com/images/I/71G+PoIRnkL._AC_UL1500_.jpg,680.00
"Movado Men's Bold Verso Swiss Quartz Watch with Stainless Steel Link Bracelet, Gold Plated",Rated 4.7/5 from 51 Amazon shopper reviews.,https://m.media-amazon.com/images/I/81GVau5VsWL._AC_UL1500_.jpg,672.96
"Movado Women's BOLD Ceramic Watch with a Crystal-Set Dot, Black/Silver (Model 3600535)",Rated 4.5/5 from 46 Amazon shopper reviews.,https://m.media-amazon.com/images/I/71HxZ-LmMtL._AC_UL1500_.jpg,672.05
"Movado Men's Bold Evolution Pale Gold Ion-Plated Steel Case and Link Bracelet, Yellow Gold",Rated 4.1/5 from 45 Amazon shopper reviews.,https://m.media-amazon.com/images/I/71kwyhw9jPL._AC_UL1500_.jpg,670.00
Seiko 5 Sports Boruto & Naruto Automatic Orange Dial Watch SRPF70K1,Rated 5/5 from 3 Amazon shopper reviews.,https://m.media-amazon.com/images/I/71JY5uwUWDS._AC_UL1500_.jpg,669.00
Nugget Rings Men's 14k Gold The Rock (7),Rated 4.4/5 from 2 Amazon shopper reviews.,https://m.media-amazon.com/images/I/61Q9-GS1TVL._AC_UL1000_.jpg,659.99
"Movado Men's Swiss Quartz Stainless Steel Watch, Color: Silver-Toned (Model: 3600371)",Rated 3.8/5 from 12 Amazon shopper reviews.,https://m.media-amazon.com/images/I/91aY4E9rlvL._AC_UL1500_.jpg,650.00
"Movado Women's 0606383 ""Serio"" Stainless Steel Watch",Rated 3.6/5 from 12 Amazon shopper reviews.,https://m.media-amazon.com/images/I/71A-vU9x0NL._AC_UL1500_.jpg,650.00
"Movado Women's Bold Evolution Swiss Quartz Watch with Stainless Steel Strap, 15 (Model: 3600649), Pale Yellow Gold Ion-Plated",Rated 4.9/5 from 28 Amazon shopper reviews.,https://m.media-amazon.com/images/I/71GKBaQegAL._AC_UL1500_.jpg,650.00
Bulova Women's 98W01 Marine Star Chronograph Watch,Rated 4.5/5 from 4 Amazon shopper reviews.,https://m.media-amazon.com/images/I/41ZJ514QQ6L._AC_.jpg,640.00
SEIKO Men's SRL001 Le Grand Sport Retrograde Day Indicator Watch,Rated 3.3/5 from 18 Amazon shopper reviews.,https://m.media-amazon.com/images/I/81zr+J-PiVS._AC_UL1500_.jpg,640.00
SEIKO SBXY017 [ASTRON Solar Radio Line Metal Band Men] Watch Shipped from Japan,Rated 3.6/5 from 12 Amazon shopper reviews.,https://m.media-amazon.com/images/I/81mYCQeWg8S._AC_UL1500_.jpg,639.88
"Movado Bold Men's Swiss Quartz Stainless Steel and Silicone Strap Watch, Color: Black (Model: 3600854)",Rated 4.5/5 from 4 Amazon shopper reviews.,https://m.media-amazon.com/images/I/81+oC5rBA4L._AC_UL1500_.jpg,619.58
Seiko Presage Japanese Zen Garden Blue 'Sakura by Night' Open Heart Automatic Sapphire Leather Watch SSA421J1,Rated 5/5 from 4 Amazon shopper reviews.,https://m.media-amazon.com/images/I/71ygd+u+WsL._AC_UL1500_.jpg,612.90
Movado Men's 604480 Sport Edition Watch,Rated 3.5/5 from 4 Amazon shopper reviews.,https://m.media-amazon.com/images/I/31IcLvj0BUL._AC_.jpg,611.29
Movado Men's 2100002 Museum Black Stainless Steel Watch,Rated 4.6/5 from 401 Amazon shopper reviews.,https://m.media-amazon.com/images/I/61B5VIC0OvL._AC_UL1157_.jpg,599.95
Bulova Women's 96R184 Analog Display Analog Quartz Silver Watch,Rated 5/5 from 3 Amazon shopper reviews.,https://m.media-amazon.com/images/I/81aQVW4xi5L._AC_UL1500_.jpg,599.00
Bulova Men's 98B312 Analog Display Quartz Black Watch,Rated 4.3/5 from 101 Amazon shopper reviews.,https://m.media-amazon.com/images/I/91-hI+1g9OL._AC_UL1500_.jpg,599.00
Movado Men's 606068 Esperanza Gold-Plated Stainless-Steel Watch,Rated 4.6/5 from 6 Amazon shopper reviews.,https://m.media-amazon.com/images/I/71v0e0mzHCL._AC_UL1500_.jpg,599.00
Citizen Men's Eco-Drive Promaster Aqualand Red Watch BJ2167-03E,Rated 4.4/5 from 59 Amazon shopper reviews.,https://m.media-amazon.com/images/I/61OKaaU1q3L._AC_UL1000_.jpg,599.00
Seiko PROSPEX Diver Stainless Steel Bracelet Men's Watch SRPD23,Rated 4.5/5 from 82 Amazon shopper reviews.,https://m.media-amazon.com/images/I/71gv4vAOXYL._AC_UL1280_.jpg,597.75
Bulova Men's Crystals Stainless Steel Multi-Function Quartz Watch Style: 96C002,Rated 4.6/5 from 208 Amazon shopper reviews.,https://m.media-amazon.com/images/I/81U92X74ShS._AC_UL1500_.jpg,595.00
Movado Women's 606087 Museum Black Leather Strap Watch,Rated 3.9/5 from 8 Amazon shopper reviews.,https://m.media-amazon.com/images/I/71tglrA0B7L._AC_UL1500_.jpg,595.00
"Movado Women's Aleena Two-Tone Watch with a Concave Dot Museum Dial, Gold/Silver (Model 607150)",Rated 4.6/5 from 17 Amazon shopper reviews.,https://m.media-amazon.com/images/I/61rSTFXU75L._AC_UL1500_.jpg,594.50
"Movado Women's Sapphire Stainless Steel Watch with a Concave Dot Museum Dial, Silver (Model 606814)",Rated 3.8/5 from 9 Amazon shopper reviews.,https://m.media-amazon.com/images/I/61RK3fIhFQL._AC_UL1500_.jpg,589.29
Movado Museum Classic Blue Mother of Pearl Dial Two-Tone Ladies Watch 0607268,Rated 3.8/5 from 9 Amazon shopper reviews.,https://m.media-amazon.com/images/I/51mZAS1KsTL._AC_UL1000_.jpg,588.73
SEIKO PRESAGE Automatic Ladies Cocktail 'Bellini' Rose Gold Watch SRP852J1,Rated 4.5/5 from 17 Amazon shopper reviews.,https://m.media-amazon.com/images/I/61XBSWYMaVL._AC_UL1000_.jpg,585.00
SEIKO PROSPEX Men's Watch Diver Mechanical Self-winding (with manual winding) Waterproof 200m Hard Rex SBDC031,Rated 4.2/5 from 109 Amazon shopper reviews.,https://m.media-amazon.com/images/I/81JNyinY8KL._AC_UL1500_.jpg,580.00
Nugget Rings Men's 10k Gold The Apex (10.25),Rated 5/5 from 1 Amazon shopper reviews.,https://m.media-amazon.com/images/I/61rzHLn9gVL._AC_UL1280_.jpg,579.99
"Citizen Women's Eco-Drive Dress Classic Diamond Watch with 3-Hand Date and Sapphire Crystal, Silver/ Gray Mother-of-Pearl Dial",Rated 5/5 from 4 Amazon shopper reviews.,https://m.media-amazon.com/images/I/71QlUmOc1yL._AC_UL1500_.jpg,575.00
SEIKO Men's SKZ207K1 Five Sports Stainless Steel Automatic Watch,Rated 4/5 from 4 Amazon shopper reviews.,https://m.media-amazon.com/images/I/51SDJ1WHDJL._AC_.jpg,575.00
"Bulova Mens Analogue Automatic Watch with Silicone Strap 98A227, Blue, Strap",Rated 4.5/5 from 92 Amazon shopper reviews.,https://m.media-amazon.com/images/I/81ZqdEnzs2L._AC_UL1500_.jpg,572.47
Seiko Men's SRW784 Rose-Gold Leather Japanese Quartz Fashion Watch,Rated 4.3/5 from 4 Amazon shopper reviews.,https://m.media-amazon.com/images/I/51RmUYIX30L._AC_.jpg,570.99
Movado Men's 0606504 Museum Stainless Steel Bracelet Watch,Rated 4.1/5 from 37 Amazon shopper reviews.,https://m.media-amazon.com/images/I/819XJ7OPzEL._AC_UL1500_.jpg,570.07
"Movado Men's 0606545 ""Museum"" Perforated Black-Rubber Strap Sport Watch",Rated 4.1/5 from 53 Amazon shopper reviews.,https://m.media-amazon.com/images/I/A1Kp1Q5FdSL._AC_UL1500_.jpg,564.09
Seiko Prospex US Special Edition Ocean Conservation Turtle Diver 200m Automatic Blue Dial Watch SRPH59,Rated 4.4/5 from 15 Amazon shopper reviews.,https://m.media-amazon.com/images/I/71iyq3HMVoL._AC_UL1280_.jpg,562.50
Seiko Prospex US Special Edition Ocean Conservation Turtle Diver 200m Automatic Turquoise Dial Watch SRPH57,Rated 4.9/5 from 23 Amazon shopper reviews.,https://m.media-amazon.com/images/I/616dQOQdZwL._AC_UL1000_.jpg,562.50
Seiko 5 Sports Limited Edition - Brian May ʻRed Special IIʼ Watch SRPH80K1,Rated 4.6/5 from 48 Amazon shopper reviews.,https://m.media-amazon.com/images/I/71IpM7FZPZL._AC_UL1500_.jpg,559.00
Shinola The Runwell Green Dial Maple Aniline Latigo Leather Mens Watch S0100038,Rated 4/5 from 8 Amazon shopper reviews.,https://m.media-amazon.com/images/I/61Yz8AVtsVL._AC_UL1000_.jpg,558.41
Shinola The Runwell White Dial Tan Leather Mens Watch S0100109,Rated 4.2/5 from 5 Amazon shopper reviews.,https://m.media-amazon.com/images/I/71zTqynukJL._AC_UL1500_.jpg,558.41
Bulova Men's 98B270 Analog Display Quartz Silver Watch,Rated 4.3/5 from 42 Amazon shopper reviews.,https://m.media-amazon.com/images/I/814vWE94fvL._AC_UL1500_.jpg,556.82
Seiko Solar Mens Analog Solar Watch with Stainless Steel Bracelet SSC717P1,Rated 4.7/5 from 127 Amazon shopper reviews.,https://m.media-amazon.com/images/I/61rnpEUsIoL._AC_UL1060_.jpg,556.01
Coutura Men's Radio Sync Solar Dual Time Watch,Rated 4.5/5 from 805 Amazon shopper reviews.,https://m.media-amazon.com/images/I/91m4WS5DZ2L._AC_UL1500_.jpg,550.00
Movado Defio Quartz Black Dial Ladies Watch 0607308,Rated 4.8/5 from 20 Amazon shopper reviews.,https://m.media-amazon.com/images/I/51dDK2gnQSL._AC_UL1000_.jpg,549.99
"Citizen Men's Promaster Sea Aqualand Eco-Drive Watch, Polyurethane Strap, Chronograph, Date, 12/24 Hour Time, Power Reserve Indicator, Sapphire Crystal, Luminous Hands and Markers, Blue",Rated 4.5/5 from 26 Amazon shopper reviews.,https://m.media-amazon.com/images/I/81FFE2fConL._AC_UL1500_.jpg,540.81
Seiko Men's SNA457 Coutura Alarm Chronograph Watch,Rated 3/5 from 5 Amazon shopper reviews.,https://m.media-amazon.com/images/I/4192WB1FATL._AC_.jpg,540.00
Citizen Women's FB1241-53E Ceramic Chronograph Eco-Drive Chronograph Watch,Rated 3.2/5 from 9 Amazon shopper reviews.,https://m.media-amazon.com/images/I/81lVgGMudqL._AC_UL1500_.jpg,540.00
"SEIKO PROSPEX""Turtle"" Save The Ocean Diver's 200M Automatic Black IP Watch Blue Dial SRPD11K1",Rated 4.4/5 from 12 Amazon shopper reviews.,https://m.media-amazon.com/images/I/61se6+ea21L._AC_UL1024_.jpg,539.00
"Bulova Men's Icon High Precision Quartz Chronograph Watch, Curved Mineral Crystal, 300m Water Resistant, Continous Sweeping Secondhand, Luminous Markers","Rated 4.6/5 from 2,872 Amazon shopper reviews.",https://m.media-amazon.com/images/I/71tp9eXWwrL._AC_UL1500_.jpg,536.76
Movado Heritage Black Dial Men's Watch 3650019,Rated 5/5 from 4 Amazon shopper reviews.,https://m.media-amazon.com/images/I/61naJbfvNxL._AC_UL1200_.jpg,535.00
Bulova Men's Precisionist Quartz Watch,Rated 4.6/5 from 105 Amazon shopper reviews.,https://m.media-amazon.com/images/I/81w5rq58LTL._AC_UL1500_.jpg,532.82
"Movado Women's Museum Stainless Steel Watch with a Concave Dot Museum Dial, Black/Silver (607220)",Rated 4/5 from 60 Amazon shopper reviews.,https://m.media-amazon.com/images/I/71+DIdsCa5L._AC_UL1500_.jpg,531.75
Nugget Rings Men's Gold The Armour Solid Gold (10K) (10),Rated 5/5 from 2 Amazon shopper reviews.,https://m.media-amazon.com/images/I/51e1-hJELgL._AC_.jpg,529.99
Nugget Rings Men's The Armour Solid Gold (10k) (11.5),Rated 5/5 from 1 Amazon shopper reviews.,https://m.media-amazon.com/images/I/51e1-hJELgL._AC_.jpg,529.99
Nugget Rings Men's Gold The Armour Solid Gold (10K) (8),Rated 5/5 from 5 Amazon shopper reviews.,https://m.media-amazon.com/images/I/518q0Wgk7UL._AC_.jpg,529.99
Nugget Rings Men's 14k Gold The Armour (9.25),Rated 5/5 from 1 Amazon shopper reviews.,https://m.media-amazon.com/images/I/51F55WFnokL._AC_.jpg,529.99
SEIKO Men's SSC909 Prospex Solar Chronograph Watch,Rated 4.6/5 from 7 Amazon shopper reviews.,https://m.media-amazon.com/images/I/61SnyIMpxwL._AC_UL1000_.jpg,525.00
"Movado Men's BOLD Metals Chronograph Watch with a Printed Index Dial, Grey (Model 3600277)",Rated 4.5/5 from 52 Amazon shopper reviews.,https://m.media-amazon.com/images/I/7175ovYJVrL._AC_UL1500_.jpg,524.00
"Movado Bold Fusion Men's Quartz Stainless Steel and Silicone Strap Casual Watch, Color: Black (Model: 3600621)",Rated 4.5/5 from 11 Amazon shopper reviews.,https://m.media-amazon.com/images/I/51Puus3JMSL._AC_UL1000_.jpg,521.95
"Seiko Prospex""Antarctica Monster"" Diver's 200m Automatic Blue Dial Watch SRPH75K1",Rated 4.8/5 from 9 Amazon shopper reviews.,https://m.media-amazon.com/images/I/71YIYPrtH1L._AC_UL1500_.jpg,520.00
Bulova Men's 98C106 Marine Star Black Dial Bracelet Watch,Rated 1/5 from 1 Amazon shopper reviews.,https://m.media-amazon.com/images/I/818ZaiytqbL._AC_UL1500_.jpg,520.00
"Movado Bold Evolution Women's Quartz Stainless Steel and Bracelet Casual Watch, Color: Yellow Gold (Model: 3600699)",Rated 4.9/5 from 19 Amazon shopper reviews.,https://m.media-amazon.com/images/I/51-TpxCDp5L._AC_UL1156_.jpg,520.00
"Movado Bold Evolution Women's Swiss Qtz Stainless Steel and Ceramic Bracelet Casual Watch, Color: Blush (Model: 3600709)",Rated 4.6/5 from 62 Amazon shopper reviews.,https://m.media-amazon.com/images/I/71Lyk1baNIL._AC_UL1500_.jpg,513.53
SEIKO SSQW066 [LUKIA I Collection Solar Radio Watch Ladies Leather Band] Women's Watch Shipped from Japan Oct 2022 Model,Rated 4/5 from 1 Amazon shopper reviews.,https://m.media-amazon.com/images/I/51TMkjAEq-L._AC_.jpg,513.01
Certified 10k Yellow Gold CZ Popcorn Nugget Solitaire Ring (Size 8),Rated 5/5 from 1 Amazon shopper reviews.,https://m.media-amazon.com/images/I/716LPQhIkYL._AC_UL1280_.jpg,509.99
"Bulova Automatic Watch 98A273, Gold, Bracelet",Rated 4.8/5 from 7 Amazon shopper reviews.,https://m.media-amazon.com/images/I/61LIWENJTPL._AC_UL1000_.jpg,508.62
SEIKO Presage SSA411J1 Men's Silver Steel Watch,Rated 3.3/5 from 2 Amazon shopper reviews.,https://m.media-amazon.com/images/I/61Fh5nzeQdS._AC_UL1000_.jpg,507.00
Seiko Prospex Speedtimer Solar Chronograph Sports White Dial Watch SSC813P1,Rated 4.1/5 from 30 Amazon shopper reviews.,https://m.media-amazon.com/images/I/61OuohJl-2L._AC_UL1200_.jpg,506.25
Bulova Rubaiyat Diamond Two-Tone Yellow Gold Tone and Stainless Steel Watch | 35mm | 98R246,Rated 5/5 from 14 Amazon shopper reviews.,https://m.media-amazon.com/images/I/81iMNgvjkLL._AC_UL1500_.jpg,505.98
Bulova Men's 98A110 Mechanical Hand-Wind Automatic Silver White Dial Watch,Rated 3/5 from 4 Amazon shopper reviews.,https://m.media-amazon.com/images/I/712IOK+Ou9L._AC_UL1300_.jpg,504.99
Seiko SSA397 Presage Green Automatic Stainless Steel Watch,Rated 4.8/5 from 6 Amazon shopper reviews.,https://m.media-amazon.com/images/I/71SUKd6LygL._AC_UL1500_.jpg,503.00
Bulova Accu Swiss Ladies Diamond Watch 63R139,Rated 3.9/5 from 4 Amazon shopper reviews.,https://m.media-amazon.com/images/I/51+isMIP4zL._AC_.jpg,499.99
"Movado Museum, Stainless Steel Case, Blue Dial, Stainless Steel Bracelet, Men, 0607349",Rated 4.5/5 from 44 Amazon shopper reviews.,https://m.media-amazon.com/images/I/81YV4Cd3FZL._AC_UL1500_.jpg,499.99
Bulova Men's 98A160 Curv Analog Display Quartz Two Tone Watch,Rated 4.5/5 from 16 Amazon shopper reviews.,https://m.media-amazon.com/images/I/91cUnUtFBQL._AC_UL1500_.jpg,499.95
Seiko Prospex Mens Street Series Safari 'Mini Tuna' Automatic Diver's 200m Blue Watch SRPF81K1,Rated 4.5/5 from 2 Amazon shopper reviews.,https://m.media-amazon.com/images/I/71JEulQGnhS._AC_UL1500_.jpg,499.00
Bulova Men's 96B156 Precisionist Champlain Black carbon fiber Watch,Rated 3.9/5 from 60 Amazon shopper reviews.,https://m.media-amazon.com/images/I/8117zzpfxsL._AC_UL1500_.jpg,499.00
Salvatore Ferragamo Men's SFDK00218 Ferragamo 1898 Analog Display Quartz Blue Watch,Rated 4.6/5 from 25 Amazon shopper reviews.,https://m.media-amazon.com/images/I/71WxLYwqzJL._AC_UL1500_.jpg,498.00
Bulova Men's Latin Grammy Two-Tone Stainless Steel Automatic Watch 98A236,Rated 4.4/5 from 28 Amazon shopper reviews.,https://m.media-amazon.com/images/I/71xxOibJkvL._AC_UL1500_.jpg,493.18
"Bulova Grammy Quartz Mens Watch, Stainless Steel , Black (Model: 98B295)",Rated 4.7/5 from 24 Amazon shopper reviews.,https://m.media-amazon.com/images/I/81P6KOu-bIL._AC_UL1500_.jpg,490.99
Movado Series 800 Quartz Black Dial Pepsi Bezel Men's Watch 2600152,Rated 3.5/5 from 11 Amazon shopper reviews.,https://m.media-amazon.com/images/I/61IDih1QP3L._AC_UL1500_.jpg,490.18
Seiko Men's Stainless Steel watch #SHC051,Rated 4/5 from 2 Amazon shopper reviews.,https://m.media-amazon.com/images/I/81BkH2ODsrL._AC_UL1500_.jpg,490.00
Seiko Men's SNA143 Premier Chronograph Watch,Rated 4.7/5 from 4 Amazon shopper reviews.,https://m.media-amazon.com/images/I/514N1RWJA8L._AC_.jpg,490.00
Seiko Men's Watch SNA761,Rated 5/5 from 2 Amazon shopper reviews.,https://m.media-amazon.com/images/I/815SedxzOcL._AC_UL1500_.jpg,490.00
Bulova Men's 96G09 Chronograph Watch,Rated 3/5 from 8 Amazon shopper reviews.,https://m.media-amazon.com/images/I/41HSXCGJMBL._AC_.jpg,490.00
Seiko Men's SKXA33 Automatic Dive Watch,Rated 5/5 from 1 Amazon shopper reviews.,https://m.media-amazon.com/images/I/51TXMRY157L._AC_.jpg,490.00
Citizen Men's JR4034-02E Stars And Stripes Official Watch,Rated 3/5 from 2 Amazon shopper reviews.,https://m.media-amazon.com/images/I/41MZXSNWMYL._AC_.jpg,490.00
Seiko Men's SNAA64 Alarm Chronograph Two-Tone Watch,Rated 4/5 from 6 Amazon shopper reviews.,https://m.media-amazon.com/images/I/716cO5b0EJS._AC_UL1133_.jpg,490.00
Movado Women's 3600387 Analog Display Swiss Quartz Rose Gold Watch,Rated 4.8/5 from 10 Amazon shopper reviews.,https://m.media-amazon.com/images/I/5103oA8zalL._AC_UL1200_.jpg,489.00
Guess Men's Chronograph Quartz Watch with Leather Strap X44001G1,Rated 3.3/5 from 6 Amazon shopper reviews.,https://m.media-amazon.com/images/I/616ryZBkhYL._AC_UL1000_.jpg,489.00
"Movado Bold Evolution Women's Swiss Qtz Stainless Steel and Bracelet Casual Watch, Color: Blue (Model: 3600706)",Rated 3.4/5 from 7 Amazon shopper reviews.,https://m.media-amazon.com/images/I/81aUD37VszL._AC_UL1500_.jpg,485.00
Women's Museum Watch with Stainless Steel Strap,Rated 5/5 from 18 Amazon shopper reviews.,https://m.media-amazon.com/images/I/61V24acaFvL._AC_UL1222_.jpg,484.00
CITIZEN Watch PROMASTER CB5860-43A [(Eco-Drive Radio-Controlled Watch Sky Series Direct Flight Blue Impulse Limited Model],Rated 3.5/5 from 4 Amazon shopper reviews.,https://m.media-amazon.com/images/I/81qUbKgYxwS._AC_UL1500_.jpg,480.00
"Movado Men's BOLD Metals Watch with a Printed Index Dial, Blue (Model 3600296)",Rated 4.5/5 from 48 Amazon shopper reviews.,https://m.media-amazon.com/images/I/61-5O7vYGEL._AC_UL1273_.jpg,476.32
Bulova Men's Marine Star 'Series A' Automatic Watch with Orange Silicone Strap Style: 98A226,Rated 4.5/5 from 147 Amazon shopper reviews.,https://m.media-amazon.com/images/I/81qyQ8NRZqL._AC_UL1500_.jpg,476.00
Nixon Charger Chrono SW Black Dial Stainless Steel Men's Watch A1071SW224400,Rated 5/5 from 2 Amazon shopper reviews.,https://m.media-amazon.com/images/I/71+Fgpuf0uL._AC_UL1500_.jpg,475.00
Citizen Promaster Skyhawk A-T JY8079-76E Mens Silver Stainless Steel Bracelet Band Black Dial Watch,Rated 5/5 from 7 Amazon shopper reviews.,https://m.media-amazon.com/images/I/71esNck4JIL._AC_UL1200_.jpg,475.00
Citizen Women's EM0320-59D Citizen L Sunrise Diamond-Accented Stainless Steel Bracelet Watch,Rated 4.5/5 from 55 Amazon shopper reviews.,https://m.media-amazon.com/images/I/81UocnNQL2L._AC_UL1500_.jpg,475.00
"Citizen Men's Eco-Drive Sport Luxury PCAT Chronograph Watch, Perpetual Calendar",Rated 4.3/5 from 32 Amazon shopper reviews.,https://m.media-amazon.com/images/I/81jENWV+0KL._AC_UL1500_.jpg,475.00
"Bulova Rubaiyat Quartz Ladies Watch, Stainless Steel Diamond , Two-Tone (Model: 98R247)",Rated 4.2/5 from 31 Amazon shopper reviews.,https://m.media-amazon.com/images/I/81zXeHkix6L._AC_UL1500_.jpg,475.00
14K Yellow Gold Men's Nugget Ring - The Knight - Size 5,Rated 2.2/5 from 2 Amazon shopper reviews.,https://m.media-amazon.com/images/I/618ZsUWtbaL._AC_UL1024_.jpg,469.99
"Movado Bold Evolution Women's Quartz Stainless Steel and Bracelet Casual Watch, Color: Silver (Model: 3600698)",Rated 3.8/5 from 41 Amazon shopper reviews.,https://m.media-amazon.com/images/I/81OAFwAPEpL._AC_UL1500_.jpg,469.99
Bulova Mens Watch,Rated 4.3/5 from 52 Amazon shopper reviews.,https://m.media-amazon.com/images/I/81lfwbq0GML._AC_UL1500_.jpg,469.95
SEIKO Automatic Watch (Model: SRPD42J1),Rated 4.7/5 from 3 Amazon shopper reviews.,https://m.media-amazon.com/images/I/613FghZRJLS._AC_UL1102_.jpg,468.81
Movado Women's 3600335 Crystal-Accented Rose Gold-Tone Stainless Steel Watch,Rated 4.5/5 from 63 Amazon shopper reviews.,https://m.media-amazon.com/images/I/81fGab1li2L._AC_UL1500_.jpg,465.00
Oakley Men's Oo9174 Carbon Blade Rectangular Sunglasses,Rated 4.3/5 from 117 Amazon shopper reviews.,https://m.media-amazon.com/images/I/51Qu-T4bWZL._AC_UL1500_.jpg,463.00
Citizen Watches Men's Black Panther CA0297-52W,Rated 4.6/5 from 130 Amazon shopper reviews.,https://m.media-amazon.com/images/I/81a4LNDr76L._AC_UL1500_.jpg,460.00
SEIKO PRESAGE SARY209 Basic Line Style 60 ’s Mechanical Men's Watch Shipped from Japan June 2022 Model,Rated 4.5/5 from 5 Amazon shopper reviews.,https://m.media-amazon.com/images/I/51WyZ6okfXL._AC_.jpg,460.00
SEIKO SRPD27 Prospex Men's Watch Black 42.4mm Stainless Steel,Rated 4.1/5 from 93 Amazon shopper reviews.,https://m.media-amazon.com/images/I/61YE6ipN8lL._AC_UL1024_.jpg,459.24
SEIKO SRPE33 Prospex Men's Watch Silver-Tone 44mm Stainless Steel,Rated 4.5/5 from 92 Amazon shopper reviews.,https://m.media-amazon.com/images/I/61lFCBkCJiL._AC_UL1102_.jpg,458.00
SEIKO Prospex Street Sports Solar Diver's 200M Blue Dial with Silicone Band Watch SNE533P1,Rated 4.1/5 from 10 Amazon shopper reviews.,https://m.media-amazon.com/images/I/81r4vfxeezL._AC_UL1500_.jpg,454.68
"Citizen Men's Promaster Sea Automatic Polyurethane Strap Watch, 3- Hand Date and Date, Rotating Bezel, Anti-reflective Sapphire Crystal, Luminous Hands and Markers",Rated 4.8/5 from 20 Amazon shopper reviews.,https://m.media-amazon.com/images/I/8191admsriL._AC_UL1500_.jpg,451.25
Movado Heritage White Dial Ladies Watch 3650034,Rated 4.3/5 from 4 Amazon shopper reviews.,https://m.media-amazon.com/images/I/615le5GnLnL._AC_UL1000_.jpg,450.00
Seiko Men's SNA470 Le Grand Sport Alarm Chronograph Watch,Rated 5/5 from 5 Amazon shopper reviews.,https://m.media-amazon.com/images/I/41EJ2G82DWL._AC_.jpg,450.00
Seiko Women's SUT124 Analog Display Japanese Quartz Two Tone Watch,Rated 3.8/5 from 45 Amazon shopper reviews.,https://m.media-amazon.com/images/I/71axEOUxNgL._AC_UL1500_.jpg,450.00
Sieko Men's SNAE63 Stainless Steel Analog with Black Dial Watch,Rated 3.3/5 from 15 Amazon shopper reviews.,https://m.media-amazon.com/images/I/91d1hhe4lGL._AC_UL1500_.jpg,450.00
"Movado Bold Access Women's Swiss Quartz Watch with Stainless Steel Strap, Carnation, 16 (Model: 3600922)",Rated 4.3/5 from 16 Amazon shopper reviews.,https://m.media-amazon.com/images/I/71Bv-sDFoML._AC_UL1500_.jpg,449.99
Seiko Speedtimer Solar Chronograph Gold Dial Stainless Steel Mens Watch SSC817,Rated 3.4/5 from 3 Amazon shopper reviews.,https://m.media-amazon.com/images/I/61aD9fDATBL._AC_UL1280_.jpg,449.95
Bulova Men's 98B131 Marine Star Black Dial Bracelet Watch,Rated 3.8/5 from 68 Amazon shopper reviews.,https://m.media-amazon.com/images/I/81NbOXdO36L._AC_UL1500_.jpg,449.90
Bulova Men's Sutton Chronograph Automatic Gold-Tone Watch | 97A162,Rated 4.3/5 from 57 Amazon shopper reviews.,https://m.media-amazon.com/images/I/81Heov7relL._AC_UL1500_.jpg,449.44
"Citizen Women's Eco-Drive Dress Classic Arezzo Diamond Watch, 3-Hand and Sapphire Crystal",Rated 4.8/5 from 5 Amazon shopper reviews.,https://m.media-amazon.com/images/I/615z5zV4eeL._AC_UL1000_.jpg,449.42
Nixon A083-1922 Mens 51-30 Silver Steel Bracelet Chrono Watch,Rated 4.9/5 from 9 Amazon shopper reviews.,https://m.media-amazon.com/images/I/71pVFxRcdlL._AC_UL1184_.jpg,449.00
Movado Women's 0606619 Movado Lx White Mother-Of-Pearl Dial Watch,Rated 5/5 from 2 Amazon shopper reviews.,https://m.media-amazon.com/images/I/81RV3-lqanL._AC_UL1500_.jpg,449.00
SEIKO Prospex Black Dial Men's Watch SNE545P1,Rated 4.3/5 from 9 Amazon shopper reviews.,https://m.media-amazon.com/images/I/81goEJC5c9L._AC_UL1500_.jpg,449.00
SEIKO Automatic Watch (Model: SSA395J1),Rated 4.5/5 from 14 Amazon shopper reviews.,https://m.media-amazon.com/images/I/61sIu+2IXUS._AC_UL1280_.jpg,449.00
"SEIKO Men's COUTURA Stainless Steel Japanese-Quartz Watch with Stainless-Steel Strap, Silver, 26.3 (Model: SSG009)",Rated 4.6/5 from 581 Amazon shopper reviews.,https://m.media-amazon.com/images/I/91AQzIW3IEL._AC_UL1500_.jpg,448.92
"Bulova Men's Series X High Precision Quartz Chronograph Watch, Sapphire Crystal, Continous Sweeping Secondhand",Rated 4.6/5 from 78 Amazon shopper reviews.,https://m.media-amazon.com/images/I/71mCGh3y6zL._AC_UL1500_.jpg,446.43
"Bulova Ladies' Latin GRAMMY Black Ion-Plated and Rose Gold with Sub Sweep Second Hand Quartz Watch, Sapphire Crystal Style: 98L240",Rated 4.9/5 from 28 Amazon shopper reviews.,https://m.media-amazon.com/images/I/81X4GSR25CL._AC_UL1500_.jpg,445.00
"Movado Men's Swiss Quartz Stainless Steel Watch, Color: Silver-Toned (Model: 0607042)",Rated 4.5/5 from 32 Amazon shopper reviews.,https://m.media-amazon.com/images/I/81ZF-Ecx+FL._AC_UL1500_.jpg,444.99
"Movado Bold Evolution Women's Swiss Quartz Stainless Steel and Mesh Bracelet Casual Watch, Color: Blue (Model: 3600675), Light Blue Ion-Plated",Rated 4.6/5 from 56 Amazon shopper reviews.,https://m.media-amazon.com/images/I/81Nd-WB9d0L._AC_UL1500_.jpg,444.99
"Movado Men's BOLD Metals Yellow Gold Watch with a Printed Index Dial, Gold (Model 3600258)",Rated 4.6/5 from 116 Amazon shopper reviews.,https://m.media-amazon.com/images/I/719jjsSbs4L._AC_UL1500_.jpg,444.94
Seiko SNQ126 Mens Premier Perpetual Calendar Rose Gold Tone Case White Dial Brown Leather Strap Date Display Watch,Rated 4/5 from 6 Amazon shopper reviews.,https://m.media-amazon.com/images/I/71MmVbLcUEL._AC_UL1500_.jpg,443.00
Seiko 5 Sports #SRP677J2 Men's Japan Resin Band Blue Dial 100M Automatic Watch,Rated 4/5 from 12 Amazon shopper reviews.,https://m.media-amazon.com/images/I/71NI83IdOGL._AC_UL1258_.jpg,440.00
Nugget Rings Men's 10k Gold The Rock (9.25),Rated 5/5 from 1 Amazon shopper reviews.,https://m.media-amazon.com/images/I/61rzHLn9gVL._AC_UL1280_.jpg,439.99
Citizen Nighthawk Eco-Drive Men's Watch,Rated 4.1/5 from 77 Amazon shopper reviews.,https://m.media-amazon.com/images/I/81bIGaSRKNL._AC_UL1499_.jpg,439.99
Movado Women's 3600327 Stainless Steel Watch,Rated 4.6/5 from 48 Amazon shopper reviews.,https://m.media-amazon.com/images/I/61geCLZOHHL._AC_UL1500_.jpg,439.99
SEIKO PROSPEX SBDY115 [PROSPEX Diver Scuba Mechanical Save The Ocean Special Edition] Mens' Watch Shipped from Japan Feb 2022 Released,Rated 4.4/5 from 23 Amazon shopper reviews.,https://m.media-amazon.com/images/I/81YNbmCKb8L._AC_UL1500_.jpg,439.60
Seiko Men's Black Dial Silicone Band Solar Quartz Watch,Rated 5/5 from 3 Amazon shopper reviews.,https://m.media-amazon.com/images/I/51-0Zc0zgqL._AC_UL1000_.jpg,438.00
Seiko Prospex Special Edition SRPF79 Blue Silicone Automatic Diver's Watch,Rated 4.5/5 from 118 Amazon shopper reviews.,https://m.media-amazon.com/images/I/61ZaWNf+BbL._AC_UL1102_.jpg,437.98
"Bulova Men's Classic Diamond 6-Hand Chronograph Quartz Watch, Calendar Date, Luminous Markers, 100M Water Resistant, 44mm",Rated 4.6/5 from 285 Amazon shopper reviews.,https://m.media-amazon.com/images/I/71J6eNXSayL._AC_UL1500_.jpg,436.90
"Movado Bold Evolution Women's Quartz Stainless Steel and Bracelet Casual Watch, Color: Silver (Model: 3600647)",Rated 4.3/5 from 32 Amazon shopper reviews.,https://m.media-amazon.com/images/I/71wgt6XTrbL._AC_UL1500_.jpg,435.98
Seiko Prospex SRPD11 Special Edition Black Ion-Plated Steel Automatic Divers Watch,Rated 4.5/5 from 36 Amazon shopper reviews.,https://m.media-amazon.com/images/I/71zL5HZv75L._AC_UL1500_.jpg,431.98
"Movado Heritage, Ionic Gold Plated Steel Case, Black Dial, Gold Steel Mesh Bracelet, Men, 3650098",Rated 3.7/5 from 4 Amazon shopper reviews.,https://m.media-amazon.com/images/I/41Py0CA6YjL._AC_.jpg,431.18
"Citizen Men's Eco-Drive Weekender Sport Casual Brycen Chronograph Watch in Super Titanium, Green Dial (Model: BL5550-50X)",Rated 4.5/5 from 686 Amazon shopper reviews.,https://m.media-amazon.com/images/I/81xR1tI095L._AC_UL1500_.jpg,430.00
Bulova Men's Phantom Crystal Watch,Rated 4.7/5 from 62 Amazon shopper reviews.,https://m.media-amazon.com/images/I/712Q-iWDTsL._AC_UL1500_.jpg,429.37
Movado Heritage Chronograph Ladies Watch 3650027,Rated 4.4/5 from 10 Amazon shopper reviews.,https://m.media-amazon.com/images/I/61s4KInwNNL._AC_UL1200_.jpg,425.00
"Citizen Women's Eco-Drive Disney Princess Belle Crystal Watch and Pin Gift Set in Gold tone Stainless Steel, Beauty and The Beast Mother of Pearl Dial (Model: FE7048-51D)",Rated 4.6/5 from 17 Amazon shopper reviews.,https://m.media-amazon.com/images/I/81RtM3MKR8L._AC_UL1500_.jpg,425.00
Seiko presage Mens Analog Automatic Watch with Leather Bracelet SRPD37J1,Rated 4.5/5 from 97 Amazon shopper reviews.,https://m.media-amazon.com/images/I/61N72k5YYDL._AC_UL1021_.jpg,420.00
Seiko Men's SNT001 Le Grand Sport Retrograde Watch,Rated 4/5 from 11 Amazon shopper reviews.,https://m.media-amazon.com/images/I/71Mk9c619QS._AC_UL1300_.jpg,420.00
Bulova Men's 97B63 Chronograph Watch,Rated 5/5 from 4 Amazon shopper reviews.,https://m.media-amazon.com/images/I/51NGJ74XNSL._AC_.jpg,420.00
Citizen Eco-Drive Large Stiletto Black Ion-Plated Watch AR3107-57E,Rated 3.9/5 from 18 Amazon shopper reviews.,https://m.media-amazon.com/images/I/61LCLPZGpaL._AC_UL1500_.jpg,420.00
Daniel Wellington Iconic Watch Silver Stainless Steel (316L),Rated 5/5 from 1 Amazon shopper reviews.,https://m.media-amazon.com/images/I/51VvWL33glL._AC_UL1500_.jpg,419.00
Movado Museum Blue Dial Black Leather Strap Men's Swiss Watch,Rated 4/5 from 20 Amazon shopper reviews.,https://m.media-amazon.com/images/I/51h8SQUIeTL._AC_UL1056_.jpg,418.95
Movado Men's 3600257 Analog Display Quartz Silver Watch,Rated 4.7/5 from 143 Amazon shopper reviews.,https://m.media-amazon.com/images/I/913XthpANoL._AC_UL1500_.jpg,414.99
SEIKO PROSPEX Mini Turtle Diver Scuba Mechanical Self-Winding Net Distribution Limited Model Watch Men's SBDY085,Rated 4.8/5 from 21 Amazon shopper reviews.,https://m.media-amazon.com/images/I/41ciEfQHGZL._AC_.jpg,413.59
SEIKO SRPH77 Prospex Men's Watch Blue 43.2mm Stainless Steel,Rated 4.9/5 from 16 Amazon shopper reviews.,https://m.media-amazon.com/images/I/81LRjxh33PL._AC_UL1500_.jpg,412.50
"Bulova Men's Modern Two-Tone Stainless Steel Multi-Function Quartz Watch, Blue Dial with Diamonds Style: 98D180",Rated 4.2/5 from 15 Amazon shopper reviews.,https://m.media-amazon.com/images/I/71JfDjb3Y5L._AC_UL1500_.jpg,412.50
CITIZEN PROMASTER Eco-Drive Men's Radio-Controlled Wrist Watch PMD56-2951 (Japan Imported),Rated 4.4/5 from 237 Amazon shopper reviews.,https://m.media-amazon.com/images/I/61LsYt7D+XL._AC_UL1500_.jpg,410.00
Bulova Men's Precisionist Diamond Gold-Tone Stainless Steel Watch 98D156,Rated 4.5/5 from 40 Amazon shopper reviews.,https://m.media-amazon.com/images/I/71Ws-9d4xAL._AC_UL1459_.jpg,409.80
Bulova Men's 96A185 Curv Collection Analog Display Analog Quartz Silver Watch,Rated 4.5/5 from 29 Amazon shopper reviews.,https://m.media-amazon.com/images/I/91kypLjHAXL._AC_UL1500_.jpg,406.80
Seiko Men's Japanese Mechanical Automatic Watch,Rated 4.5/5 from 961 Amazon shopper reviews.,https://m.media-amazon.com/images/I/715KXySTvfS._AC_UL1500_.jpg,401.33
Nixon 51-30 Chrono. 100m Water Resistant Men’s Watch (XL 51mm Watch Face/ 25mm Stainless Steel Band),Rated 4.6/5 from 912 Amazon shopper reviews.,https://m.media-amazon.com/images/I/71MV8Ou4yNL._AC_UL1282_.jpg,400.00
Nugget Rings Men's Gold The King Solid Gold (10K) (10),Rated 4.6/5 from 2 Amazon shopper reviews.,https://m.media-amazon.com/images/I/61qr7-1KuUL._AC_UL1024_.jpg,399.99
Men's Gold Nugget Rings - The Rock Solid Gold Nugget Ring(10K) (13),Rated 4.7/5 from 2 Amazon shopper reviews.,https://m.media-amazon.com/images/I/61Q9-GS1TVL._AC_UL1000_.jpg,399.99
Nugget Rings Men's Gold The King Solid Gold (10K) (6),Rated 5/5 from 2 Amazon shopper reviews.,https://m.media-amazon.com/images/I/61qr7-1KuUL._AC_UL1024_.jpg,399.99
Men's Gold Nugget Rings - The Rock Solid Gold Nugget Ring(10K) (6),Rated 5/5 from 1 Amazon shopper reviews.,https://m.media-amazon.com/images/I/61Q9-GS1TVL._AC_UL1000_.jpg,399.99
Certified Men's 10k White Gold Designer's Nugget Band Ring (Size 10),Rated 5/5 from 1 Amazon shopper reviews.,https://m.media-amazon.com/images/I/51NeY1au7vL._AC_UL1280_.jpg,399.99
Bulova Women's 96R000 Diamond Accented Chronograph Watch,Rated 4/5 from 168 Amazon shopper reviews.,https://m.media-amazon.com/images/I/81S-VK5gZQL._AC_UL1500_.jpg,399.99
Nugget Rings Men's 14k Gold The Stoic (6.25),Rated 5/5 from 1 Amazon shopper reviews.,https://m.media-amazon.com/images/I/71+nJlSQCQL._AC_UL1090_.jpg,399.99
Bulova Men's 98A128 Self-Winding Mechanical Watch,Rated 4.4/5 from 40 Amazon shopper reviews.,https://m.media-amazon.com/images/I/91aQknta7AL._AC_UL1500_.jpg,399.99
Bulova Mens Chronograph Quartz Watch with Silicone Strap 96B287,Rated 4.1/5 from 10 Amazon shopper reviews.,https://m.media-amazon.com/images/I/71CCkaLZrpL._AC_UL1500_.jpg,399.99
Nugget Rings Men's 14k Gold The Stoic (6.5),Rated 4/5 from 1 Amazon shopper reviews.,https://m.media-amazon.com/images/I/71+nJlSQCQL._AC_UL1090_.jpg,399.99
Nixon Men's 48-20 Geo Volt Stainless Steel Chronograph Watch,Rated 4.3/5 from 169 Amazon shopper reviews.,https://m.media-amazon.com/images/I/818E7tp78fL._AC_UL1500_.jpg,399.95
"Movado Men's Esperanza Stainless Steel Watch with a Concave Dot Museum Dial, Silver/Black (607057)",Rated 4.2/5 from 17 Amazon shopper reviews.,https://m.media-amazon.com/images/I/71H5RylxnhL._AC_UL1500_.jpg,399.00
"Movado Bold Fusion Men's Quartz Stainless Steel and Silicone Strap Casual Watch, Color: Blue (Model: 3600713)",Rated 3.6/5 from 16 Amazon shopper reviews.,https://m.media-amazon.com/images/I/81gCJO0s9jL._AC_UL1500_.jpg,399.00
Nixon A486-1922 Mens 48-20 Chrono Gold Blue Sunray Watch,Rated 4.6/5 from 5 Amazon shopper reviews.,https://m.media-amazon.com/images/I/81xrTFrosTL._AC_UL1500_.jpg,399.00
"Movado Men's Swiss Quartz Stainless Steel Watch, Color: Silver-Toned (Model: 0607041)",Rated 4.5/5 from 24 Amazon shopper reviews.,https://m.media-amazon.com/images/I/8103RMuTqQL._AC_UL1500_.jpg,396.92
Bulova Men's 98A149 Analog Display Quartz Two Tone Watch,Rated 4.7/5 from 25 Amazon shopper reviews.,https://m.media-amazon.com/images/I/81XeqFxVRbL._AC_UL1500_.jpg,396.45
Hugo Boss Mens Onyx Analog Casual Quartz Watch (Imported) 1513366,Rated 5/5 from 1 Amazon shopper reviews.,https://m.media-amazon.com/images/I/71T-J0BbC0L._AC_UL1200_.jpg,395.00
SEIKO PROSPEX Turtle Diver Special Edition Automatic Men's Watch SRPG19,Rated 4.4/5 from 25 Amazon shopper reviews.,https://m.media-amazon.com/images/I/61akF3aAU0L._AC_UL1000_.jpg,395.00
Bulova Women's 96R104 Windemere Watch,Rated 4/5 from 5 Amazon shopper reviews.,https://m.media-amazon.com/images/I/41NpBNrDZvL._AC_.jpg,395.00
"Bulova Men's Modern Millenia 3-Hand Quartz Watch, Edge-to-Edge Crystal with Diamonds",Rated 4.5/5 from 60 Amazon shopper reviews.,https://m.media-amazon.com/images/I/711XFbHEMCL._AC_UL1500_.jpg,394.02
Citizen Watches Corso BM7495-59G,Rated 4.5/5 from 15 Amazon shopper reviews.,https://m.media-amazon.com/images/I/71n1hIWuBfL._AC_UL1500_.jpg,393.75
SEIKO PROSPEX Solar Diver's Blue and Red Bezel Stainless Steel Watch SNE591,Rated 4.9/5 from 24 Amazon shopper reviews.,https://m.media-amazon.com/images/I/71T907I06WL._AC_UL1500_.jpg,390.80
"Bulova Men's Crystal Phantom 3-Hand Date Quartz Cushion Shaped Case Watch, Pave Crystal Dial, 40mm",Rated 4.6/5 from 357 Amazon shopper reviews.,https://m.media-amazon.com/images/I/91wztMCD6cL._AC_UL1500_.jpg,390.04
Bulova Men's 96G41 Watch,Rated 5/5 from 1 Amazon shopper reviews.,https://m.media-amazon.com/images/I/41d5jN3orIL._AC_.jpg,390.00
SEIKO SBDJ051 [PROSPEX Diver Scuba Solar] Watch Shipped from Japan July 2022 Model,Rated 4.6/5 from 39 Amazon shopper reviews.,https://m.media-amazon.com/images/I/51DQMRMm1mL._AC_.jpg,390.00
Bulova Men's Crystal Accented Gift Set with 3-Hand Date Quartz Watch and ID Bracelet,Rated 4.4/5 from 51 Amazon shopper reviews.,https://m.media-amazon.com/images/I/71XWxydtBdL._AC_UL1500_.jpg,390.00
Movado Women's 3600103 Bold Gunmetal-Tone Bracelet Watch with Swarovski Crystals,Rated 4.6/5 from 101 Amazon shopper reviews.,https://m.media-amazon.com/images/I/81yFr3JBJWL._AC_UL1500_.jpg,387.03
Citizen Jolie Eco-Drive Mother of Pearl Dial Ladies Watch,Rated 4.7/5 from 50 Amazon shopper reviews.,https://m.media-amazon.com/images/I/61w8qrJjbML._AC_UL1000_.jpg,385.00
SEIKO SRPE99 Prospex Men's Watch Silver-Tone 45mm Stainless Steel,Rated 4.5/5 from 115 Amazon shopper reviews.,https://m.media-amazon.com/images/I/618oY0QG4lL._AC_UL1102_.jpg,385.00
Coutura Men's Solar Diamond Dial Watch,Rated 4.7/5 from 162 Amazon shopper reviews.,https://m.media-amazon.com/images/I/81TPHqUMJoL._AC_UL1500_.jpg,384.99
SEIKO SRPD37 Presage Men's Watch Brown 40.5mm Stainless Steel,Rated 4/5 from 3 Amazon shopper reviews.,https://m.media-amazon.com/images/I/71KS14liITL._AC_UL1500_.jpg,382.50
"Citizen Eco-Drive Paradigm Men's Watch, Super Titanium, Modern,",Rated 4.5/5 from 298 Amazon shopper reviews.,https://m.media-amazon.com/images/I/71p+EaRFcwL._AC_UL1500_.jpg,380.00
Fossil Men's Quinn Leather Bifold Wallet,Rated 4.6/5 from 62 Amazon shopper reviews.,https://m.media-amazon.com/images/I/61e-lZjKl8L._AC_UL1001_.jpg,380.00
"Bulova Men's Classic Wilton 26-Jewel Automatic Leather Strap Watch, 40 Hour Power Reserve, Domed Sapphire Crystal, Exhibition Case Back, Luminous Hands, 43mm",Rated 4.6/5 from 310 Amazon shopper reviews.,https://m.media-amazon.com/images/I/81iyDFrZWHL._AC_UL1500_.jpg,379.99
Movado Men's 0606502 Museum Stainless Steel Watch with Black Leather Band,Rated 4.4/5 from 198 Amazon shopper reviews.,https://m.media-amazon.com/images/I/91-Qm9HhCBL._AC_UL1500_.jpg,379.99
Movado Museum Classic Black Dial Black Leather Men's Watch 0607194,Rated 4.3/5 from 30 Amazon shopper reviews.,https://m.media-amazon.com/images/I/715Q13oL9SS._AC_UL1500_.jpg,379.99
"Movado Men's Museum Gunmetal Watch with a Concave Dot Museum Dial, Black/Brown (Model 607224)",Rated 4.7/5 from 23 Amazon shopper reviews.,https://m.media-amazon.com/images/I/81EU3qhvz0L._AC_UL1500_.jpg,379.99
SEIKO Men's SNAE37 Diver's Stainless Steel Black Chronograph Dial Watch,Rated 2.3/5 from 6 Amazon shopper reviews.,https://m.media-amazon.com/images/I/710pquk4L5L._AC_UL1000_.jpg,379.00
Men's Quadro Watch,Rated 5/5 from 9 Amazon shopper reviews.,https://m.media-amazon.com/images/I/510BN9QcsiL._AC_UL1000_.jpg,379.00
Seiko Men's SSC381 RECRAFT Solar Chrono Analog Display Japanese Quartz Silver Watch,Rated 4.7/5 from 3 Amazon shopper reviews.,https://m.media-amazon.com/images/I/91lGyrKsm3L._AC_UL1500_.jpg,375.00
"Bulova Ladies' Marine Star 'Series L' 3-Hand Day Date Quartz Diamond Watch, Sapphire Crystal, 100M Water Resistant, Mother-of-Pearl Dial, 34mm",Rated 4.6/5 from 315 Amazon shopper reviews.,https://m.media-amazon.com/images/I/81MStbu3sjS._AC_UL1500_.jpg,375.00
TW Steel Men's CB141 Analog Display Quartz Two Tone Watch,Rated 3.2/5 from 13 Amazon shopper reviews.,https://m.media-amazon.com/images/I/91+1spsHgHL._AC_UL1500_.jpg,374.99
SEIKO PROSPEX SBDN069 [Prospex Diver Scuba Men's Metal Band] Watch Shipped from Japan,Rated 4.5/5 from 19 Amazon shopper reviews.,https://m.media-amazon.com/images/I/81jAZPaA36S._AC_UL1500_.jpg,372.00
SEIKO PROSPEX SBDY105 [Diver SCUBASave The Ocean Special Edition Men's Metal Band] Watch Japan Domestic,Rated 4/5 from 18 Amazon shopper reviews.,https://m.media-amazon.com/images/I/81lpLLCrVLS._AC_UL1500_.jpg,371.44
"Bulova Men's Classic Sutton 4-Hand Automatic Watch, 24-Hour Sub Dial, Open Aperture, Self-Winding, Exhibition Caseback, Double Curved Mineral Crystal, Luminous Hands, 42mm","Rated 4.5/5 from 1,628 Amazon shopper reviews.",https://m.media-amazon.com/images/I/71mHeh9MG0L._AC_UL1500_.jpg,371.25
"Citizen Men's Promaster Sailhawk Eco-Drive Watch, Yacht Racing Timer, Chronograph, Polyurethane Strap, Dual-Time, Analog/ Digital Times, Luminous Hands and Markers",Rated 4.2/5 from 424 Amazon shopper reviews.,https://m.media-amazon.com/images/I/81mtlqa5jDL._AC_UL1500_.jpg,371.25
Seiko BRIGHTZ Watch Solar Radio fix SAGZ079 Men,Rated 4.4/5 from 49 Amazon shopper reviews.,https://m.media-amazon.com/images/I/71Pqy1smpkL._AC_UL1500_.jpg,371.00
Movado Bold Luxe Silver Crystal Pave Dial Ladies Watch 3600658,Rated 4.6/5 from 15 Amazon shopper reviews.,https://m.media-amazon.com/images/I/71fR0pzrm-L._AC_UL1500_.jpg,369.00
"Bulova Ladies' Crystal Phantom Stainless Steel 3-Hand Quartz Watch, 110 Baguette Crystals Style: 96L278",Rated 4.5/5 from 67 Amazon shopper reviews.,https://m.media-amazon.com/images/I/71gQEm5DI1L._AC_UL1500_.jpg,368.99
SEIKO SRPG13 Prospex Men's Watch Green 42.4mm Stainless Steel,Rated 4.5/5 from 67 Amazon shopper reviews.,https://m.media-amazon.com/images/I/61nFgeBNPbL._AC_UL1102_.jpg,367.00
Seiko Presage Automatic Red Dial Men's Watch SRPE41J1,Rated 4.6/5 from 15 Amazon shopper reviews.,https://m.media-amazon.com/images/I/31i5Vieg4zL._AC_.jpg,365.00
"Citizen Men's Eco-Drive Weekender Nighthawk Chronograph Watch in Black IP Stainless Steel, Camo Dial (Model: CA0805-53X)",Rated 4.4/5 from 14 Amazon shopper reviews.,https://m.media-amazon.com/images/I/61yV+nz7KiL._AC_UL1000_.jpg,365.00
"Bulova Men's Classic Gold Tone Stainless Steel 3-Hand Date Quartz Watch, Diamond Dial Style: 97F52",Rated 4.6/5 from 183 Amazon shopper reviews.,https://m.media-amazon.com/images/I/61BCnEty+KL._AC_UL1194_.jpg,361.25
"Movado Bold Thin Men's Swiss Qtz Stainless Steel and Mesh Bracelet Casual Watch, Color: Grey (Model: 3600599)",Rated 4.7/5 from 51 Amazon shopper reviews.,https://m.media-amazon.com/images/I/71Os1t+dfhS._AC_UL1500_.jpg,360.78
"Bulova Men's Classic Surveyor 3-Hand Automatic Watch, Hack Feature, Luminous Hand, Open Aperture, Screw-Back Case, 42mm",Rated 4.3/5 from 14 Amazon shopper reviews.,https://m.media-amazon.com/images/I/71sEZ30ezIL._AC_UL1500_.jpg,360.03
Bulova Men's 96B99 Chronograph Marine Star Watch,Rated 4.5/5 from 2 Amazon shopper reviews.,https://m.media-amazon.com/images/I/41BGK8CVWkL._AC_.jpg,360.00
Certified 10k Yellow Gold CZ Popcorn Nugget 13.6mm Solitaire Ring (Size 5.75),Rated 5/5 from 1 Amazon shopper reviews.,https://m.media-amazon.com/images/I/61UghvPnYEL._AC_UL1280_.jpg,359.99
"Citizen Eco-Drive Promaster MX Sport Men's Watch, Stainless Steel",Rated 3.9/5 from 18 Amazon shopper reviews.,https://m.media-amazon.com/images/I/81-Ub9IlcoL._AC_UL1500_.jpg,359.90
Michael Kors Jet Set Travel Passport Wallet Case (Signature MK Bright White),Rated 1/5 from 2 Amazon shopper reviews.,https://m.media-amazon.com/images/I/71hphjaZBzL._AC_SL1300_.jpg,358.00
Bulova Men's 3-Hand Quartz Watch with Diamond Dial and Edge to Edge Crystal,Rated 4.6/5 from 603 Amazon shopper reviews.,https://m.media-amazon.com/images/I/71igeKqALML._AC_UL1500_.jpg,356.25
Citizen Watches L EW5554-58D Gold Tone One Size,Rated 4.7/5 from 13 Amazon shopper reviews.,https://m.media-amazon.com/images/I/61Yscu7Uu-L._AC_UL1200_.jpg,356.25
"Movado Men's BOLD TR90 Watch with Sunray Dot and Leather Strap, Black/Blue (Model 3600307)",Rated 4.2/5 from 97 Amazon shopper reviews.,https://m.media-amazon.com/images/I/71XlwYbyyuL._AC_UL1500_.jpg,352.71
"Citizen Men's Classic Calendrier Eco-Drive Watch, Moonphase Indicator, Month, Day and Date",Rated 4.4/5 from 103 Amazon shopper reviews.,https://m.media-amazon.com/images/I/71ccnII3NPL._AC_UL1500_.jpg,351.95
Citizen Eco-Drive Women's EW1934-59A Stainless Steel Two-Tone Watch with Diamonds,Rated 4.8/5 from 16 Amazon shopper reviews.,https://m.media-amazon.com/images/I/71aXMJ6hGML._AC_UL1500_.jpg,350.00
Nixon Men's A937001 Patriot Analog Display Swiss Quartz Black Watch,Rated 3.6/5 from 5 Amazon shopper reviews.,https://m.media-amazon.com/images/I/917me-LWHsL._AC_UL1500_.jpg,350.00
Seiko 5 Sports Automatic Blue Dial Stainless Steel 100M Mens Watch SRP677,Rated 3.5/5 from 8 Amazon shopper reviews.,https://m.media-amazon.com/images/I/615sUFdN2wL._AC_UL1500_.jpg,350.00
Bulova Women's 96P125 Precisionist Brightwater Mother of Pearl Watch,Rated 4.2/5 from 37 Amazon shopper reviews.,https://m.media-amazon.com/images/I/81bBmGWwGOL._AC_UL1500_.jpg,349.99
Bulova Women's 96R153 Precisionist Brightwater Swirl pattern Watch,Rated 4/5 from 29 Amazon shopper reviews.,https://m.media-amazon.com/images/I/81-NCCR2S0L._AC_UL1500_.jpg,349.99
Bulova Men's Latin Grammy Black IP and Rose Tone Multi-Function Quartz Watch Style: 98A188,Rated 4.7/5 from 60 Amazon shopper reviews.,https://m.media-amazon.com/images/I/71NRfLPM7BL._AC_UL1500_.jpg,349.99
Bulova Ladies Curv Diamond Quartz Rubber Strap Watch,Rated 4.3/5 from 45 Amazon shopper reviews.,https://m.media-amazon.com/images/I/71gDmmgYlfL._AC_UL1500_.jpg,349.97
SEIKO Mens Green Dial Silver Band Stainless Steel Automatic Watch - SRPH15,Rated 3.9/5 from 11 Amazon shopper reviews.,https://m.media-amazon.com/images/I/61vCPlLO5FL._AC_UL1102_.jpg,349.95
Seiko Presage SPRE43 Navy Blue Leather Automatic Mens Watch,Rated 4.5/5 from 45 Amazon shopper reviews.,https://m.media-amazon.com/images/I/51Z4hoxgPnL._AC_UL1000_.jpg,349.95
CITIZEN Watch PROMASTER BN0227-09L [Eco Drive Marine Series Diver 200m] Watch Shipped from Japan,Rated 4/5 from 5 Amazon shopper reviews.,https://m.media-amazon.com/images/I/71YMNqZAXFS._AC_UL1500_.jpg,349.00
Movado Bold Quartz White Dial Ladies Watch 3600660,Rated 4.9/5 from 20 Amazon shopper reviews.,https://m.media-amazon.com/images/I/61vbGABwyUL._AC_UL1000_.jpg,349.00
"SEIKO SSK001 5 Sports Men's Watch Silver-Tone 42.5mm Stainless Steel, Black",Rated 4.5/5 from 55 Amazon shopper reviews.,https://m.media-amazon.com/images/I/71YDpkPQk5L._AC_UL1500_.jpg,349.00
"Movado Bold, Stainless Steel Case, Blue Dial, Stainless Steel Bracelet, Women, 3600436",Rated 4.6/5 from 60 Amazon shopper reviews.,https://m.media-amazon.com/images/I/718QZZq3TWL._AC_UL1500_.jpg,348.99
"Guess Women's Watches, X74111L1S",Rated 3.9/5 from 6 Amazon shopper reviews.,https://m.media-amazon.com/images/I/61as-6Yo7BL._AC_UL1024_.jpg,348.98
Bulova Ladies Rubaiyat Diamond Dial Stainless Steel Watch,Rated 4.2/5 from 90 Amazon shopper reviews.,https://m.media-amazon.com/images/I/71KfJdTkWWL._AC_UL1500_.jpg,348.28
Bulova Latin Grammy Gemini Quartz Rose Gold Stainless Steel Accent with Curved Mineral Crystal and Black Silicone Strap Watch,Rated 4.3/5 from 51 Amazon shopper reviews.,https://m.media-amazon.com/images/I/71vl27yPUjL._AC_UL1500_.jpg,346.50
"Movado Men's BOLD Thin Yellow Gold Chronograph Watch with a Printed Index Dial, Gold (Model 3600372)",Rated 4.3/5 from 48 Amazon shopper reviews.,https://m.media-amazon.com/images/I/71TgR2OunDL._AC_UL1000_.jpg,346.05
SEIKO skz211 5 Sports Automatic Atlas Diver Yellow Hands Black Dial Watch,Rated 3.3/5 from 4 Amazon shopper reviews.,https://m.media-amazon.com/images/I/51ECSYVNJHL._AC_.jpg,345.48
SEIKO SRPD76 5 Sports Men's Watch Black 42.5mm Stainless Steel,Rated 4.5/5 from 10 Amazon shopper reviews.,https://m.media-amazon.com/images/I/51iRpZtHn+L._AC_UL1000_.jpg,345.00
Bulova Women's 98R152 Precisionist Brightwater Leather strap Watch,Rated 4.7/5 from 14 Amazon shopper reviews.,https://m.media-amazon.com/images/I/71WZxzUI20L._AC_UL1500_.jpg,344.99
"Movado Men's Signature Yellow Gold Watch with Concave Dot Museum Dial, Gold/Black Strap (Model 0607591)",Rated 4.6/5 from 12 Amazon shopper reviews.,https://m.media-amazon.com/images/I/310-gAGEOzL._AC_.jpg,344.04
Citizen Mens Analogue Quartz Watch with Titanium Strap BN0200-81E,Rated 4.6/5 from 222 Amazon shopper reviews.,https://m.media-amazon.com/images/I/61QEOqKrWxL._AC_UL1000_.jpg,342.33
DKNY Women's 'Parsons' Quartz Stainless Steel Casual Watch (Model: NY2452),Rated 4.7/5 from 2 Amazon shopper reviews.,https://m.media-amazon.com/images/I/91WDybWuNdL._AC_UL1500_.jpg,342.00
"Citizen Men's Classic Calendrier Eco-Drive Watch, 12/24 Hour Time, 3-Hand Day and Date, Anti-Reflective Mineral Crystal, Luminous Hands","Rated 4.6/5 from 1,123 Amazon shopper reviews.",https://m.media-amazon.com/images/I/81GhgwA4GkL._AC_UL1500_.jpg,341.25
"Citizen Men's Eco-Drive Star Wars R2-D2 Chronograph Stainless Steel Watch with Cordura Strap, Silver Dial (Model: CA4219-03W)",Rated 4.7/5 from 4 Amazon shopper reviews.,https://m.media-amazon.com/images/I/81TnoaAjTzL._AC_UL1500_.jpg,340.00
Ray-Ban Rb8305m Scuderia Ferrari Collection Square Sunglasses,Rated 4.4/5 from 87 Amazon shopper reviews.,https://m.media-amazon.com/images/I/41YX+ts7M2L._AC_UL1500_.jpg,340.00
"Citizen Men's Eco-Drive Marvel Spider Man Watch and Pin Gift Set in Stainless Steel with Blue Polyurethane Strap, Spider Man 60th Anniversary Blue Webbed Dial (Model: AW2050-49W)",Rated 5/5 from 2 Amazon shopper reviews.,https://m.media-amazon.com/images/I/61qywHTMDAL._AC_UL1000_.jpg,340.00
Michael Kors Women's Whitley Two-Tone Watch MK6228,Rated 3.5/5 from 7 Amazon shopper reviews.,https://m.media-amazon.com/images/I/91tuNt4rK+L._AC_UL1500_.jpg,339.99
Movado Men's Museum Watch Swiss Quartz Sapphire Crystal 606367,Rated 4.5/5 from 47 Amazon shopper reviews.,https://m.media-amazon.com/images/I/51K-2WdRdNL._AC_UL1000_.jpg,339.99
Citizen Eco-Drive Movement Men's Watch,"Rated 4.6/5 from 1,062 Amazon shopper reviews.",https://m.media-amazon.com/images/I/81JUiLK13cL._AC_UL1500_.jpg,339.00
"Movado Women's Museum Stainless Steel Watch with Concave Dot, Silver/Black Strap (Model: 607274)",Rated 4.6/5 from 39 Amazon shopper reviews.,https://m.media-amazon.com/images/I/71gfKkA8cXL._AC_UL1500_.jpg,339.00
"Citizen Men's Eco-Drive Sport Luxury World Chronograph Atomic Time Keeping Watch in Stainless Steel with Blue Polyurethane strap, Blue Dial (Model: AT8020-03L)","Rated 4.5/5 from 1,980 Amazon shopper reviews.",https://m.media-amazon.com/images/I/81NCuv0esNS._AC_UL1500_.jpg,339.00
"Movado Bold, Gold Steel Case, Gold Dial, Steel Mesh Bracelet, Women, 3600596",Rated 4/5 from 31 Amazon shopper reviews.,https://m.media-amazon.com/images/I/81E0mm4YXZL._AC_UL1500_.jpg,339.00
New Seiko Presage Automatic Green Sunray Dial Stainless Steel Men's Watch SRPE15,Rated 4.3/5 from 19 Amazon shopper reviews.,https://m.media-amazon.com/images/I/61bKeQtFB5L._AC_UL1102_.jpg,337.50
"Citizen Men's Eco-Drive Weekender Sport Watch in Stainless Steel, Blue Dial (Model: AT0368-82L)",Rated 4.1/5 from 16 Amazon shopper reviews.,https://m.media-amazon.com/images/I/81fhQmmD2xL._AC_UL1500_.jpg,337.50
Bulova Ladies Watch,Rated 4.7/5 from 283 Amazon shopper reviews.,https://m.media-amazon.com/images/I/719KUgxT8tL._AC_UL1500_.jpg,337.50
SEIKO SRP839 Presage Women's Watch Silver-Tone 33.8mm Stainless Steel,Rated 4.2/5 from 7 Amazon shopper reviews.,https://m.media-amazon.com/images/I/71mgkFbvhxL._AC_UL1500_.jpg,337.50
Movado Bold Large Diamond and Gold Plated Mesh Watch 3600460,Rated 4.3/5 from 51 Amazon shopper reviews.,https://m.media-amazon.com/images/I/61MkAN7fLOL._AC_UL1025_.jpg,337.14
Seiko 5 Ladies Two Tone Gold Day-Date Automatic Watch SRE004K1,Rated 4.3/5 from 12 Amazon shopper reviews.,https://m.media-amazon.com/images/I/61UW7UNmuvL._AC_UL1500_.jpg,336.29
Citizen Women's EM0100-55A d'Orsay Eco-Drive Stainless Steel Watch,Rated 4/5 from 12 Amazon shopper reviews.,https://m.media-amazon.com/images/I/71VXL0wkodL._AC_UL1500_.jpg,335.00
Oakley Men's Ox5140 Tie Bar 0.5 Rectangular Prescription Eyeglass Frames,Rated 4/5 from 12 Amazon shopper reviews.,https://m.media-amazon.com/images/I/51kgOtMXd5L._AC_UL1500_.jpg,335.00
Bulova Women's 63R136 Masella Analog Display Swiss Quartz Silver Watch,Rated 5/5 from 4 Amazon shopper reviews.,https://m.media-amazon.com/images/I/91goyi5CKCL._AC_UL1500_.jpg,334.99
"Bulova Men's Marine Star 'Series A' Chronograph Quartz Watch, Luminous Markers, Rotating Dial, 100M Water Resistant, 44mm","Rated 4.7/5 from 2,579 Amazon shopper reviews.",https://m.media-amazon.com/images/I/71zmO0VSmYL._AC_UL1500_.jpg,334.69
SEIKO Prospex Street Sports Solar Diver's 200M Gray Dial with Silicone Band Watch SNE541P1,Rated 4.1/5 from 24 Amazon shopper reviews.,https://m.media-amazon.com/images/I/61ME+y10LkL._AC_UL1102_.jpg,333.00
Bulova Men's Crystal Accented Gift Set with 3-Hand Date Quartz Watch and Dog Tag Box Chain Necklace,Rated 4.5/5 from 93 Amazon shopper reviews.,https://m.media-amazon.com/images/I/71qTiPuiFmL._AC_UL1500_.jpg,330.24
Seiko Men Prospex - Solar 'Tuna' PADI Dive Watch Analog/Digital,Rated 4.5/5 from 155 Amazon shopper reviews.,https://m.media-amazon.com/images/I/61wg8PP3zjL._AC_UL1000_.jpg,330.00
"10K Yellow Gold 1/2"" ‘The Stoic’ Men’s Nugget Style Tapered Statement Ring - Size 8",Rated 4.6/5 from 2 Amazon shopper reviews.,https://m.media-amazon.com/images/I/71EHyYAyPEL._AC_UL1090_.jpg,329.99
"10K Yellow Gold 1/2"" ‘The Stoic’ Men’s Nugget Style Tapered Statement Ring - Size 12-1/2",Rated 5/5 from 1 Amazon shopper reviews.,https://m.media-amazon.com/images/I/81CA8npxkcL._AC_UL1500_.jpg,329.99
"10K Yellow Gold 1/2"" ‘The Stoic’ Men’s Nugget Style Tapered Statement Ring - Size 9",Rated 3.4/5 from 5 Amazon shopper reviews.,https://m.media-amazon.com/images/I/71EHyYAyPEL._AC_UL1090_.jpg,329.99
"10K Yellow Gold 1/2"" ‘The Stoic’ Men’s Nugget Style Tapered Statement Ring - Size 6",Rated 4.6/5 from 3 Amazon shopper reviews.,https://m.media-amazon.com/images/I/71EHyYAyPEL._AC_UL1090_.jpg,329.99
"10K Yellow Gold 1/2"" ‘The Stoic’ Men’s Nugget Style Tapered Statement Ring - Size 13",Rated 5/5 from 1 Amazon shopper reviews.,https://m.media-amazon.com/images/I/71EHyYAyPEL._AC_UL1090_.jpg,329.99
"10K Yellow Gold 1/2"" ‘The Stoic’ Men’s Nugget Style Tapered Statement Ring - Size 15-1/4",Rated 4/5 from 1 Amazon shopper reviews.,https://m.media-amazon.com/images/I/81CA8npxkcL._AC_UL1500_.jpg,329.99
"10K Yellow Gold 1/2"" ‘The Stoic’ Men’s Nugget Style Tapered Statement Ring - Size 10",Rated 4.4/5 from 3 Amazon shopper reviews.,https://m.media-amazon.com/images/I/71EHyYAyPEL._AC_UL1090_.jpg,329.99
"10K Yellow Gold 1/2"" ‘The Stoic’ Men’s Nugget Style Tapered Statement Ring - Size 9-3/4",Rated 4.4/5 from 2 Amazon shopper reviews.,https://m.media-amazon.com/images/I/71jrsYG26dL._AC_UL1090_.jpg,329.99
"10K Yellow Gold 1/2"" ‘The Stoic’ Men’s Nugget Style Tapered Statement Ring - Size 4-1/2",Rated 4.5/5 from 2 Amazon shopper reviews.,https://m.media-amazon.com/images/I/81CA8npxkcL._AC_UL1500_.jpg,329.99
Guess GC Sport Class XXL Blackout Ceramic Mens Watch X76010G2S,Rated 4.6/5 from 3 Amazon shopper reviews.,https://m.media-amazon.com/images/I/51q0eph+wfL._AC_.jpg,329.98
Movado Museum Black Museum Dial Stainless Steel Mens Watch 0606367,Rated 5/5 from 18 Amazon shopper reviews.,https://m.media-amazon.com/images/I/514E52uQt5L._AC_UL1000_.jpg,329.00
Seiko Prospex Blue Dial Stainless Steel Men's Watch SNE549P1,Rated 4.8/5 from 10 Amazon shopper reviews.,https://m.media-amazon.com/images/I/615YgzRqDoL._AC_UL1000_.jpg,329.00
"Citizen Men's Eco-Drive Weekender Ecosphere Chronograph Watch in IP Stainless Steel, Black Dial (Model: CA4184-81E)",Rated 4.5/5 from 838 Amazon shopper reviews.,https://m.media-amazon.com/images/I/818BE5brZ0S._AC_UL1500_.jpg,328.90
Citizen Brycen Eco-Drive Movement Men's Watch,Rated 4.4/5 from 67 Amazon shopper reviews.,https://m.media-amazon.com/images/I/81QbqCpuoqL._AC_UL1500_.jpg,328.90
Movado Blue Dial Mens Steel Watch 0606369,Rated 3.9/5 from 28 Amazon shopper reviews.,https://m.media-amazon.com/images/I/51pW+0gyooL._AC_UL1000_.jpg,326.61
Bulova Men's Sutton Automatic Alligator-Grain Leather Strap Watch 96A268,Rated 4/5 from 10 Amazon shopper reviews.,https://m.media-amazon.com/images/I/61MtiascXwL._AC_UL1500_.jpg,325.00
SEIKO PROSPEX Solar Diver's Blue Dial Black Rubber Watch SNE593,Rated 3.7/5 from 5 Amazon shopper reviews.,https://m.media-amazon.com/images/I/81Il3-ePujL._AC_UL1500_.jpg,323.55
Movado Men's 3600261 Bold Analog Display Swiss Quartz Black Watch,Rated 5/5 from 3 Amazon shopper reviews.,https://m.media-amazon.com/images/I/51R1WrAo05L._AC_UL1001_.jpg,321.99
Vivienne Westwood Unisex VV048GDBK Gold-Tone and Black Ceramic Bracelet Watch,Rated 5/5 from 1 Amazon shopper reviews.,https://m.media-amazon.com/images/I/81NQJsJOc9L._AC_UL1500_.jpg,320.50
Seiko Men's 5 Automatic SNKM80K Silver Stainless-Steel Automatic Watch,Rated 5/5 from 1 Amazon shopper reviews.,https://m.media-amazon.com/images/I/81+qomPD7uL._AC_UL1500_.jpg,320.00
Bulova Mens Chronograph Quartz Watch with Silicone Strap 97B168,Rated 4.4/5 from 72 Amazon shopper reviews.,https://m.media-amazon.com/images/I/71fuG7hJqEL._AC_UL1337_.jpg,320.00
Seiko Women's SWZ056 Watch,Rated 4/5 from 62 Amazon shopper reviews.,https://m.media-amazon.com/images/I/71d3yCysQXL._AC_UL1500_.jpg,320.00
Seiko Men's SNAC75 Coutura Alarm Chronograph Watch,Rated 4.5/5 from 18 Amazon shopper reviews.,https://m.media-amazon.com/images/I/818PC28vt+S._AC_UL1500_.jpg,319.00
Seiko SRPB43 Mens PRESAGE Automatic Watch w/ Date,Rated 4.7/5 from 175 Amazon shopper reviews.,https://m.media-amazon.com/images/I/61IWStYNfxL._AC_UL1102_.jpg,318.75
Seiko Women's SUT068 Dress Solar Classic Diamond-Accented Two-Tone Stainless Steel Watch,Rated 4.7/5 from 539 Amazon shopper reviews.,https://m.media-amazon.com/images/I/81sCD3YrJvL._AC_UL1500_.jpg,318.75
Bulova Men's Classic Maquina Automatic Open Aperture Watch,Rated 4.7/5 from 959 Amazon shopper reviews.,https://m.media-amazon.com/images/I/71FPCMBmpGL._AC_UL1500_.jpg,318.22
Citizen Eco-Drive Promaster Diver Mens Watch,Rated 4.6/5 from 787 Amazon shopper reviews.,https://m.media-amazon.com/images/I/71yahPU58JL._AC_UL1500_.jpg,317.90
"Bulova Crystal Quartz Mens Watch, Stainless Steel , Two-Tone (Model: 98B174)",Rated 4.6/5 from 135 Amazon shopper reviews.,https://m.media-amazon.com/images/I/81sx3qIdJOS._AC_UL1500_.jpg,317.12
Movado Men's 605746 Sport Silver/Black Stainless Steel Watch,Rated 4.7/5 from 58 Amazon shopper reviews.,https://m.media-amazon.com/images/I/81k9Q8ZzpqL._AC_UL1500_.jpg,315.61
Citizen Men's BL6067-54E Palidoro Eco-Drive Black Ion Plated Diamond Palidoro Watch,Rated 3.1/5 from 5 Amazon shopper reviews.,https://m.media-amazon.com/images/I/61feO0vr6ZL._AC_UL1047_.jpg,315.00
"Citizen Men's Eco-Drive Weekender Brycen Watch in Titanium, blue dial (Model: BM6929-56L)",Rated 4.5/5 from 227 Amazon shopper reviews.,https://m.media-amazon.com/images/I/81OiwbJoR2S._AC_UL1500_.jpg,313.49
"GUESS Men's Stainless Steel Connect Smart Watch - Amazon Alexa, iOS and Android Compatible iOS and Android Compatible",Rated 3.8/5 from 31 Amazon shopper reviews.,https://m.media-amazon.com/images/I/91nvqyTzxOL._AC_UL1500_.jpg,311.00
Bulova Men's 96B219 Classic Stainless Steel Watch,Rated 4.1/5 from 18 Amazon shopper reviews.,https://m.media-amazon.com/images/I/91hd6Z1mIbL._AC_UL1500_.jpg,310.43
Oakley Men's Oo6046 Deadbolt Titanium Round Sunglasses,Rated 4.4/5 from 190 Amazon shopper reviews.,https://m.media-amazon.com/images/I/51ilrLphrJL._AC_UL1500_.jpg,310.00
"Bulova Classic Quartz Ladies Watch, Stainless Steel Diamond , Two-Tone (Model: 98R230)",Rated 4.2/5 from 17 Amazon shopper reviews.,https://m.media-amazon.com/images/I/71P08y0V+CS._AC_UL1500_.jpg,309.95
Nixon Women's Monarch Stainless Steel Watch,Rated 4/5 from 32 Amazon shopper reviews.,https://m.media-amazon.com/images/I/81tO205jmJL._AC_UL1500_.jpg,309.94
"SEIKO Men's Analogue Automatic Watch with Cloth Strap SRPD65K4, Black, 43mm, Strap",Rated 4.6/5 from 75 Amazon shopper reviews.,https://m.media-amazon.com/images/I/51pu3bvVdbL._AC_.jpg,309.01
"Citizen Eco-Drive Promaster Tough Quartz Men's Watch, Stainless Steel with CORDURA® strap, Camouflage (Model: CA0727-12E)",Rated 4.4/5 from 74 Amazon shopper reviews.,https://m.media-amazon.com/images/I/81U7fhD9MLL._AC_UL1500_.jpg,309.00
Movado Kara Black Dial Yelow Gold PVD Ladies Watch 0606936,Rated 4.4/5 from 21 Amazon shopper reviews.,https://m.media-amazon.com/images/I/51uTVwMHrHL._AC_UL1000_.jpg,308.70
NIXON Corporal Watch,Rated 4.2/5 from 16 Amazon shopper reviews.,https://m.media-amazon.com/images/I/7160sADfd8L._AC_UL1282_.jpg,307.03
"Citizen Men's Eco-Drive Promaster Sea Dive Watch in Super Titanium with Black Polyurethane Strap, Black Dial (Model: BN0220-16E)",Rated 4.3/5 from 85 Amazon shopper reviews.,https://m.media-amazon.com/images/I/61woDwYxp0L._AC_UL1000_.jpg,304.50
Bulova Mens Classic Sutton Automatic Stainless Steel Bracelet Watch,Rated 4.6/5 from 210 Amazon shopper reviews.,https://m.media-amazon.com/images/I/71GjG1HOulL._AC_UL1500_.jpg,302.50
"Citizen Men's Sport Casual Avion Eco-Drive Chronograph Watch, Dual Time Zones, 12/24 Hour Time, Spherical Mineral Crystal, Field Watch",Rated 4.8/5 from 17 Amazon shopper reviews.,https://m.media-amazon.com/images/I/81sGVCgIHwL._AC_UL1500_.jpg,301.92
"Citizen Men's Eco-Drive Weekender Brycen Chronograph Watch in Gold-tone Stainless Steel, Brown Leather strap (Model: BL5403-03X)",Rated 4.5/5 from 753 Amazon shopper reviews.,https://m.media-amazon.com/images/I/81YKCVsTfsL._AC_UL1500_.jpg,301.40
"NIXON Spectra A1323-100M Water Resistant Unisex Automatic Fashion Watch (40mm Watch Face, 20mm-18mm Stainless Steel Band)",Rated 4.7/5 from 9 Amazon shopper reviews.,https://m.media-amazon.com/images/I/61-VtlfvvmL._AC_UL1282_.jpg,300.00
Citizen Men's Eco-Drive Corso Two-Tone Watch BM7534-59A,Rated 5/5 from 4 Amazon shopper reviews.,https://m.media-amazon.com/images/I/61FwGTckflL._AC_UL1000_.jpg,300.00
SEIKO SRPG15 Prospex Men's Watch Blue 39.4mm Stainless Steel,Rated 4.5/5 from 46 Amazon shopper reviews.,https://m.media-amazon.com/images/I/61qcTtEVrbL._AC_UL1102_.jpg,300.00
Ray-Ban Rb8313m Scuderia Ferrari Collection Aviator Sunglasses,Rated 4.3/5 from 112 Amazon shopper reviews.,https://m.media-amazon.com/images/I/51ChEVRSjvL._AC_UL1500_.jpg,300.00
Seiko Women's SXD799 Le Grand Sport Silver-Tone Watch,Rated 3.5/5 from 3 Amazon shopper reviews.,https://m.media-amazon.com/images/I/71CvdxmiOPS._AC_UL1500_.jpg,300.00
Michael Kors Camille Crystal Covered Gold Stainless Steel Ladies Watch MK5720,Rated 4.7/5 from 46 Amazon shopper reviews.,https://m.media-amazon.com/images/I/51Mjh9KRBSL._AC_.jpg,299.99
Bulova 97D105 Men's Diamond 140th Anniversary Gold Tone Dial Black Leather Strap Watch,Rated 4/5 from 7 Amazon shopper reviews.,https://m.media-amazon.com/images/I/81XL+WtxV4L._AC_UL1500_.jpg,299.99
Bulova Sport Chronograph Black Dial Black Rubber Mens Watch 98A191,Rated 5/5 from 2 Amazon shopper reviews.,https://m.media-amazon.com/images/I/61LUYOolnuL._AC_UL1000_.jpg,299.99
Nixon Men's Quartz Watch The Ride Brown / Black A315562-00 with Leather Strap,Rated 4.1/5 from 39 Amazon shopper reviews.,https://m.media-amazon.com/images/I/719VaZQQ7XL._AC_UL1500_.jpg,299.99
Bulova Men's 98A157 Curv Collection Analog Display Analog Quartz Two Tone Watch,Rated 3.8/5 from 9 Amazon shopper reviews.,https://m.media-amazon.com/images/I/91hEyKZl-XL._AC_UL1500_.jpg,299.99
SEIKO Women's SUK007 Coutura Diamond Silver-Tone Watch,Rated 3.3/5 from 16 Amazon shopper reviews.,https://m.media-amazon.com/images/I/81N29G6H5mS._AC_UL1500_.jpg,299.99
Citizen Mens Promaster Diver Silver-Tone Stainless Steel Bracelet,Rated 4.8/5 from 7 Amazon shopper reviews.,https://m.media-amazon.com/images/I/71eZhAG3jQL._AC_UL1500_.jpg,299.99
Bulova Women's 96R19 Diamond-Studded Chronograph Watch,Rated 4.5/5 from 383 Amazon shopper reviews.,https://m.media-amazon.com/images/I/81mSDL-Pl3L._AC_UL1500_.jpg,299.99
Bulova Women's 98L212 Crystal Analog Display Quartz Two Tone Watch,Rated 4.2/5 from 11 Amazon shopper reviews.,https://m.media-amazon.com/images/I/81Iwgup0TsL._AC_UL1500_.jpg,299.99
Bulova Women's 96P114 Automatic and Mechanical Diamond Mother-Of-Pearl Dial Watch,Rated 4.1/5 from 36 Amazon shopper reviews.,https://m.media-amazon.com/images/I/71POiPnpllL._AC_UL1500_.jpg,299.99
"Bulova Men's Modern Two-Tone Stainless Steel Multi-Function Quartz Watch, Blue Dial Style: 98C132",Rated 4.8/5 from 79 Amazon shopper reviews.,https://m.media-amazon.com/images/I/71EiZEpUhJS._AC_UL1500_.jpg,299.99
Bulova Diamonds Men's Quartz Watch 96E111,Rated 4.2/5 from 24 Amazon shopper reviews.,https://m.media-amazon.com/images/I/81qlPpNNlbL._AC_UL1500_.jpg,299.99
"Bulova Men's Quartz Stainless Steel Dress Watch, Color:Two Tone (Model: 98D129)",Rated 4.7/5 from 62 Amazon shopper reviews.,https://m.media-amazon.com/images/I/81BJ3IfvziL._AC_UL1500_.jpg,299.95
Citizen Brycen Chronograph Black Dial Men's Watch AT2370-55E,Rated 4.2/5 from 12 Amazon shopper reviews.,https://m.media-amazon.com/images/I/61pHai2C0vL._AC_UL1000_.jpg,299.00
Seiko Men's SNZG27 5 Series Two Tone Automatic Watch,Rated 3.7/5 from 8 Amazon shopper reviews.,https://m.media-amazon.com/images/I/81s+970-iVL._AC_UL1500_.jpg,299.00
Movado Women's 0606797 Rondiro Analog Display Swiss Quartz Silver-Tone Stainless Steel Watch,Rated 5/5 from 9 Amazon shopper reviews.,https://m.media-amazon.com/images/I/61l1ROBNaDL._AC_UL1500_.jpg,299.00
"Citizen Men's Eco-Drive Sport Luxury Chronograph Watch in Two-tone Stainless Steel, blue dial (Model: BL5517-55L)",Rated 4.4/5 from 88 Amazon shopper reviews.,https://m.media-amazon.com/images/I/91BxFg-rnxL._AC_UL1500_.jpg,299.00
"Bulova Men's Crystal Octava Chronograph Quartz Watch, Pave Crystal Dial","Rated 4.7/5 from 1,753 Amazon shopper reviews.",https://m.media-amazon.com/images/I/81ldiEM94lL._AC_UL1500_.jpg,297.62
"Bulova Men's Classic Sutton 3-Hand Calendar Date Quartz Watch, 40mm",Rated 4.7/5 from 189 Amazon shopper reviews.,https://m.media-amazon.com/images/I/71ihTTrFUHL._AC_UL1500_.jpg,297.50
"Citizen Eco-Drive Ceci Women's Watch, Stainless Steel, Diamond",Rated 4.8/5 from 61 Amazon shopper reviews.,https://m.media-amazon.com/images/I/71qOrNR5JnL._AC_UL1500_.jpg,296.99
"Citizen Ladies' Silhouette Crystal Eco-Drive Watch, 3-Hand Date, Stainless Steel",Rated 4.7/5 from 109 Amazon shopper reviews.,https://m.media-amazon.com/images/I/814kuBMKWlL._AC_UL1500_.jpg,296.25
"Citizen Eco-Drive Corso Quartz Womens Watch, Stainless Steel, Diamond, Two-Tone (Model: EW2394-59E)",Rated 4.2/5 from 17 Amazon shopper reviews.,https://m.media-amazon.com/images/I/71c99snVGBL._AC_UL1500_.jpg,296.25
Seiko 5 Sports SRPD77K1 Man Watch Steel Green Automatic,Rated 4.4/5 from 18 Amazon shopper reviews.,https://m.media-amazon.com/images/I/61qp6HoA9uL._AC_UL1000_.jpg,296.09
Bulova Mens Chronograph Quartz Watch with Stainless Steel Strap 96B272,Rated 4.8/5 from 79 Amazon shopper reviews.,https://m.media-amazon.com/images/I/61SZSNWMryL._AC_UL1200_.jpg,296.00
Michael Kors Black Dial Stainless Steel Chronograph Quartz Men's Watch MK9012,Rated 4.4/5 from 12 Amazon shopper reviews.,https://m.media-amazon.com/images/I/61PYvLDgGqL._AC_UL1001_.jpg,295.00
"Michael Kors Iconic Reissue Runway Chronograph Watch, 38mm",Rated 4.7/5 from 16 Amazon shopper reviews.,https://m.media-amazon.com/images/I/61PFRRWY47L._AC_UL1500_.jpg,295.00
Coach Maddy Stainless Steel Rubber Strap Watch Black,Rated 4.7/5 from 7 Amazon shopper reviews.,https://m.media-amazon.com/images/I/51KThrEZJqL._AC_UL1000_.jpg,295.00
Citizen Men's Thin Blue Line Watch Chronograph 200M WR Eco Drive CA0291-59E,Rated 4.8/5 from 321 Amazon shopper reviews.,https://m.media-amazon.com/images/I/91zDBbEX3rL._AC_UL1500_.jpg,295.00
"Michael Kors Iconic Reissue Runway Chronograph Watch, 45mm",Rated 4.4/5 from 15 Amazon shopper reviews.,https://m.media-amazon.com/images/I/61-PepOdwBL._AC_UL1500_.jpg,295.00
SEIKO Men's SGGA18 Gold-Tone Stainless Steel Watch,Rated 4.5/5 from 4 Amazon shopper reviews.,https://m.media-amazon.com/images/I/71eTFzhHNhL._AC_UL1500_.jpg,295.00
Seiko 5 Sports Automatic 100m Sunray Gray Dial Nylon Watch SRPE61K1,Rated 4.4/5 from 144 Amazon shopper reviews.,https://m.media-amazon.com/images/I/61tHyxPYYGL._AC_UL1102_.jpg,294.44
Bulova Two Tone Stainless Steel Ladies Watch 98R236,Rated 5/5 from 3 Amazon shopper reviews.,https://m.media-amazon.com/images/I/61XGJo7JVWL._AC_UL1200_.jpg,294.37
"Citizen Men's Eco-Drive Weekender Garrison Chronograph Field Watch in Super Titanium, Blue Dial (Model: AT2480-57L)",Rated 4.9/5 from 13 Amazon shopper reviews.,https://m.media-amazon.com/images/I/61Eg0PmEhvL._AC_UL1000_.jpg,293.59
"Bulova Men's Marine Star Chronograph Quartz Watch, Luminous Markers, Rotating Dial, 100M Water Resistant, 43mm",Rated 4.7/5 from 94 Amazon shopper reviews.,https://m.media-amazon.com/images/I/71s76oZoSAS._AC_UL1500_.jpg,293.37
Citizen 32003328 Women's Analogue Watch Titanium,Rated 4.7/5 from 304 Amazon shopper reviews.,https://m.media-amazon.com/images/I/61KLcTH2lfL._AC_UL1119_.jpg,293.10
Tommy Hilfiger Men's 1791229 Hudson Analog Display Japanese Quartz Silver Watch,Rated 5/5 from 3 Amazon shopper reviews.,https://m.media-amazon.com/images/I/81xuMwvTURL._AC_UL1500_.jpg,292.71
Citizen Men's Eco-Drive Corso Classic Diamond Watch,Rated 4.6/5 from 173 Amazon shopper reviews.,https://m.media-amazon.com/images/I/71nlwrIxIEL._AC_UL1500_.jpg,292.50
Seiko Men's SNA487 Alarm Chronograph Watch,Rated 3/5 from 11 Amazon shopper reviews.,https://m.media-amazon.com/images/I/51PFQZ0C83L._AC_.jpg,290.00
Seiko Men's SGEA41 Watch,Rated 3.8/5 from 9 Amazon shopper reviews.,https://m.media-amazon.com/images/I/41B21K93NML._AC_.jpg,290.00
Bulova Men's 96C23 Automatic Watch,Rated 4.5/5 from 6 Amazon shopper reviews.,https://m.media-amazon.com/images/I/41RAFY84BYL._AC_.jpg,290.00
Bulova Diamonds Women's Watch 98R124,Rated 5/5 from 1 Amazon shopper reviews.,https://m.media-amazon.com/images/I/81QUhBUUyLL._AC_UL1500_.jpg,289.00
Citizen Eco-Drive Women's EW9870-72D Normandie White Resin Watch and Bracelet Set,Rated 4.7/5 from 6 Amazon shopper reviews.,https://m.media-amazon.com/images/I/711I0zrEUtL._AC_UL1500_.jpg,288.00
DKNY Women's 0DY4139 Square Sunglasses,Rated 3/5 from 3 Amazon shopper reviews.,https://m.media-amazon.com/images/I/71j6OAP4NEL._AC_UL1500_.jpg,287.86
Bulova Men's Classic Sutton Big Date Chronograph Watch,Rated 4.6/5 from 67 Amazon shopper reviews.,https://m.media-amazon.com/images/I/714lMSsawjL._AC_UL1500_.jpg,286.06
Seiko 5 SRPD51K1 Men's Watch Automatic Steel,Rated 4.7/5 from 99 Amazon shopper reviews.,https://m.media-amazon.com/images/I/61CwJ2aXonL._AC_UL1000_.jpg,285.88
"Bulova Men's Classic Sutton 3-Hand 21-Jewel Automatic Watch, 42 Hour Power Reserve, Skeleton Dial, Luminous Hands, 100M Water Resistant, 43mm","Rated 4.7/5 from 1,020 Amazon shopper reviews.",https://m.media-amazon.com/images/I/61UVUsmtGXL._AC_UL1001_.jpg,285.14
Bulova Women's 98R231 Analog Display Analog Quartz Multi-Color Watch,Rated 5/5 from 3 Amazon shopper reviews.,https://m.media-amazon.com/images/I/81iFc-Hx40L._AC_UL1500_.jpg,285.04
Bulova Ladies' Classic Gold Tone Stainless Steel Box Set with White Mother-of-Pearl 3-Hand Quartz Watch and Gold Tone and Crystal Accent Tennis Bracelet Style: 98X122,Rated 4.5/5 from 42 Amazon shopper reviews.,https://m.media-amazon.com/images/I/71wmZLNR7kL._AC_UL1500_.jpg,285.00
CITIZEN Watch PROMASTER NY0125-08W [Marine Series Mechanical Diver 200m] Japan Domestic,Rated 5/5 from 2 Amazon shopper reviews.,https://m.media-amazon.com/images/I/91wJGqEncZS._AC_UL1500_.jpg,283.88
Guess Collection GC X69003L1S White Ceramic Women's Analog Swiss Watch,Rated 3.6/5 from 5 Amazon shopper reviews.,https://m.media-amazon.com/images/I/718hM2NKmJL._AC_UL1500_.jpg,283.00
Calvin Klein Control Chronograph Grey Dial Men's Watch K6Z371C4,Rated 4.4/5 from 2 Amazon shopper reviews.,https://m.media-amazon.com/images/I/61P6P4XD-EL._AC_UL1000_.jpg,282.00
"Citizen Eco-Drive Ecosphere Women's Watch, Stainless Steel with ECOPET® Substainable Nylon Strap, WHOLEGARMENT® Construction, Lab-Grown Diamond, 3-Hand",Rated 4.4/5 from 11 Amazon shopper reviews.,https://m.media-amazon.com/images/I/81YZzcyygAL._AC_UL1500_.jpg,281.25
"Citizen Ladies' Silhouette Crystal Eco-Drive Bangle Watch, 3-Hand, Mother-of-Pearl Dial",Rated 4.6/5 from 54 Amazon shopper reviews.,https://m.media-amazon.com/images/I/61N1vWgsycL._AC_UL1500_.jpg,281.25
Bulova Men's Classic Aerojet Stainless Steel 6-Hand Chronograph Watch with Black Leather Strap Style: 96B262,Rated 4.5/5 from 428 Amazon shopper reviews.,https://m.media-amazon.com/images/I/81VWubjVwXL._AC_UL1500_.jpg,281.25
"Citizen Men's Classic Addysen Eco-Drive Watch, 3-Hand Date, Sapphire Crystal",Rated 4.7/5 from 675 Amazon shopper reviews.,https://m.media-amazon.com/images/I/71RpLzv1mIL._AC_UL1500_.jpg,281.25
"Citizen Promaster Dive Eco-Drive Watch, 3-Hand Date, ISO Certified, Luminous Hands and Markers, Rotating Bezel","Rated 4.7/5 from 7,857 Amazon shopper reviews.",https://m.media-amazon.com/images/I/81jPf73N-uS._AC_UL1500_.jpg,281.25
"Citizen Eco-Drive Marvel Quartz Men's Watch, Stainless Steel, Tony Stark, Black (Model: AW1017-58W)",Rated 4.8/5 from 81 Amazon shopper reviews.,https://m.media-amazon.com/images/I/71RtVuWrsvL._AC_UL1500_.jpg,281.25
DKNY Men's Watches NY1324 - WW,Rated 3.8/5 from 7 Amazon shopper reviews.,https://m.media-amazon.com/images/I/915ND6pdNnL._AC_UL1500_.jpg,281.00
Marc Jacobs Men's Marc174/S Aviator Sunglasses,Rated 3.8/5 from 26 Amazon shopper reviews.,https://m.media-amazon.com/images/I/51V5nLZn6jL._AC_UL1284_.jpg,280.57
"Citizen Ladies' Eco-Drive Classic Coin-Edge Watch, 3-Hand",Rated 5/5 from 5 Amazon shopper reviews.,https://m.media-amazon.com/images/I/71q0m3PjBsL._AC_UL1500_.jpg,280.00
Bulova Men's 96G29 Watch,Rated 5/5 from 1 Amazon shopper reviews.,https://m.media-amazon.com/images/I/41N6NAEJKRL._AC_.jpg,279.99
"Citizen Eco-Drive Ecosphere Chronograph Mens Watch, Stainless Steel with Polyurethane strap, Weekender, Black (Model: CA4155-12L)",Rated 4.1/5 from 83 Amazon shopper reviews.,https://m.media-amazon.com/images/I/91XAR-6hVCL._AC_UL1500_.jpg,279.99
GUESS Collection Ceramic Ladies Watch G29005L3,Rated 4.3/5 from 5 Amazon shopper reviews.,https://m.media-amazon.com/images/I/61xjSRIJ9lL._AC_SL1000_.jpg,279.99
Citizen Corso Chronograph Black Dial Men's Watch AT2450-58E,Rated 5/5 from 20 Amazon shopper reviews.,https://m.media-amazon.com/images/I/61YM+v3J7TL._AC_UL1200_.jpg,279.15
Seiko Men's 43.9mm Black Cloth Band Titanium Case Hardlex Crystal Quartz Analog Watch SSB315P1,Rated 4.5/5 from 251 Amazon shopper reviews.,https://m.media-amazon.com/images/I/51INuKNzj0L._AC_UL1000_.jpg,279.00
SEIKO Steamboat Willie Watch Mickey Mouse Disney Gold Womens LMT. Ed.,Rated 4.7/5 from 2 Amazon shopper reviews.,https://m.media-amazon.com/images/I/51EOeTc8eLL._AC_UL1000_.jpg,279.00
"Citizen Men's Eco-Drive Sport Luxury Endeavor Watch in Two-Tone Stainless Steel, Black Dial (Model: AW1426-59E)",Rated 4.2/5 from 21 Amazon shopper reviews.,https://m.media-amazon.com/images/I/81T26kawq7L._AC_UL1500_.jpg,278.94
"Ray-Ban Unisex Sunglasses Grey Frame, Grey Mirror Silver Lenses, 60MM",Rated 5/5 from 2 Amazon shopper reviews.,https://m.media-amazon.com/images/I/41-Ji-Vp4xL._AC_UL1500_.jpg,278.00
Bulova Women's 98L153 Two-Tone Stainless Steel Bracelet Watch,Rated 4.1/5 from 49 Amazon shopper reviews.,https://m.media-amazon.com/images/I/71hjtve-WOL._AC_UL1500_.jpg,276.66
"Citizen Eco-Drive Disney Quartz Women's Watch, Stainless Steel, Crystal, Minnie Mouse, Gold-Tone (Model: FD4018-55W)",Rated 4.5/5 from 14 Amazon shopper reviews.,https://m.media-amazon.com/images/I/7189uvB77jS._AC_UL1500_.jpg,276.50
"Bulova Men's Classic 3-Hand Calendar Date Quartz Leather Strap Watch, Roman Numeral Markers, 40mm",Rated 4.6/5 from 258 Amazon shopper reviews.,https://m.media-amazon.com/images/I/71Yp2dY-jgL._AC_UL1500_.jpg,276.25
Bulova Ladies' Classic Diamond Two-Tone Gold Stainless Steel 3-Hand Calendar Date Quartz Watch,Rated 4.7/5 from 92 Amazon shopper reviews.,https://m.media-amazon.com/images/I/61fM4qAEm9S._AC_UL1500_.jpg,276.25
Seiko Automatic Black Dial Stainless Steel Men's Watch SSA389,Rated 4.7/5 from 15 Amazon shopper reviews.,https://m.media-amazon.com/images/I/61Z4vFqeimL._AC_UL1000_.jpg,276.09
New Men's Stainless Steel Gold Finish Bulova Masonic Past Master Pocket Watch,Rated 5/5 from 2 Amazon shopper reviews.,https://m.media-amazon.com/images/I/51taIv0kD2L._AC_.jpg,275.99
"Michael Kors Men's Everest Stainless Steel Chronograph Watch with Steel, Leather, or Silicone Band",Rated 4.4/5 from 21 Amazon shopper reviews.,https://m.media-amazon.com/images/I/71q+6uiCsEL._AC_UL1500_.jpg,275.93
Bulova Men's Classic Stainless Steel Diamond Cuff Bracelet,Rated 4.2/5 from 19 Amazon shopper reviews.,https://m.media-amazon.com/images/I/51CUv+fDuTL._AC_UL1500_.jpg,275.40
"Movado Bold Evolution Men's Swiss Qtz Stainless Steel and Leather Strap Casual Watch, Color: Blue (Model: 3600583)",Rated 4.3/5 from 133 Amazon shopper reviews.,https://m.media-amazon.com/images/I/71MZpM2a74L._AC_UL1500_.jpg,275.00
Michael Kors Women's Jet Set Item Zip Around Continental Wallet,Rated 4.4/5 from 14 Amazon shopper reviews.,https://m.media-amazon.com/images/I/61p65D-d2WL._AC_UL1024_.jpg,275.00
Seiko Coutura Diamond Ladies Black Quartz Watch SXDA51,Rated 5/5 from 1 Amazon shopper reviews.,https://m.media-amazon.com/images/I/61yv5K8IzqL._AC_UL1500_.jpg,275.00
"NIXON Patrol A1242-100m Water Resistant Men's Analog Classic Watch (42mm Watch Face, 21mm-19mm Stainless Steel Band)",Rated 4.6/5 from 157 Amazon shopper reviews.,https://m.media-amazon.com/images/I/81cstvgz3QL._AC_UL1500_.jpg,275.00
Seiko Men's SKK701 Dress Two-Tone Solid Stainless-Steel Case and Bracelet Charcoal Dial Watch,Rated 3.1/5 from 8 Amazon shopper reviews.,https://m.media-amazon.com/images/I/61rPjgGrbAL._AC_UL1075_.jpg,275.00
Citizen Women's EX1084-55A Eco-Drive Silhouette Crystal Watch,Rated 2.7/5 from 6 Amazon shopper reviews.,https://m.media-amazon.com/images/I/619dszfJi2L._AC_UL1005_.jpg,275.00
NIXON Sentry Chrono Leather A405 - Analog Chronograph Watch,Rated 4.4/5 from 23 Amazon shopper reviews.,https://m.media-amazon.com/images/I/616Zmn5ITvL._AC_UL1282_.jpg,275.00
Seiko Men's SGN015 Le Grand Sport Dual Sub-dial Watch,Rated 5/5 from 4 Amazon shopper reviews.,https://m.media-amazon.com/images/I/814Agq8fx9S._AC_UL1500_.jpg,275.00
Michael Kors Sunglasses MMK 2477S GUNMETAL 038 MMK2477S,Rated 5/5 from 3 Amazon shopper reviews.,https://m.media-amazon.com/images/I/51mtX2RZKsL._AC_UL1024_.jpg,274.01
"Bulova Men's Vintage Aerojet 4-Hand Automatic Watch, Open Aperture, Hack Feature, 24 Hour Time, Calendar Date, Double Curved Mineral Crystal, Luminous Hands, 41mm",Rated 5/5 from 4 Amazon shopper reviews.,https://m.media-amazon.com/images/I/71gaiEo6MaL._AC_UL1500_.jpg,272.62
Bulova Men's Archive Series 'Chronograph C' 6-Hand Chronograph Precisionist Stainless Steel Mesh Watch with Interchangable Blue Leather Strap; Sapphire Crystal Style: 96K101,Rated 4.5/5 from 99 Amazon shopper reviews.,https://m.media-amazon.com/images/I/816NSbqttzL._AC_UL1499_.jpg,272.14
Bulova Women's 96L203 Analog Display Japanese Quartz Silver Watch,Rated 4/5 from 26 Amazon shopper reviews.,https://m.media-amazon.com/images/I/81Wf-XkcFIL._AC_UL1500_.jpg,270.45
Citizen Mens Chronograph Quartz Watch with Stainless Steel Strap CA0695-84E,Rated 4.5/5 from 263 Amazon shopper reviews.,https://m.media-amazon.com/images/I/71m8mKV6bcL._AC_UL1250_.jpg,270.34
Bulova Ladies Rubaiyat Diamond Accent Mother of Pearl Dial Leather Strap Watch,Rated 4.2/5 from 53 Amazon shopper reviews.,https://m.media-amazon.com/images/I/71+SHH8nPfL._AC_UL1500_.jpg,270.01
"Bulova Men's Classic 6-Hand Chronograph Calendar Quartz Watch, 24 Hour Time, Luminous Hands, 43mm",Rated 4.4/5 from 141 Amazon shopper reviews.,https://m.media-amazon.com/images/I/711PX49Ys0L._AC_UL1500_.jpg,270.00
Citizen Watches EM0794-54D Citizen Ceci,Rated 5/5 from 7 Amazon shopper reviews.,https://m.media-amazon.com/images/I/71Rbqcq2zQL._AC_UL1500_.jpg,270.00
Calvin Klein Men's High Noon K8M271C6 43mm Silver Dial Leather Chrono Watch,Rated 4/5 from 25 Amazon shopper reviews.,https://m.media-amazon.com/images/I/818YHSJrgaL._AC_UL1500_.jpg,270.00
Michael Kors MK5727 Women's Mercer Rose Gold-Tone Stainless Steel Bracelet Chronograph Watch,Rated 4.5/5 from 159 Amazon shopper reviews.,https://m.media-amazon.com/images/I/81KIL1vlwxL._AC_UL1500_.jpg,269.99
Movado Amorosa Swiss Black Dial Silver Tone Steel Bracelet Women's Watch 0604759,Rated 3.6/5 from 7 Amazon shopper reviews.,https://m.media-amazon.com/images/I/71tA4C-UeQL._AC_UL1500_.jpg,269.00
"Bulova Men's Classic Aerojet 3-Hand Automatic Leather Strap Watch, Open Aperture, 40-Hour Power Reserve, Double Curved Mineral Crystal, 41mm",Rated 4.6/5 from 730 Amazon shopper reviews.,https://m.media-amazon.com/images/I/81zKsRISV9L._AC_UL1500_.jpg,267.86
Citizen Ladies Eco-Drive Arezzo Diamond Stainless Steel Watch EM0870-58A,Rated 4.2/5 from 16 Amazon shopper reviews.,https://m.media-amazon.com/images/I/71UmO9YsReL._AC_UL1500_.jpg,267.86
"Citizen Eco-Drive Men's Marvel© Punisher Watch, Black Ion Plated, Strap",Rated 4.7/5 from 3 Amazon shopper reviews.,https://m.media-amazon.com/images/I/61YSJC-+NDL._AC_UL1000_.jpg,267.01
"Citizen Men's Analogue Automatic Watch with a Rubber Band Promaster Marine, Silver Tone, Strap",Rated 4.5/5 from 863 Amazon shopper reviews.,https://m.media-amazon.com/images/I/61mOQuzlwcL._AC_UL1000_.jpg,265.30
Boss Gents Chrono 1512806 Men's watch very sporty,Rated 4/5 from 15 Amazon shopper reviews.,https://m.media-amazon.com/images/I/71bOcSbWLiL._AC_UL1500_.jpg,265.05
Bulova Men's 96B289 Analog Display Analog Quartz Silver Watch,Rated 4.6/5 from 107 Amazon shopper reviews.,https://m.media-amazon.com/images/I/81YR-ggQ1LL._AC_UL1500_.jpg,265.00
"Citizen Men's Sport Causal Eco-Drive Chronograph Watch, 12/24 Hour Time, Date",Rated 4.5/5 from 41 Amazon shopper reviews.,https://m.media-amazon.com/images/I/71TnCv4otiL._AC_UL1500_.jpg,264.12
Seiko 5 Sports SEIKO5 Sports Seiko Five Sports Wrist Watch Men's Seiko Reimportation Automatic Winding Mechanical SNZB24J1,Rated 5/5 from 1 Amazon shopper reviews.,https://m.media-amazon.com/images/I/71C-80Rw+mL._AC_UL1500_.jpg,262.59
"Bulova Men's Modern Quadra Stainless Steel 3-Hand Quartz Watch, Diamond Dial",Rated 4.6/5 from 170 Amazon shopper reviews.,https://m.media-amazon.com/images/I/61H7PMHK3iL._AC_UL1500_.jpg,262.50
"Citizen Eco-Drive Disney Quartz Womens Watch, Stainless Steel, Evil Queen, Gold-Tone (Model: EM0739-52W)",Rated 4.6/5 from 6 Amazon shopper reviews.,https://m.media-amazon.com/images/I/71yha4HIAbL._AC_UL1500_.jpg,262.50
"Citizen Ladies' Silhouette Crystal Eco-Drive Watch, 3-Hand Date, Stainless Steel, Spherical Mineral Crystal",Rated 5/5 from 15 Amazon shopper reviews.,https://m.media-amazon.com/images/I/813nhXg-3iL._AC_UL1500_.jpg,262.50
Citizen Eco-Drive Men's Analog Diver's Watch BN0085-01E,Rated 4.6/5 from 399 Amazon shopper reviews.,https://m.media-amazon.com/images/I/813dCowqfHL._AC_UL1500_.jpg,262.50
"Bulova Ladies' Classic Diamond Two-Tone Stainless Steel 3-Hand Quartz Watch, Rectangle Silver Dial Style: 98P205",Rated 4.4/5 from 26 Amazon shopper reviews.,https://m.media-amazon.com/images/I/61KRZmARKNL._AC_UL1500_.jpg,262.50
Citizen Ladies Disney Classic Bracelet Watch,Rated 4.7/5 from 18 Amazon shopper reviews.,https://m.media-amazon.com/images/I/718zqn07SUL._AC_UL1500_.jpg,260.00
Citizen Men's BU2014-56E Eco-Drive Two-Tone Bracelet Watch,Rated 4/5 from 9 Amazon shopper reviews.,https://m.media-amazon.com/images/I/81pQr2PAfWL._AC_UL1500_.jpg,260.00
Movado Bold Black Pink Dial Ladies Women's Watch 3600482,Rated 4.4/5 from 155 Amazon shopper reviews.,https://m.media-amazon.com/images/I/51uiKOmgjSL._AC_UL1000_.jpg,260.00
"Citizen Eco-Drive Disney Women's Watch, Stainless Steel with Leather Strap, Minnie Mouse, Coral Orange",Rated 4.8/5 from 9 Amazon shopper reviews.,https://m.media-amazon.com/images/I/71UN1yhAuRL._AC_UL1500_.jpg,260.00
"Citizen Women's Eco-Drive Dress Classic Watch in Two-tone Stainless Steel, White Dial (Model: EW1264-50A)",Rated 4.6/5 from 258 Amazon shopper reviews.,https://m.media-amazon.com/images/I/71cMjYZqroL._AC_UL1500_.jpg,260.00
Citizen Watches Women's Silhouette Crystal EM0770-52Y,Rated 4.7/5 from 118 Amazon shopper reviews.,https://m.media-amazon.com/images/I/716T4MASywL._AC_UL1500_.jpg,260.00
Michael Kors Women's MK5654 Parker White Ceramic and Stainless Steel Watch,Rated 3.4/5 from 14 Amazon shopper reviews.,https://m.media-amazon.com/images/I/41sbZqMEFVL._AC_.jpg,259.99
"Citizen Men's Eco-Drive Weekender Chronograph Watch in Super Titanium, Blue Dial (Model: AT2471-58L)",Rated 4.4/5 from 23 Amazon shopper reviews.,https://m.media-amazon.com/images/I/71paFVS9sjL._AC_UL1500_.jpg,259.99
Bulova Men's 96B123 Black Dial Bracelet Watch,Rated 4.2/5 from 23 Amazon shopper reviews.,https://m.media-amazon.com/images/I/810iDDQcs6L._AC_UL1500_.jpg,259.99
Seiko Ladies Womens Analog Quartz Watch with Stainless Steel Bracelet SRW807P1,Rated 5/5 from 1 Amazon shopper reviews.,https://m.media-amazon.com/images/I/61zrKpeZyqL._AC_UL1499_.jpg,259.98
Bulova Women's 97M104 Precisionist Longwood Rose-Tone Brown Leather Watch,Rated 4.4/5 from 85 Amazon shopper reviews.,https://m.media-amazon.com/images/I/81+iSosCnaL._AC_UL1500_.jpg,259.90
"Tory Burch TY6057 Sunglasses 324013-60 - Gold Frame, Dark Brown Gradient TY6057-324013-60",Rated 4.8/5 from 39 Amazon shopper reviews.,https://m.media-amazon.com/images/I/61cv9JTmnbL._AC_UL1500_.jpg,259.83
Seiko Men's Analogue Automatic Watch with Silicone Strap SRPD65K2,Rated 4.6/5 from 162 Amazon shopper reviews.,https://m.media-amazon.com/images/I/61q2YKpWuQL._AC_UL1102_.jpg,258.21
Ray-Ban RB3507 Clubmaster Aluminum Square Sunglasses,Rated 4.5/5 from 323 Amazon shopper reviews.,https://m.media-amazon.com/images/I/51UKCgTQEYL._AC_UL1500_.jpg,258.00
NIXON Men's NXA0831042 Chronograph Dial Watch,Rated 2.6/5 from 12 Amazon shopper reviews.,https://m.media-amazon.com/images/I/61klgrtcaSL._AC_UL1073_.jpg,257.90
SEIKO watches SPIRIT SMART Spirit smart chronograph solar sapphire glass for everyday life waterproof SBPY119 Men,Rated 4.3/5 from 157 Amazon shopper reviews.,https://m.media-amazon.com/images/I/81t6yTdnpvL._AC_UL1500_.jpg,257.01
"Citizen Eco-Drive Disney Quartz Womens Watch, Stainless Steel, Crystal, Mickey Mouse, Two-Tone (Model: FE7044-52W)",Rated 4.7/5 from 30 Amazon shopper reviews.,https://m.media-amazon.com/images/I/716y6j1sbjS._AC_UL1500_.jpg,256.75
"Citizen Men Analogue Eco-Drive Watch with Titanium Strap BM7470-84E, White, One Size, Bracelet",Rated 4.4/5 from 28 Amazon shopper reviews.,https://m.media-amazon.com/images/I/61ttNHKITQL._AC_UL1307_.jpg,256.52
Movado Men's Swiss Quartz Stainless Steel and Brown Leather Casual Watch (Model: 3600366),Rated 4.7/5 from 59 Amazon shopper reviews.,https://m.media-amazon.com/images/I/916-mOvQ4hL._AC_UL1500_.jpg,256.25
"Bulova Men's Marine Star Two-Tone Stainless Steel Chronograph Quartz Watch, Blue Dial Style: 98H37",Rated 4.7/5 from 576 Amazon shopper reviews.,https://m.media-amazon.com/images/I/61ZXZE15LHS._AC_UL1441_.jpg,255.19
Bulova Crystal Pave 3-Hand Quartz Slim Case Watch,Rated 4.6/5 from 353 Amazon shopper reviews.,https://m.media-amazon.com/images/I/71xLe8ZbziL._AC_UL1500_.jpg,255.00
Michael Kors MK5862 Women's Watch,Rated 4.3/5 from 106 Amazon shopper reviews.,https://m.media-amazon.com/images/I/91a-jkjWbXL._AC_UL1500_.jpg,255.00
Ray-Ban Rb4195mf Scuderia Ferrari Collection Low Bridge Fit Square Sunglasses,Rated 4.1/5 from 19 Amazon shopper reviews.,https://m.media-amazon.com/images/I/512c4lCSvsL._AC_UL1500_.jpg,253.00
"Bulova Ladies' Classic Crystal Rose Gold Stainless Steel 3-Hand Quartz Watch, White Mother-of-Pearl Dial with Crystal Heart Detail Style: 98L303",Rated 4.8/5 from 5 Amazon shopper reviews.,https://m.media-amazon.com/images/I/71HAisprbSL._AC_UL1500_.jpg,251.25
SEIKO 5 Sports Yuto Horigome Limited Edition Black Camouflage Dial Automatic Watch SRPJ39,Rated 3.5/5 from 6 Amazon shopper reviews.,https://m.media-amazon.com/images/I/61wIDM1jCjL._AC_UL1000_.jpg,251.25
"Citizen Men's Eco-Drive Classic Peyton Watch, 3-Hand Date, Sapphire Crystal, Luminous Markers",Rated 2.7/5 from 2 Amazon shopper reviews.,https://m.media-amazon.com/images/I/81aQixtGAqL._AC_UL1500_.jpg,250.80
"Citizen Eco-Drive Men's Disney Donald Duck Watch, Blue IP Stainless Steel on Blue Leather Strap, 3-Hand Day Date, Luminous, 44mm (Model: AW0075-06W)",Rated 4.5/5 from 42 Amazon shopper reviews.,https://m.media-amazon.com/images/I/81wRSWDLo7L._AC_UL1500_.jpg,250.75
"Citizen Men's Eco-Drive Classic Watch in Two-tone Stainless Steel, Champagne Dial (Model: BM7259-51P)",Rated 4.5/5 from 20 Amazon shopper reviews.,https://m.media-amazon.com/images/I/71iFAPNzySL._AC_UL1500_.jpg,250.13
Kate Spade KSW1072 Ladies Gramercy Gold Steel Bracelet Watch,Rated 5/5 from 1 Amazon shopper reviews.,https://m.media-amazon.com/images/I/617VzBwZz9L._AC_UL1001_.jpg,250.00
Bulova Men's 96A134 Classic Round Bracelet Watch,Rated 4.1/5 from 13 Amazon shopper reviews.,https://m.media-amazon.com/images/I/81uhHvhsqSL._AC_UL1500_.jpg,250.00
Nixon Men's A4881530-00 October Analog Display Japanese Quartz Black Watch,Rated 1.5/5 from 4 Amazon shopper reviews.,https://m.media-amazon.com/images/I/81in7xNQDSL._AC_UL1500_.jpg,250.00
"NIXON Regulus SS A1268-100m Water Resistant Men's Digital Sport Watch (46mm Watch Face, 29mm-24mm Stainless Steel Band)",Rated 4.4/5 from 362 Amazon shopper reviews.,https://m.media-amazon.com/images/I/61IvmUq+A6L._AC_UL1282_.jpg,250.00
Marc by Marc Jacobs Women's MBM3207 Skeleton Rose Gold-Tone Stainless Steel Watch with Link Bracelet,Rated 4.8/5 from 16 Amazon shopper reviews.,https://m.media-amazon.com/images/I/81VSK5KeiOL._AC_UL1500_.jpg,250.00
Ray-Ban Rb3696m Scuderia Ferrari Collection Round Sunglasses,Rated 3.8/5 from 7 Amazon shopper reviews.,https://m.media-amazon.com/images/I/51cAicBfF-L._AC_UL1500_.jpg,250.00
Michael Kors Ladies Lexington Wrist Watch,"Rated 4.6/5 from 1,660 Amazon shopper reviews.",https://m.media-amazon.com/images/I/61HN9esaRdL._AC_UL1500_.jpg,250.00
Lacoste Women's 2000996 Victoria Analog Display Quartz Blue Watch,Rated 3.8/5 from 6 Amazon shopper reviews.,https://m.media-amazon.com/images/I/81wBJumGsCL._AC_UL1500_.jpg,250.00
Seiko Men's Stainless Steel Dress Watch Model SKP293,Rated 5/5 from 4 Amazon shopper reviews.,https://m.media-amazon.com/images/I/61zyuu2cG7L._AC_UL1000_.jpg,250.00
Oakley Men's OO4075 Square Wire Rectangular Metal Sunglasses,"Rated 4.6/5 from 1,209 Amazon shopper reviews.",https://m.media-amazon.com/images/I/51ZgrdhyEQL._AC_UL1500_.jpg,250.00
Vivienne Westwood Bloomsbury Women's Quartz Watch with Analogue Display and Stainless Steel Bracelet,Rated 4.2/5 from 16 Amazon shopper reviews.,https://m.media-amazon.com/images/I/816VUE41cwL._AC_UL1500_.jpg,250.00
Michael Kors Women's Lexington Gold-Tone Watch MK5556,Rated 4.5/5 from 289 Amazon shopper reviews.,https://m.media-amazon.com/images/I/81431-34GGL._AC_UL1500_.jpg,250.00
Ray-Ban Rb3686 Square Sunglasses,Rated 4.3/5 from 31 Amazon shopper reviews.,https://m.media-amazon.com/images/I/41SnEr21ATL._AC_UL1500_.jpg,250.00
Citizen Eco-Drive Black Watch,Rated 4.9/5 from 15 Amazon shopper reviews.,https://m.media-amazon.com/images/I/81byRSUApaL._AC_UL1500_.jpg,249.99
Guess Collection GC Sport Chronograph Black Ceramic Mens Watch X76014G2S,Rated 5/5 from 1 Amazon shopper reviews.,https://m.media-amazon.com/images/I/71e2+p580eL._AC_UL1500_.jpg,249.99
Bulova Women's 98L109 Crystal Accented Watch,Rated 3.9/5 from 43 Amazon shopper reviews.,https://m.media-amazon.com/images/I/81y8mPcZoAL._AC_UL1500_.jpg,249.99
Bulova Women's 98M113 WINTER PARK Two Bone Bracelet Watch,Rated 3.9/5 from 56 Amazon shopper reviews.,https://m.media-amazon.com/images/I/818t-g++9WL._AC_UL1500_.jpg,249.99
Bulova Women's 98R157 Two tone bracelet Watch,Rated 3.8/5 from 39 Amazon shopper reviews.,https://m.media-amazon.com/images/I/71YTsX0mGGL._AC_UL1500_.jpg,249.99
Bulova Women's 96R183 Analog Display Analog Quartz Silver Watch,Rated 4/5 from 6 Amazon shopper reviews.,https://m.media-amazon.com/images/I/81T+nGtk9sL._AC_UL1500_.jpg,249.99
Nixon Women's Camden Watch,Rated 4/5 from 11 Amazon shopper reviews.,https://m.media-amazon.com/images/I/81o+tW2OiLL._AC_UL1500_.jpg,249.95
Coach Women's 14502589 Tatum Gold Tone Stainless Crystal Glitz Watch,Rated 3.5/5 from 8 Amazon shopper reviews.,https://m.media-amazon.com/images/I/71Fsxn9N8yL._AC_UL1500_.jpg,249.94
Michael Kors Women's Sawyer Two-Tone Watch MK6225,Rated 4.4/5 from 19 Amazon shopper reviews.,https://m.media-amazon.com/images/I/81MVcwaKtEL._AC_UL1500_.jpg,249.42
"Fossil Men's Machine Chrono Quartz Stainless Steel and Silicone Chronograph Watch, Color: Carbon, Olive (Model: FS5872)",Rated 4.1/5 from 6 Amazon shopper reviews.,https://m.media-amazon.com/images/I/81WnytYeKfL._AC_UL1500_.jpg,249.00
"Fossil Men's Gen 6 44mm Touchscreen Smart Watch with Alexa Built-In, Fitness Tracker, Sleep Tracker, Heart Rate Monitor, GPS, Speaker, Music Control, Smartphone Notifications","Rated 4.2/5 from 2,907 Amazon shopper reviews.",https://m.media-amazon.com/images/I/71Gtzq2yqnL._AC_UL1500_.jpg,249.00
Michael Kors Wren Chronograph Stainless Steel Watch,Rated 4.6/5 from 412 Amazon shopper reviews.,https://m.media-amazon.com/images/I/81kuiERjALL._AC_UL1500_.jpg,249.00
Tory Burch Women's Kira Chevron Zip Continental Wallet,Rated 4.1/5 from 19 Amazon shopper reviews.,https://m.media-amazon.com/images/I/81ATTWh7P2L._AC_UL1500_.jpg,248.00
Kate Spade New York Women's Monroe Quartz Stainless Steel Jewelry Dress Watch,Rated 3.7/5 from 53 Amazon shopper reviews.,https://m.media-amazon.com/images/I/71Am5eRYyRL._AC_UL1500_.jpg,248.00
"Citizen Ladies' Classic Crystal Eco-Drive Watch, 3-Hand, Mother-of-Pearl Dial",Rated 4.7/5 from 37 Amazon shopper reviews.,https://m.media-amazon.com/images/I/71rK56ynvCL._AC_UL1500_.jpg,247.50
Seiko Men's SKZ211K1 Five Sports Stainless Steel Automatic Watch,Rated 4.6/5 from 367 Amazon shopper reviews.,https://m.media-amazon.com/images/I/81zn9EhZRyL._AC_UL1500_.jpg,246.24
"Michael Kors Men's Bayville Automatic Watch with Stainless Steel Strap, Silver, 22 (Model: MK9045)",Rated 4.8/5 from 8 Amazon shopper reviews.,https://m.media-amazon.com/images/I/81T10-m+mnL._AC_UL1500_.jpg,245.73
Seiko 5 Automatic Black Dial Mens Watch SNZG15J1,Rated 4.4/5 from 156 Amazon shopper reviews.,https://m.media-amazon.com/images/I/71EoMeHCrrL._AC_UL1500_.jpg,245.25
SEIKO Men's SNZG13 SEIKO 5 Automatic Black Dial Stainless-Steel Bracelet Watch,Rated 4.4/5 from 415 Amazon shopper reviews.,https://m.media-amazon.com/images/I/71obhaEEcPL._AC_UL1500_.jpg,245.00
Michael Kors MK5756 Women's Camille Gold-Tone Glitz Stainless Steel Bracelet Watch,Rated 4.4/5 from 81 Amazon shopper reviews.,https://m.media-amazon.com/images/I/81wHw6rXbdL._AC_UL1500_.jpg,245.00
Oakley Feedback OO4079 Sunglasses For Men For Women+ BUNDLE Leash +Designer iWear Care Kit,Rated 4.7/5 from 151 Amazon shopper reviews.,https://m.media-amazon.com/images/I/41ebUogA-NL._AC_UL1000_.jpg,245.00
"Citizen Eco-Drive Chandler Mens Watch, Stainless Steel, Weekender",Rated 4.6/5 from 759 Amazon shopper reviews.,https://m.media-amazon.com/images/I/71lZeZrmtEL._AC_UL1500_.jpg,245.00
Bulova Ladies' Classic Diamond Dial Stainless Steel 3-Hand Calendar Date Quartz Watch,Rated 4.5/5 from 31 Amazon shopper reviews.,https://m.media-amazon.com/images/I/71YBAT2MfAL._AC_UL1500_.jpg,244.34
"Citizen Women's Eco-Drive Dress Classic Crystal Watch in Two-tone Stainless Steel, Silver Dial (Model: EW1908-59A)",Rated 4.7/5 from 540 Amazon shopper reviews.,https://m.media-amazon.com/images/I/71qL7ziFjjL._AC_UL1500_.jpg,243.75
"Citizen Men's Sport Casual Brycen Eco-Drive Chronograph Stainless Steel Watch, 12/24 Hour Time, Date, Tachymeter, 100 Meters Water Resistant, Spherical Mineral Crystal, Weekender",Rated 4.8/5 from 53 Amazon shopper reviews.,https://m.media-amazon.com/images/I/81kqR06b0SL._AC_UL1500_.jpg,243.75
COACH Sunglasses HC 8330 512073 Dark Tortoise,Rated 3.9/5 from 6 Amazon shopper reviews.,https://m.media-amazon.com/images/I/61483rK4uuL._AC_UL1500_.jpg,240.35
Bulova Women's 96L158 Classic Round Bracelet Watch,Rated 5/5 from 4 Amazon shopper reviews.,https://m.media-amazon.com/images/I/71lIblREpVL._AC_UL1500_.jpg,240.00
Bulova Women's 98P161 Analog Display Analog Quartz Two Tone Watch,Rated 3.3/5 from 16 Amazon shopper reviews.,https://m.media-amazon.com/images/I/81I04R5wkwL._AC_UL1500_.jpg,240.00
"Bulova Ladies' Classic Diamond 3-Hand Quartz Stainless Steel Watch, 16 Diamonds, Mother-of-Pearl Dial, Curved Mineral Crystal",Rated 4.6/5 from 37 Amazon shopper reviews.,https://m.media-amazon.com/images/I/617lJg1r7sS._AC_UL1500_.jpg,239.99
Seiko 5 SRPD76K1 Men's Watch Automatic Steel,Rated 4.7/5 from 35 Amazon shopper reviews.,https://m.media-amazon.com/images/I/617breqFEXL._AC_UL1440_.jpg,239.98
"SEIKO Clock SKS643P1, Bracelet",Rated 3.8/5 from 14 Amazon shopper reviews.,https://m.media-amazon.com/images/I/71qMAyjP4dL._AC_UL1500_.jpg,239.91
"Citizen, for Men, Analog CA0695-84E, Black/White, Bracelet",Rated 4.6/5 from 203 Amazon shopper reviews.,https://m.media-amazon.com/images/I/61GK4CzWw4L._AC_UL1200_.jpg,239.85
SEIKO Men's SNZG15 SEIKO 5 Automatic Stainless Steel Watch with Nylon Strap,Rated 4.4/5 from 751 Amazon shopper reviews.,https://m.media-amazon.com/images/I/71KvIKbrQ6L._AC_UL1482_.jpg,239.00
"Citizen Men's Eco-Drive Promaster Air Nighthawk Pilot Watch in Stainless Steel, Black Dial (Model: BJ7000-52E)","Rated 4.7/5 from 1,489 Amazon shopper reviews.",https://m.media-amazon.com/images/I/81VeR0a67ES._AC_UL1500_.jpg,239.00
Ray-Ban Men's Rb4264 Chromance Square Sunglasses,"Rated 4.5/5 from 1,325 Amazon shopper reviews.",https://m.media-amazon.com/images/I/51EqIZSIMXL._AC_UL1500_.jpg,239.00
Ray-Ban RB3566CH Chromance Polarized Sunglasses,Rated 4.5/5 from 142 Amazon shopper reviews.,https://m.media-amazon.com/images/I/61vebuYEJBL._AC_UL1500_.jpg,239.00
Ray-Ban Men's RB4309m Scuderia Ferrari Collection Square Sunglasses,Rated 3.9/5 from 27 Amazon shopper reviews.,https://m.media-amazon.com/images/I/519ymSE24KL._AC_UL1500_.jpg,238.00
HOBO Vintage Lauren Wallet,Rated 3.8/5 from 49 Amazon shopper reviews.,https://m.media-amazon.com/images/I/81UKhGEgKFL._AC_UL1500_.jpg,237.83
Oakley Men's Oo4128 Latch Alpha Square Sunglasses,Rated 4.1/5 from 111 Amazon shopper reviews.,https://m.media-amazon.com/images/I/51dZXKDQ+WL._AC_UL1500_.jpg,237.75
"Citizen Eco-Drive Weekender Mens Watch, Stainless Steel with Polyurethane Strap",Rated 4.4/5 from 30 Amazon shopper reviews.,https://m.media-amazon.com/images/I/71W8ZsI+V2L._AC_UL1500_.jpg,236.99
Bulova Men's Classic Stainless Steel Watch with Diamonds and Day Date,Rated 4.6/5 from 785 Amazon shopper reviews.,https://m.media-amazon.com/images/I/61gsKzRh0qS._AC_UL1500_.jpg,236.50
Bulova Ladies Classic Sutton Two-Tone Stainless Steel Bracelet Watch 98L277,Rated 4.9/5 from 22 Amazon shopper reviews.,https://m.media-amazon.com/images/I/51hBaz4d1oL._AC_UL1000_.jpg,236.00
"Citizen Men's Sport Casual 3-Hand Eco-Drive Watch, Day/Date, Luminous Hands and Markers, Field Watch",Rated 4.5/5 from 405 Amazon shopper reviews.,https://m.media-amazon.com/images/I/81IYLPuWK1L._AC_UL1472_.jpg,236.00
Citizen EW2486-52A Women's Eco-Drive White Dial TT Bracelet Watch,Rated 4.1/5 from 21 Amazon shopper reviews.,https://m.media-amazon.com/images/I/613jnoNMgEL._AC_UL1200_.jpg,235.99
"DKNY Women's 'Parsons' Quartz Stainless Steel Casual Watch, Color:Silver-Toned (Model: NY2488)",Rated 5/5 from 2 Amazon shopper reviews.,https://m.media-amazon.com/images/I/61hYnd-+yzL._AC_UL1000_.jpg,235.94
Bulova Women's 98P116 Diamond Mother-Of-Pearl Dial Bracelet Watch,Rated 4.5/5 from 12 Amazon shopper reviews.,https://m.media-amazon.com/images/I/71qU3cPoxBL._AC_UL1500_.jpg,235.03
Seiko Men's SRPC85K Silver Stainless-Steel Automatic Fashion Watch,Rated 4.5/5 from 15 Amazon shopper reviews.,https://m.media-amazon.com/images/I/617yNl+sa+L._AC_UL1000_.jpg,235.00
Nautica Men's N23536G Bfd 101 Dive Style Chrono Watch,Rated 2.8/5 from 3 Amazon shopper reviews.,https://m.media-amazon.com/images/I/81IYV8Ksz9L._AC_UL1500_.jpg,235.00
SEIKO Men's SNXS80K 5 Automatic Gold Dial Gold-Tone Stainless Steel Watch,Rated 4.1/5 from 116 Amazon shopper reviews.,https://m.media-amazon.com/images/I/71844So1FpL._AC_UL1280_.jpg,234.99
Citizen Eco-Drive Movement Black Dial Men's Watch AT2260-53E,Rated 4.8/5 from 7 Amazon shopper reviews.,https://m.media-amazon.com/images/I/613ZlPu2sAL._AC_UL1000_.jpg,234.95
Sunglasses CK 18720 S 244 KHAKI TORTOISE,Rated 4.5/5 from 2 Amazon shopper reviews.,https://m.media-amazon.com/images/I/41e0Xy5BZHL._AC_UL1500_.jpg,234.40
Michael Kors Women's Parker Gold Tone Stainless Steel Watch MK6510,Rated 4.2/5 from 20 Amazon shopper reviews.,https://m.media-amazon.com/images/I/813UJjts7LL._AC_UL1500_.jpg,234.00
Oakley Split Time OO4129 Sunglasses For Men For Women+ BUNDLE Leash+Designer iWear Care Kit,Rated 4.6/5 from 130 Amazon shopper reviews.,https://m.media-amazon.com/images/I/51tj3bZQlVS._AC_UL1500_.jpg,234.00
Oakley Men's Oo9019 Plazma Rectangular Sunglasses,Rated 4.4/5 from 107 Amazon shopper reviews.,https://m.media-amazon.com/images/I/51Xe1T2CwBL._AC_UL1500_.jpg,234.00
Oakley Men's Oo4142 Ejector Rectangular Sunglasses,Rated 4.4/5 from 316 Amazon shopper reviews.,https://m.media-amazon.com/images/I/5194tAKrB1L._AC_UL1500_.jpg,234.00
Oakley Men's Oo9469 Wheel House Square Sunglasses,Rated 4.4/5 from 135 Amazon shopper reviews.,https://m.media-amazon.com/images/I/51euiSyMe2L._AC_UL1500_.jpg,234.00
"Oakley Men's Oo9188 Flak 2.0 XL Polarized Rectangular Sunglasses, Black Matte, 59 mm",Rated 4.5/5 from 7 Amazon shopper reviews.,https://m.media-amazon.com/images/I/51qNpvPTaFL._AC_UL1500_.jpg,234.00
"Citizen Eco-Drive Avion World Time Mens Watch, Stainless Steel with Leather strap, Weekender, Black (Model: BX1010-02E)",Rated 3.7/5 from 71 Amazon shopper reviews.,https://m.media-amazon.com/images/I/81MMa2pcR9L._AC_UL1500_.jpg,233.99
"Bulova Men's Modern Gold Tone Stainless Steel 3-Hand Calendar Date Quartz Watch, Diamond Dial",Rated 4.7/5 from 112 Amazon shopper reviews.,https://m.media-amazon.com/images/I/61e4SjfEFrS._AC_UL1500_.jpg,233.75
Ray-Ban Women's Rb4369m Scuderia Ferrari Collection Square Sunglasses,Rated 5/5 from 7 Amazon shopper reviews.,https://m.media-amazon.com/images/I/51Eb4EdurHL._AC_UL1500_.jpg,233.00
Bulova Men's 98B233 Classic Two-Tone Stainless Steel Watch,Rated 4/5 from 15 Amazon shopper reviews.,https://m.media-amazon.com/images/I/91fgePI9i0L._AC_UL1500_.jpg,232.75
Movado Bold Quartz Black Dial Men's Watch 3600602,Rated 4.3/5 from 72 Amazon shopper reviews.,https://m.media-amazon.com/images/I/51Czl7k1fEL._AC_UL1000_.jpg,232.00
Daniel Wellington Women's 0511DW Classic Bristol Analog Display Quartz Brown Watch,Rated 4.3/5 from 652 Amazon shopper reviews.,https://m.media-amazon.com/images/I/51tLBz4ky1L._AC_UL1500_.jpg,230.61
"Ray-Ban Unisex Sunglasses Black Frame, Light Green Mirror Silver Lenses, 53MM",Rated 5/5 from 1 Amazon shopper reviews.,https://m.media-amazon.com/images/I/41+-7nHoRtL._AC_UL1500_.jpg,230.00
Michael Kors Men's Oversized Goldtone Stainless Steel Oversized Runway Chronograph Watch,Rated 3.5/5 from 2 Amazon shopper reviews.,https://m.media-amazon.com/images/I/71azNTlnTtL._AC_UL1500_.jpg,229.99
Michael Kors Men's Lexington Gold-Tone Watch MK8446,Rated 4.3/5 from 17 Amazon shopper reviews.,https://m.media-amazon.com/images/I/91AkPmkGqYL._AC_UL1500_.jpg,229.99
Michael Kors Women's Bradshaw Stainless Steel Watch MK6537,Rated 4.1/5 from 9 Amazon shopper reviews.,https://m.media-amazon.com/images/I/81++dFHGAhL._AC_UL1500_.jpg,229.99
Michael Kors Women's Slim Runway Logo Black Watch MK3589,Rated 4.6/5 from 30 Amazon shopper reviews.,https://m.media-amazon.com/images/I/91WfYvuFZWL._AC_UL1500_.jpg,229.99
Michael Kors Camile Crystal Pave Dial Crystal Encrusted Ladies Watch MK5869,Rated 4.4/5 from 142 Amazon shopper reviews.,https://m.media-amazon.com/images/I/811tfe8d4SL._AC_UL1500_.jpg,229.99
Michael Kors MK5145 Women's Two Tone Stainless Steel Quartz Chronograph White Dial Watch,Rated 4.6/5 from 570 Amazon shopper reviews.,https://m.media-amazon.com/images/I/61fR1j2B7tL._AC_UL1001_.jpg,229.99
Citizen Watches AW7048-51E Eco-Drive Silver-Tone One Size,Rated 4.7/5 from 11 Amazon shopper reviews.,https://m.media-amazon.com/images/I/81Hb3NVSMsL._AC_UL1500_.jpg,229.99
Bulova Women's 96R167 FAIRLAWN Diamond Bezel Watch,Rated 4.2/5 from 17 Amazon shopper reviews.,https://m.media-amazon.com/images/I/71gmL9PhJNL._AC_UL1500_.jpg,229.99
Michael Kors Women's MK5989 - Skylar Gold/Black Watch,Rated 3.6/5 from 24 Amazon shopper reviews.,https://m.media-amazon.com/images/I/91gxeqaia3L._AC_UL1500_.jpg,229.99
Seiko SRW807 Silver Fashion Watch,Rated 4/5 from 9 Amazon shopper reviews.,https://m.media-amazon.com/images/I/61vrE7kcroL._AC_UL1009_.jpg,229.98
Citizen Men's AW1490-50A Eco-Drive Stainless Steel Day-Date Silver Tone Watch,Rated 4.3/5 from 131 Amazon shopper reviews.,https://m.media-amazon.com/images/I/81c1EDatq6L._AC_UL1500_.jpg,229.95
Daniel Wellington Iconic Watch Rose Gold Stainless Steel (316L),Rated 4.2/5 from 22 Amazon shopper reviews.,https://m.media-amazon.com/images/I/51cZcGbsCHL._AC_UL1500_.jpg,229.00
Daniel Wellington Classic Watch Rose Gold Leather,Rated 4.4/5 from 306 Amazon shopper reviews.,https://m.media-amazon.com/images/I/51czgDeJ9gL._AC_UL1500_.jpg,229.00
SEIKO Men's SNK795 SEIKO 5 Automatic Stainless Steel Watch with Black Dial,"Rated 4.2/5 from 1,088 Amazon shopper reviews.",https://m.media-amazon.com/images/I/81QQcBfQK0L._AC_UL1500_.jpg,229.00
"Vincero Luxury Watch for Men - Apex Men's Wrist Watch with Stainless Steel Watch Band, Italian Men's Wrist Watch, 42mm Analog Watch with Japanese Quartz Movement (Silver/Black)",Rated 4.2/5 from 12 Amazon shopper reviews.,https://m.media-amazon.com/images/I/91cjbRHFWsS._AC_UL1500_.jpg,228.00
SEIKO Black Dial Chronograph Stainless Steel Mens Watch SNDE19,Rated 4.5/5 from 6 Amazon shopper reviews.,https://m.media-amazon.com/images/I/812Y-T52BUL._AC_UL1500_.jpg,228.00
"Bulova Men's Classic Wilton 3-Hand 21-Jewel Automatic Watch, 60 Hour Power Reserve, Luminous Hands, Open Aperture, Roman Numeral Markers Domed Sapphire Crystal, 43mm",Rated 4.5/5 from 629 Amazon shopper reviews.,https://m.media-amazon.com/images/I/81Ys12rFOAL._AC_UL1500_.jpg,227.98
"Citizen Ladies' Classic Corso Eco-Drive Watch, Stainless Steel, 3-Hand Date, Luminous Hands",Rated 4.7/5 from 748 Amazon shopper reviews.,https://m.media-amazon.com/images/I/71S-8uSakAS._AC_UL1500_.jpg,227.50
"SEIKO SRPE60 5 Sports Men's Watch Silver-Tone, Gold-Tone 44.6mm Stainless Steel",Rated 4.1/5 from 55 Amazon shopper reviews.,https://m.media-amazon.com/images/I/71wEYYH4ldL._AC_UL1500_.jpg,227.50
Sunglasses Coach HC 8285 U 512013 Dark Tortoise,Rated 4.9/5 from 11 Amazon shopper reviews.,https://m.media-amazon.com/images/I/61lwHPX6MLL._AC_UL1500_.jpg,227.12
"Ray-Ban Men,Women RB8147 50 Sunglasses 50mm",Rated 5/5 from 6 Amazon shopper reviews.,https://m.media-amazon.com/images/I/51TWH4MIQAS._AC_UL1500_.jpg,225.40
Citizen Men's Military Watch Commemorative Box Set BM8570-09E Personalized & Engraved!,Rated 4.7/5 from 13 Amazon shopper reviews.,https://m.media-amazon.com/images/I/91htBf15KAS._AC_UL1500_.jpg,225.00
Marc by Marc Jacobs Women's MBM3243 Baker Gold-Tone Watch with Link Bracelet,Rated 3.7/5 from 29 Amazon shopper reviews.,https://m.media-amazon.com/images/I/81mQon6SmRL._AC_UL1500_.jpg,225.00
Michael Kors Women's MK5597 Dylan Bronze Watch,Rated 4.1/5 from 4 Amazon shopper reviews.,https://m.media-amazon.com/images/I/41X4XyQ45nL._AC_.jpg,225.00
Marc Jacobs Women's Courtney Rose Gold-Tone Watch - MJ3458,Rated 4/5 from 2 Amazon shopper reviews.,https://m.media-amazon.com/images/I/81kXWxsRinL._AC_UL1500_.jpg,225.00
Seiko Men's SGEB79 Watch,Rated 2.8/5 from 5 Amazon shopper reviews.,https://m.media-amazon.com/images/I/41E903WCHFL._AC_.jpg,225.00
Oakley Square Wire OO4075 Sunglasses For Men+ BUNDLE Leash +Designer iWear Care Kit,Rated 4.6/5 from 140 Amazon shopper reviews.,https://m.media-amazon.com/images/I/41LLjxEGB9L._AC_UL1174_.jpg,225.00
Citizen Axiom Eco-Drive Black Dial Men's Watch,Rated 4.5/5 from 339 Amazon shopper reviews.,https://m.media-amazon.com/images/I/61lsTQbXfrL._AC_UL1500_.jpg,225.00
"Tory Burch Women's Reva Watch Set, 27mm, Gold/Multi, One Size",Rated 4.4/5 from 48 Amazon shopper reviews.,https://m.media-amazon.com/images/I/61GjguAZ2WL._AC_UL1500_.jpg,225.00
Michael Kors Men's Brecken Silver-Tone Watch MK8438,Rated 4/5 from 17 Amazon shopper reviews.,https://m.media-amazon.com/images/I/91UAs2TfNaL._AC_UL1500_.jpg,225.00
"Bulova Men's Marine Star 'Series B' 3-Hand Date Quartz Watch, Luminous Markers, Rotating Dial, 100M Water Resistant, 43mm",Rated 3.9/5 from 23 Amazon shopper reviews.,https://m.media-amazon.com/images/I/61+wWkn3LeL._AC_UL1500_.jpg,224.99
Signature PVC Leather Accordion Zip Around Wallet 52859 Brown Carmine,Rated 5/5 from 1 Amazon shopper reviews.,https://m.media-amazon.com/images/I/61hDNAzDRWL._AC_UL1002_.jpg,224.87
Bulova Men's Precisionist 3-Hand Calendar Leather Strap Watch,Rated 4.7/5 from 608 Amazon shopper reviews.,https://m.media-amazon.com/images/I/71rW1-5cwXL._AC_UL1500_.jpg,224.34
Ray-Ban RB3648 THE MARSHAL Sunglasses For Men For Women + BUNDLE with Designer iWear Complimentary Eyewear Care Kit,Rated 4.3/5 from 65 Amazon shopper reviews.,https://m.media-amazon.com/images/I/41kZJGV-TPL._AC_UL1049_.jpg,224.00
Ray-Ban Rb2298 Hawkeye Square Sunglasses,Rated 4.3/5 from 25 Amazon shopper reviews.,https://m.media-amazon.com/images/I/51h9vKKySjL._AC_UL1500_.jpg,224.00
Ray-Ban Rb3647n Double Bridge Round Sunglasses,"Rated 4.5/5 from 2,914 Amazon shopper reviews.",https://m.media-amazon.com/images/I/61Wivv8YLeL._AC_UL1500_.jpg,224.00
Ray-Ban Men's Rb3560 The Colonel Square Sunglasses,Rated 4.6/5 from 228 Amazon shopper reviews.,https://m.media-amazon.com/images/I/61VkBOkDj5L._AC_UL1500_.jpg,224.00
Fossil Men's ME3080 Modern Machine Automatic Stainless Steel Watch - Black,Rated 4.2/5 from 67 Amazon shopper reviews.,https://m.media-amazon.com/images/I/812y6YDm6kL._AC_UL1500_.jpg,224.00
Oakley Men's Oo9438 Eyejacket Redux Rectangular Sunglasses,Rated 4.4/5 from 110 Amazon shopper reviews.,https://m.media-amazon.com/images/I/51y00mdlxCL._AC_UL1500_.jpg,223.00
Oakley Men's Latch (a) Non-Polarized Iridium Round Sunglasses,Rated 4.3/5 from 38 Amazon shopper reviews.,https://m.media-amazon.com/images/I/515aM3GP00L._AC_UL1500_.jpg,223.00
SEIKO Men's SNAE29 Silver Dial Chronograph Alarm Watch,Rated 3.7/5 from 2 Amazon shopper reviews.,https://m.media-amazon.com/images/I/8161t4xLLCL._AC_UL1500_.jpg,223.00
Oakley Men's Oo9206 Radarlock Path Low Bridge Fit Rectangular Sunglasses,"Rated 4.4/5 from 1,061 Amazon shopper reviews.",https://m.media-amazon.com/images/I/51z+gayxGvL._AC_UL1500_.jpg,222.00
"Citizen Eco-Drive Axiom Womens Watch, Stainless Steel",Rated 4.7/5 from 185 Amazon shopper reviews.,https://m.media-amazon.com/images/I/61tqpLZEZLL._AC_UL1500_.jpg,221.25
"Bulova Men's 3-Hand Calendar Date Quartz Watch, Patterned Dial, 38mm","Rated 4.6/5 from 1,822 Amazon shopper reviews.",https://m.media-amazon.com/images/I/710jKQl3F8L._AC_UL1500_.jpg,221.25
Kate Spade New York Women's Holland Stainless Steel Dress Quartz Watch,Rated 4.5/5 from 514 Amazon shopper reviews.,https://m.media-amazon.com/images/I/81y5SjuTrDL._AC_UL1500_.jpg,221.00
Fossil Men's ME3159 The Commuter Auto Analog Display Mechanical Hand Wind Brown Watch,Rated 4.3/5 from 72 Amazon shopper reviews.,https://m.media-amazon.com/images/I/81B-+b6XBNL._AC_UL1500_.jpg,221.00
SEIKO 5 (Seiko import) Automatic Watch SNZG09J1 imports,Rated 4.1/5 from 348 Amazon shopper reviews.,https://m.media-amazon.com/images/I/71QuxFjUkOL._AC_UL1428_.jpg,220.00
10K Yellow Gold Cubic Zirconia Oval Face Nugget Style Band Pinky or Signet Ring- Size 4-3/4,Rated 5/5 from 2 Amazon shopper reviews.,https://m.media-amazon.com/images/I/61BnoKCZEKL._AC_UL1280_.jpg,219.99
10K Yellow Gold Cubic Zirconia Oval Face Nugget Style Band Pinky or Signet Ring- Size 6,Rated 4.5/5 from 2 Amazon shopper reviews.,https://m.media-amazon.com/images/I/61BnoKCZEKL._AC_UL1280_.jpg,219.99
"Citizen Eco-Drive Casual Quartz Womens Watch, Stainless Steel, Two-Tone (Model: EM0756-53A)",Rated 4.6/5 from 58 Amazon shopper reviews.,https://m.media-amazon.com/images/I/71mt8YcaZ3L._AC_UL1500_.jpg,219.99
SEIKO SRPD71 5 Sports Men's Watch Silver-Tone 42.5mm Stainless Steel,Rated 4.6/5 from 39 Amazon shopper reviews.,https://m.media-amazon.com/images/I/61nEEVK97kL._AC_UL1000_.jpg,219.99
GUESS Women's Gemini Quartz Watch,Rated 4/5 from 15 Amazon shopper reviews.,https://m.media-amazon.com/images/I/71qqFrHYngS._AC_UL1500_.jpg,219.78
Michael Kors Bayville Chronograph Stainless Steel Watch,Rated 4.6/5 from 370 Amazon shopper reviews.,https://m.media-amazon.com/images/I/81N7K7GhmpL._AC_UL1500_.jpg,219.78
Daniel Wellington Quadro Watch Rose Gold Stainless Steel (316L),Rated 4.2/5 from 20 Amazon shopper reviews.,https://m.media-amazon.com/images/I/51CVDF27SmL._AC_UL1500_.jpg,219.00
"Daniel Wellington Quadro Unitone Mesh Watch, 20x26mm",Rated 4.4/5 from 19 Amazon shopper reviews.,https://m.media-amazon.com/images/I/51YOIA-F+yL._AC_UL1500_.jpg,219.00
"Coach Womens Metallic Analogue Watch - CO14503422W (Purple_Free Size), Purple, Free Size",Rated 4.4/5 from 37 Amazon shopper reviews.,https://m.media-amazon.com/images/I/51V+LQ4Tu4L._AC_UL1000_.jpg,219.00
Guess Watch W1168G4,Rated 4.3/5 from 39 Amazon shopper reviews.,https://m.media-amazon.com/images/I/81TYPWYh0cL._AC_UL1500_.jpg,219.00
Seiko 5 Sports Automatic 100m 2 Tone Rose Gold Watch SRPE58K1,Rated 4.5/5 from 47 Amazon shopper reviews.,https://m.media-amazon.com/images/I/61mj+QUB1CL._AC_UL1000_.jpg,219.00
Kate Spade New York Grove Street Neda Zip Around Wallet,Rated 3.8/5 from 16 Amazon shopper reviews.,https://m.media-amazon.com/images/I/91DB3TiY9UL._AC_UL1500_.jpg,219.00
Kate Spade New York Women's Charmine Rectangular Sunglasses,Rated 4.4/5 from 32 Amazon shopper reviews.,https://m.media-amazon.com/images/I/61YWZUEJmCL._AC_UL1500_.jpg,218.97
"Citizen Eco-Drive Disney Quartz Mens Watch, Stainless Steel with Leather strap, Mickey Mouse, Black (Model: AW1596-08W)",Rated 4.6/5 from 27 Amazon shopper reviews.,https://m.media-amazon.com/images/I/81rsQBy4m3L._AC_UL1500_.jpg,218.90
"Oakley Men's OO9290 Jawbreaker Polarized Rectangular Sunglasses, Polished Black/Clear Black Iridium Photochromic, 31 mm",Rated 4.3/5 from 135 Amazon shopper reviews.,https://m.media-amazon.com/images/I/61E3r2pMHqL._AC_UL1500_.jpg,218.40
Fossil Townsman Analog Beige Dial Men's Watch - ME3105,Rated 4.4/5 from 137 Amazon shopper reviews.,https://m.media-amazon.com/images/I/51bCgb5jWHL._AC_UL1000_.jpg,218.00
Michael Kors Men's MK8108 Runaway Stainless Steel White Watch,Rated 4.1/5 from 188 Amazon shopper reviews.,https://m.media-amazon.com/images/I/81gnJKOIPQL._AC_UL1500_.jpg,218.00
"Michael Kors INA MK1020 Sunglasses 116313-56 - Tokyo Tortoise/gold-tone Frame, MK1020-116313-56",Rated 3.5/5 from 16 Amazon shopper reviews.,https://m.media-amazon.com/images/I/71GOUB0zI+L._AC_UL1500_.jpg,217.00
Citizen Watches Promaster Dive BN0155-08E Black One Size,Rated 4.5/5 from 28 Amazon shopper reviews.,https://m.media-amazon.com/images/I/61VavMobRLL._AC_UL1000_.jpg,216.01
Ray-Ban Men's Rb8313 Carbon Fiber Aviator Sunglasses,Rated 4.4/5 from 535 Amazon shopper reviews.,https://m.media-amazon.com/images/I/51SCLtX-V6L._AC_UL1500_.jpg,215.20
"Bulova Men's Military Heritage Hack Stainless Steel 3-Hand Automatic Watch, NATO Leather Strap, Luminous Hands and Markers",Rated 4.5/5 from 308 Amazon shopper reviews.,https://m.media-amazon.com/images/I/51uMObpu-7L._AC_UL1000_.jpg,215.13
Vincero Luxury Men's Chrono S Wrist Watch - Japanese Quartz Movement,Rated 4.5/5 from 994 Amazon shopper reviews.,https://m.media-amazon.com/images/I/81T3pPp-9TL._AC_UL1500_.jpg,215.00
Fossil Women's ME3137 Vintage Muse Automatic Wine Leather Watch,Rated 5/5 from 3 Amazon shopper reviews.,https://m.media-amazon.com/images/I/911bcxfUS9L._AC_UL1500_.jpg,215.00
Michael Kors Men's Dylan Black Watch MK8445,Rated 4.5/5 from 126 Amazon shopper reviews.,https://m.media-amazon.com/images/I/91OgW7cH6lL._AC_UL1500_.jpg,215.00
"Citizen Eco-Drive Weekender Chronograph Mens Watch, Stainless Steel, Black (Model: FB3008-57E)",Rated 4.6/5 from 22 Amazon shopper reviews.,https://m.media-amazon.com/images/I/91a4M7I1trL._AC_UL1500_.jpg,215.00
Michael Kors Men's Runway Silver-Tone Watch MK8086,Rated 4.5/5 from 314 Amazon shopper reviews.,https://m.media-amazon.com/images/I/81JQZgFwSML._AC_UL1500_.jpg,215.00
Michael Kors Women's Runway Rose Gold-Tone Watch MK3247,Rated 4.1/5 from 286 Amazon shopper reviews.,https://m.media-amazon.com/images/I/617p6ep09hL._AC_UL1100_.jpg,215.00
Michael Kors Women's Wren Black Watch MK5961,Rated 4/5 from 82 Amazon shopper reviews.,https://m.media-amazon.com/images/I/91nZTXXOR5L._AC_UL1500_.jpg,215.00
Women Watch Seiko SYMK38 Seiko 5 Seiko 5 Gold Tone Stainless Steel Case and BRAC,Rated 1/5 from 1 Amazon shopper reviews.,https://m.media-amazon.com/images/I/61sCL5AMd0L._AC_UL1140_.jpg,214.81
Oakley Men's Oo9428 Frogskins Mix Square Sunglasses,Rated 5/5 from 9 Amazon shopper reviews.,https://m.media-amazon.com/images/I/61yEu7D3oeL._AC_UL1500_.jpg,214.01
SEIKO Men's Analogue Automatic Watch 5 Sports,"Rated 4.5/5 from 4,983 Amazon shopper reviews.",https://m.media-amazon.com/images/I/81wuTCp95LL._AC_UL1500_.jpg,214.00
Oakley Flak Jacket 43 Polarized Replacement Sunglasses Lenses,Rated 4.5/5 from 559 Amazon shopper reviews.,https://m.media-amazon.com/images/I/51XaRGZtNQL._AC_UL1500_.jpg,214.00
Seiko 5 Sports Automatic Cream Dial Men's Watch SRPH21K1,Rated 4.7/5 from 41 Amazon shopper reviews.,https://m.media-amazon.com/images/I/61c0cRQAo4L._AC_UL1102_.jpg,214.00
Calvin Klein Glam Women's Mesh Bracelet Watch,Rated 4.2/5 from 148 Amazon shopper reviews.,https://m.media-amazon.com/images/I/91NXE8MAVlL._AC_UL1500_.jpg,213.67
"Ray-Ban RB2140 Original Wayfarer Icons Polarized Sunglasses, Tortoise/Brown, 50mm",Rated 4.4/5 from 54 Amazon shopper reviews.,https://m.media-amazon.com/images/I/71AdHw+XotL._AC_UL1500_.jpg,213.00
Ray-Ban RB3025 Polarized Mirror Aviator Sunglasses,Rated 3.2/5 from 10 Amazon shopper reviews.,https://m.media-amazon.com/images/I/71TaYVEKHwL._AC_UL1500_.jpg,213.00
Ray-Ban RB3447 Round Metal Sunglasses + Vision Group Accessories Bundle,Rated 4.3/5 from 41 Amazon shopper reviews.,https://m.media-amazon.com/images/I/511HZBjZ5HL._AC_UL1500_.jpg,213.00
Oakley Men's Si Ball M Frame Sunglasses,Rated 4.6/5 from 255 Amazon shopper reviews.,https://m.media-amazon.com/images/I/41ToshgCHtL._AC_UL1001_.jpg,213.00
Ray Ban RB4075 Sunglasses,Rated 4/5 from 59 Amazon shopper reviews.,https://m.media-amazon.com/images/I/51jIU3vF7hL._AC_SL1500_.jpg,213.00
Ray-Ban Rb3772 Rob Round Sunglasses,Rated 3.9/5 from 6 Amazon shopper reviews.,https://m.media-amazon.com/images/I/411PruKLz1L._AC_UL1500_.jpg,213.00
"Kenneth Cole New York Women's Quartz Stainless Steel Case Stainless Steel Bracelet Rose Gold,(Model:KC4955)",Rated 5/5 from 1 Amazon shopper reviews.,https://m.media-amazon.com/images/I/81cCImE9oSL._AC_UL1500_.jpg,213.00
Ray-Ban RB3447 Round Metal Mirror Unisex Sunglasses,Rated 4.5/5 from 28 Amazon shopper reviews.,https://m.media-amazon.com/images/I/41wwA21KQuL._AC_UL1105_.jpg,213.00
New Polarized RAY-BAN Aviator Sunglasses Gold w/Crystal Brown RB3025 001/57 58MM,Rated 3.9/5 from 3 Amazon shopper reviews.,https://m.media-amazon.com/images/I/51WyVVDetLL._AC_UL1500_.jpg,213.00
Ray-Ban RB3025 112/1Q Gold Frame/Cyclamen Flash Polarized Lens Sunglasses,Rated 4.8/5 from 10 Amazon shopper reviews.,https://m.media-amazon.com/images/I/51ww7flqvPL._AC_UL1001_.jpg,213.00
SEIKO SRPD65 5 Sports Men's Watch Gunmetal 42.5mm Stainless Steel,Rated 4.5/5 from 202 Amazon shopper reviews.,https://m.media-amazon.com/images/I/61Bmy1P5q0L._AC_UL1102_.jpg,212.74
"Bulova Men's Classic Chronograph Surveyor Watch, 43mm",Rated 4.5/5 from 424 Amazon shopper reviews.,https://m.media-amazon.com/images/I/81FcCdshqUS._AC_UL1500_.jpg,212.74
Coach Tristen Bracelet Watch Gold/Dark Blue One Size,Rated 5/5 from 1 Amazon shopper reviews.,https://m.media-amazon.com/images/I/71gx1aYSDcL._AC_UL1500_.jpg,212.50
Fossil Men's ME3095 Mechanical Analog Display Mechanical Hand Wind Brown Watch,Rated 4.3/5 from 38 Amazon shopper reviews.,https://m.media-amazon.com/images/I/91Q3sCxRdBL._AC_UL1500_.jpg,212.00
Oakley Men's Oo9100 Leffingwell Rectangular Sunglasses,Rated 4.4/5 from 19 Amazon shopper reviews.,https://m.media-amazon.com/images/I/51Mm-mT6fXL._AC_UL1500_.jpg,212.00
"Fossil Women's Original Boyfriend Automatic Stainless Steel and Leather Casual Watch, Color: Rose Gold, Grey (Model: ME3089)",Rated 4.3/5 from 90 Amazon shopper reviews.,https://m.media-amazon.com/images/I/81+r1CYvU5L._AC_UL1500_.jpg,212.00
Michael Kors Women's Parker Silver-Tone Watch MK6117,Rated 4.5/5 from 50 Amazon shopper reviews.,https://m.media-amazon.com/images/I/91XN4gt1GTL._AC_UL1500_.jpg,212.00
SEIKO Spirit Watch Solar Sapphire Glass SBPX071 Men,Rated 4.7/5 from 10 Amazon shopper reviews.,https://m.media-amazon.com/images/I/81bmP-sfXSL._AC_UL1500_.jpg,211.90
Michael Kors Women's MK2718 Courtney Analog Display Analog Quartz Pink Watch,Rated 4/5 from 29 Amazon shopper reviews.,https://m.media-amazon.com/images/I/81vsHvSlxfL._AC_UL1500_.jpg,211.50
Oakley OO9208 Radar Ev Path Sunglasses+ Vision Group Accessories Bundle,Rated 4.7/5 from 54 Amazon shopper reviews.,https://m.media-amazon.com/images/I/51O9t8+PqkS._AC_UL1500_.jpg,211.00
Oakley Men's Oo9211 Radar Ev Pitch Rectangular Sunglasses,Rated 4.7/5 from 320 Amazon shopper reviews.,https://m.media-amazon.com/images/I/61VrEnG75TL._AC_UL1500_.jpg,211.00
Bulova Ladies Classic Sutton Watch,Rated 4.6/5 from 209 Amazon shopper reviews.,https://m.media-amazon.com/images/I/715SOeMNDeL._AC_UL1500_.jpg,210.94
Michael Kors Precious Metal-Plated Sterling Silver Pavé Nesting Ring Silver 8,Rated 4.2/5 from 4 Amazon shopper reviews.,https://m.media-amazon.com/images/I/81CuAdSejJL._AC_UL1500_.jpg,210.00
"SEIKO Men's SGEH88 Analog Display Japanese Quartz Brown Watch, Pink Gold",Rated 4.4/5 from 68 Amazon shopper reviews.,https://m.media-amazon.com/images/I/81AsCmTO4DL._AC_UL1500_.jpg,210.00
SEIKO SRPD67 5 Sports Men's Watch Silver-Tone 42.5mm Stainless Steel,Rated 4.5/5 from 122 Amazon shopper reviews.,https://m.media-amazon.com/images/I/61r+jRdAaOL._AC_UL1000_.jpg,210.00
A|X Armani Exchange Women's Quartz Watch with Stainless Steel Strap,Rated 4.8/5 from 14 Amazon shopper reviews.,https://m.media-amazon.com/images/I/518YAGLkezL._AC_UL1000_.jpg,210.00
GUESS 48MM Crystal Embellished Watch,"Rated 4.6/5 from 2,199 Amazon shopper reviews.",https://m.media-amazon.com/images/I/A1HTssBOo8L._AC_UL1500_.jpg,210.00
Ray-Ban Rb3583n Blaze General Square Sunglasses,Rated 4/5 from 47 Amazon shopper reviews.,https://m.media-amazon.com/images/I/61SO0m1fTPL._AC_UL1500_.jpg,210.00
Citizen Axiom Eco-Drive Men's Watch,Rated 4.5/5 from 222 Amazon shopper reviews.,https://m.media-amazon.com/images/I/71jSX+YEK3S._AC_UL1500_.jpg,209.99
14K Yellow Gold Nugget Style Tapered Band or Pinky Ring - Size 5,Rated 3.5/5 from 4 Amazon shopper reviews.,https://m.media-amazon.com/images/I/51RBWxTlDaL._AC_UL1280_.jpg,209.99
CK Ladies'Watch XS Analogue Quartz K3M231CS Leather,Rated 4.8/5 from 4 Amazon shopper reviews.,https://m.media-amazon.com/images/I/61u7X8eQN3L._AC_UL1500_.jpg,209.83
"Fossil Women's Gen 6 42mm Touchscreen Smart Watch with Alexa Built-In, Fitness Tracker, Sleep Tracker, Heart Rate Monitor, GPS, Speaker, Music Control, Smartphone Notifications","Rated 4.3/5 from 1,521 Amazon shopper reviews.",https://m.media-amazon.com/images/I/71e-7qL7O2L._AC_UL1500_.jpg,209.30
Bulova Men's 97A132 Automatic Gold-Tone Bracelet 42mm Watch,Rated 4.6/5 from 5 Amazon shopper reviews.,https://m.media-amazon.com/images/I/91noDAVZ+bL._AC_UL1500_.jpg,209.00
Fossil Women's ES3460 Curator Analog Display Analog Quartz Gold Watch,Rated 4.5/5 from 6 Amazon shopper reviews.,https://m.media-amazon.com/images/I/71pI69lNsvL._AC_UL1500_.jpg,209.00
SEIKO SRPD95 5 Sports Men's Watch Black 42.5mm Stainless Steel,Rated 4.4/5 from 150 Amazon shopper reviews.,https://m.media-amazon.com/images/I/61wWAgaLJGL._AC_UL1000_.jpg,209.00
Citizen Calendrier Eco-Drive Men's Watch,Rated 4.4/5 from 70 Amazon shopper reviews.,https://m.media-amazon.com/images/I/61zk2kUEtmL._AC_UL1000_.jpg,209.00
Bulova Two-Tone Rose Gold Diamond Watch,Rated 3.9/5 from 26 Amazon shopper reviews.,https://m.media-amazon.com/images/I/61i-IdihYyL._AC_UL1000_.jpg,208.99
"Bulova Men's Classic Dress 6-Hand Multi-Function Day/Date Quartz Watch, Black Patterned Dial, 43mm",Rated 4.7/5 from 947 Amazon shopper reviews.,https://m.media-amazon.com/images/I/81EcxcQB37L._AC_UL1500_.jpg,208.95
Oakley Men's Oo4124 Gauge 8 Rectangular Sunglasses,Rated 4.6/5 from 553 Amazon shopper reviews.,https://m.media-amazon.com/images/I/51F5Et3tWXL._AC_UL1500_.jpg,208.80
Oakley Men's Oo9440 Clifden Round Sunglasses,"Rated 4.5/5 from 1,041 Amazon shopper reviews.",https://m.media-amazon.com/images/I/61T7SPYoK2L._AC_UL1500_.jpg,208.80
"Citizen Men's Eco-Drive Weekender Chronograph Watch in Black IP Stainless Steel with Brown Leather strap, Black Dial (Model: AT2447-01E)",Rated 4.4/5 from 248 Amazon shopper reviews.,https://m.media-amazon.com/images/I/91JK8xNmoCL._AC_UL1500_.jpg,208.22
Ray-Ban RB3362 COCKPIT Sunglasses For Men For Women + BUNDLE with Designer iWear Complimentary Eyewear Care Kit,Rated 4.3/5 from 58 Amazon shopper reviews.,https://m.media-amazon.com/images/I/41cyIsqPqKL._AC_UL1007_.jpg,208.00
"Ray-Ban Sunglasses (RB4242 49) Plastic,Nylon",Rated 4/5 from 68 Amazon shopper reviews.,https://m.media-amazon.com/images/I/71T210ryq7L._AC_UL1500_.jpg,208.00
Michael Kors Women's MK5412 Dylan Rose-Tone Watch,Rated 4.4/5 from 230 Amazon shopper reviews.,https://m.media-amazon.com/images/I/81feL5US4pL._AC_UL1500_.jpg,208.00
Coach Women's Accordion Wallet,Rated 4.5/5 from 63 Amazon shopper reviews.,https://m.media-amazon.com/images/I/41Eib7p-3UL._AC_.jpg,208.00
Ray-Ban Rb4302m Scuderia Ferrari Collection Square Sunglasses,Rated 4.3/5 from 139 Amazon shopper reviews.,https://m.media-amazon.com/images/I/51AI-eaEivL._AC_UL1500_.jpg,208.00
Seiko 5 Sports #SNZB26J1 Men's Japan Gold Tone Stainless Steel 100M Automatic Dive Watc1 by Seiko Watches,Rated 4.1/5 from 81 Amazon shopper reviews.,https://m.media-amazon.com/images/I/618IOHcRipL._AC_UL1200_.jpg,207.00
Bulova Men's Classic Rectangle 2-Hand Quartz Watch,Rated 4.7/5 from 399 Amazon shopper reviews.,https://m.media-amazon.com/images/I/61-NICYleSL._AC_UL1500_.jpg,206.87
Ray-Ban Rb3543 Chromance Aviator Sunglasses,Rated 4.5/5 from 597 Amazon shopper reviews.,https://m.media-amazon.com/images/I/51aMPEiih-L._AC_UL1500_.jpg,206.49
Seiko 5 Sports Automatic Blue Dial Leather Mens Watch SRPG39K1,Rated 4.4/5 from 69 Amazon shopper reviews.,https://m.media-amazon.com/images/I/61W1xI9M-KL._AC_UL1440_.jpg,206.25
"SEIKO Men's Analogue Automatic Watch SRPG63K1, Gray, 40mm, Fashionable.",Rated 4.6/5 from 15 Amazon shopper reviews.,https://m.media-amazon.com/images/I/61v0HA9YsYS._AC_UL1010_.jpg,206.25
Seiko SRPE53 Seiko 5 Sports Men's Watch Silver-tone 44.6mm Stainless Steel,Rated 4.3/5 from 34 Amazon shopper reviews.,https://m.media-amazon.com/images/I/71FwZzp+UBL._AC_SL1500_.jpg,206.25
"Citizen Ladies' Classic Silhouette Crystal Eco-Drive Watch, 3-Hand Date, Luminous Hands",Rated 4.6/5 from 977 Amazon shopper reviews.,https://m.media-amazon.com/images/I/81-yfqlQXaL._AC_UL1500_.jpg,206.25
SEIKO Men's SNKP23 RECRAFT Series Analog Display Automatic Self Wind Silver Watch,Rated 4.4/5 from 873 Amazon shopper reviews.,https://m.media-amazon.com/images/I/91b3UiYFdeL._AC_UL1500_.jpg,206.25
"Citizen Women's Drive Quartz Stainless Steel Strap, Pink, 11 Casual Watch",Rated 4.2/5 from 57 Amazon shopper reviews.,https://m.media-amazon.com/images/I/711z2Daan7L._AC_UL1500_.jpg,206.25
"Citizen Men's Sport Casual 3-Hand Eco Drive Watch, 100 Meters Water Resistant, Luminous Hands and Markers",Rated 4.5/5 from 41 Amazon shopper reviews.,https://m.media-amazon.com/images/I/718ZZ1n4RIL._AC_UL1500_.jpg,206.25
Seiko Women's SXDE20 Coutura Watch,Rated 3/5 from 6 Amazon shopper reviews.,https://m.media-amazon.com/images/I/71nwZAn79mL._AC_UL1500_.jpg,206.25
"Citizen Eco-Drive Garrison Quartz Mens Watch, Stainless Steel with Leather strap, Field watch, Black (Model: BM6835-15E)",Rated 4.4/5 from 49 Amazon shopper reviews.,https://m.media-amazon.com/images/I/81F5QmWDWqL._AC_UL1500_.jpg,205.99
"Bulova Ladies' Classic Surveyor Stainless Steel 3-Hand Calendar Date Quartz Watch, Diamond Dial on White Mother-of-Pearl Style: 96P218",Rated 3.8/5 from 12 Amazon shopper reviews.,https://m.media-amazon.com/images/I/61H+cw4gCAL._AC_UL1500_.jpg,205.60
Michael Kors MK2290 Women's Watch,Rated 4.5/5 from 11 Amazon shopper reviews.,https://m.media-amazon.com/images/I/914XdkJV5GL._AC_UL1500_.jpg,205.00
Ray-Ban RB2168 METEOR Sunglasses For Men For Women+ BUNDLE with Designer iWear Complimentary Eyewear Care Kit,Rated 4.5/5 from 20 Amazon shopper reviews.,https://m.media-amazon.com/images/I/41WcuH5O3CL._AC_UL1000_.jpg,205.00
Michael Kors Layton Chronograph Stainless Steel Watch,Rated 4.6/5 from 179 Amazon shopper reviews.,https://m.media-amazon.com/images/I/81vXVu8xDJL._AC_UL1500_.jpg,205.00
Hugo Boss Deep Ocean Black Quartz Analog Men's Watch 1513229,Rated 1/5 from 1 Amazon shopper reviews.,https://m.media-amazon.com/images/I/61GONNti0dL._AC_UL1167_.jpg,205.00
Michael Kors MK8274 Men's Watch,Rated 4/5 from 6 Amazon shopper reviews.,https://m.media-amazon.com/images/I/81juD3PVXqL._AC_UL1500_.jpg,205.00
Ray-Ban Mens Sunglasses (RB4255) Plastic,Rated 4.3/5 from 206 Amazon shopper reviews.,https://m.media-amazon.com/images/I/51xa0losaGL._AC_UL1500_.jpg,205.00
Michael Kors Women's Catlin Silver-Tone Watch MK3355,Rated 4.1/5 from 31 Amazon shopper reviews.,https://m.media-amazon.com/images/I/81gbCp8S8kL._AC_UL1500_.jpg,205.00
Fossil Women's ME3136 Original Boyfriend Automatic Blue Leather Watch,Rated 2.6/5 from 8 Amazon shopper reviews.,https://m.media-amazon.com/images/I/91CNOPdZXKL._AC_UL1500_.jpg,205.00
Michael Kors Women's Runway Black Watch MK5191,"Rated 4.7/5 from 1,031 Amazon shopper reviews.",https://m.media-amazon.com/images/I/51wphO5cXbL._AC_UL1001_.jpg,205.00
Michael Kors Men's Jaryn Silver Watch MK8541,Rated 5/5 from 3 Amazon shopper reviews.,https://m.media-amazon.com/images/I/91S8ZjOTiEL._AC_UL1500_.jpg,205.00
Michael Kors Women's Brecken Rose Gold-Tone Watch MK6367,Rated 3.9/5 from 44 Amazon shopper reviews.,https://m.media-amazon.com/images/I/81wlaOFPGkL._AC_UL1500_.jpg,205.00
Seiko SNXS77 Automatic Blue Day Date Dial Silver Steel Bracelet Men Watch NEW,"Rated 4.3/5 from 2,535 Amazon shopper reviews.",https://m.media-amazon.com/images/I/71eC29IfLHL._AC_UL1500_.jpg,205.00
Fossil Men's ME3085 Townsman Automatic Leather Watch - Black,Rated 5/5 from 4 Amazon shopper reviews.,https://m.media-amazon.com/images/I/91PN4r4qcfL._AC_UL1500_.jpg,205.00
Michael Kors Women's Wren Gold-Tone Watch MK6290,Rated 3.8/5 from 6 Amazon shopper reviews.,https://m.media-amazon.com/images/I/91EbvRGlnCL._AC_UL1500_.jpg,204.00
"Citizen Men's Sport Casual Garrison 3-Hand Eco-Drive Cordura® Strap Watch, Arabic Markers, Black Ion-Plated, 12/24 Hour Time, Luminous Hands and Markers, Field Watch","Rated 4.5/5 from 1,604 Amazon shopper reviews.",https://m.media-amazon.com/images/I/81pkXJ3S99L._AC_UL1500_.jpg,203.99
BRAHMIN Ady Wallet,Rated 4.7/5 from 53 Amazon shopper reviews.,https://m.media-amazon.com/images/I/71IW5S-LJSL._AC_SL1500_.jpg,203.75
Oakley Men's Oo9265 Latch Oval Sunglasses,Rated 4.6/5 from 748 Amazon shopper reviews.,https://m.media-amazon.com/images/I/51AvRrSz6bL._AC_UL1500_.jpg,203.40
Oakley Women's Oo9191 Unstoppable Rectangular Sunglasses,Rated 4.6/5 from 169 Amazon shopper reviews.,https://m.media-amazon.com/images/I/51O9w0qGO-L._AC_UL1500_.jpg,203.00
"Ray-Ban Unisex Sunglasses Black Frame, Green Classic G-15 Lenses, 51MM",Rated 4.4/5 from 140 Amazon shopper reviews.,https://m.media-amazon.com/images/I/41HjnC1Yf2L._AC_UL1500_.jpg,202.40
Michael Kors Rose Gold-Tone Glitz Parker Women's Watch,Rated 3.8/5 from 57 Amazon shopper reviews.,https://m.media-amazon.com/images/I/313p0JvcyXL._AC_.jpg,202.00
Michael Kors Women's Parker Gold-Tone Watch MK6326,Rated 4.7/5 from 322 Amazon shopper reviews.,https://m.media-amazon.com/images/I/91olTUKlFYL._AC_UL1500_.jpg,202.00
Michael Kors Women's MK5137 Two-Tone Runway Watch,Rated 3.8/5 from 22 Amazon shopper reviews.,https://m.media-amazon.com/images/I/81eBbTY4ocL._AC_UL1500_.jpg,202.00
SEIKO Women's SYMC21 5 Automatic Silver Dial Stainless Steel Watch,Rated 3.9/5 from 176 Amazon shopper reviews.,https://m.media-amazon.com/images/I/71dBKbg5UHL._AC_UL1500_.jpg,201.39
Ray Ban Wayfarer RB2132 894/76 Havana/Blue-Green Mirror Polarized 52mm Sunglasses,Rated 4.7/5 from 5 Amazon shopper reviews.,https://m.media-amazon.com/images/I/61iRzaCHClL._AC_UL1500_.jpg,201.00
Kate Spade Rosedale Quartz Watch,Rated 4.8/5 from 13 Amazon shopper reviews.,https://m.media-amazon.com/images/I/51tKoUwvVvL._AC_UL1500_.jpg,200.64
Oakley Men's OO9416 Split Shot Rectangular Sunglasses,"Rated 4.6/5 from 1,167 Amazon shopper reviews.",https://m.media-amazon.com/images/I/51PSdCi2cRL._AC_UL1500_.jpg,200.00
Oakley Holbrook XL Sunglasses Black Ink with Prizm Ruby Polarized Lens + Sticker,Rated 5/5 from 3 Amazon shopper reviews.,https://m.media-amazon.com/images/I/71qC0ZhmBwL._AC_UL1500_.jpg,200.00
Ray-Ban RB3697 Wings Ii Square Sunglasses,Rated 4.5/5 from 460 Amazon shopper reviews.,https://m.media-amazon.com/images/I/617wc1pkdFL._AC_UL1500_.jpg,200.00
Ray-Ban Rb4292n Blaze Double Bridge Square Sunglasses,Rated 4.4/5 from 556 Amazon shopper reviews.,https://m.media-amazon.com/images/I/51uAWxZ3hNL._AC_UL1500_.jpg,200.00
Ray-Ban Rb3574n Blaze Round Sunglasses,Rated 4.4/5 from 250 Amazon shopper reviews.,https://m.media-amazon.com/images/I/6156lN4fmqL._AC_UL1500_.jpg,200.00
Ray-Ban Rb3025jm Classic Full Color Metal Aviator Sunglasses,Rated 4.5/5 from 195 Amazon shopper reviews.,https://m.media-amazon.com/images/I/51yXzVT1oKL._AC_UL1500_.jpg,200.00
Oakley Men's Frogskins LX OO2043-02 Wayfarer Sunglasses,Rated 4/5 from 85 Amazon shopper reviews.,https://m.media-amazon.com/images/I/61MyoyGlW9L._AC_UL1500_.jpg,200.00
Oakley Women's Oo4079 Feedback Aviator Sunglasses,"Rated 4.6/5 from 2,057 Amazon shopper reviews.",https://m.media-amazon.com/images/I/51iOj0Xd7zL._AC_UL1500_.jpg,200.00
"NIXON Ripley A1267 - Analog and Digital Watch for Men - Expedition and Adventure Sport Watch - Men's Fashion Watch - 47mm Watch Face, 23mm PU Band",Rated 4.3/5 from 211 Amazon shopper reviews.,https://m.media-amazon.com/images/I/6183aIPAi1L._AC_UL1282_.jpg,200.00
"Ray-Ban Unisex Sunglasses Gold Frame, Green Classic Lenses, 61MM",Rated 4.3/5 from 27 Amazon shopper reviews.,https://m.media-amazon.com/images/I/51CjK+xgPkL._AC_UL1500_.jpg,200.00
Oakley Split Shot OO9416 Rectangle Sunglasses for Men + BUNDLE Leash + BUNDLE with Designer iWear Eyewear Kit,Rated 4.7/5 from 56 Amazon shopper reviews.,https://m.media-amazon.com/images/I/51oWKdKtIDL._AC_UL1500_.jpg,200.00
"Citizen Eco-Drive Casual Womens Watch, Stainless Steel",Rated 4.5/5 from 674 Amazon shopper reviews.,https://m.media-amazon.com/images/I/81IKursoCNL._AC_UL1500_.jpg,200.00
"Seiko Men's SNE430 Japanese Quartz Stainless Steel Watch, Color:Two Tone, Solar",Rated 4.3/5 from 36 Amazon shopper reviews.,https://m.media-amazon.com/images/I/91OZxVGul+L._AC_UL1500_.jpg,199.99
Seiko Men's SNKK94K1 Classic Silver Watch,Rated 4.6/5 from 8 Amazon shopper reviews.,https://m.media-amazon.com/images/I/61AKe7I6GKL._AC_UL1200_.jpg,199.99
Michael Kors Women's Darci Grey Rose Gold-Tone Watch MK3584,Rated 4.5/5 from 13 Amazon shopper reviews.,https://m.media-amazon.com/images/I/81IeRXntYFL._AC_UL1500_.jpg,199.99
Michael Kors Women's MK6186 - Brinkley Silver Watch,Rated 3.8/5 from 12 Amazon shopper reviews.,https://m.media-amazon.com/images/I/91zFmokaehL._AC_UL1500_.jpg,199.99
Michael Kors Women's Darci Gold-Tone Watch MK3398,Rated 3.4/5 from 21 Amazon shopper reviews.,https://m.media-amazon.com/images/I/81Uj4QVKiCL._AC_UL1500_.jpg,199.99
"Citizen Connected Quartz Mens Watch, Stainless Steel, Silver-Tone (Model: CX0000-71A)",Rated 4.7/5 from 6 Amazon shopper reviews.,https://m.media-amazon.com/images/I/71aHnprJl4L._AC_UL1500_.jpg,199.99
Kate Spade New York Cameron Large Slim Bifold Wallet (Cherrywood/Warm Vellum),Rated 4.7/5 from 174 Amazon shopper reviews.,https://m.media-amazon.com/images/I/612zJKPdmOL._AC_UL1500_.jpg,199.99
Bulova Women's 98R167 Diamond Case Watch,Rated 4.5/5 from 38 Amazon shopper reviews.,https://m.media-amazon.com/images/I/81vRiapkaAL._AC_UL1500_.jpg,199.99
Michael Kors MK5754 Mens Golden Everest Chronograph Watch,Rated 4.6/5 from 18 Amazon shopper reviews.,https://m.media-amazon.com/images/I/71bOWPJFqkL._AC_UL1200_.jpg,199.99
Michael Kors Watch Women's Rose Gold Plated Stainless Steel Bracelet MK5128,Rated 4.4/5 from 440 Amazon shopper reviews.,https://m.media-amazon.com/images/I/81BRQOuK1RL._AC_UL1500_.jpg,199.95
Oakley Men's Oo4060 Crosshair Aviator Sunglasses,Rated 4.7/5 from 828 Amazon shopper reviews.,https://m.media-amazon.com/images/I/4155K3W1TQL._AC_UL1500_.jpg,199.95
"SEIKO Men's SSB325 Analog Display Japanese Quartz Black Watch, White",Rated 4.4/5 from 177 Amazon shopper reviews.,https://m.media-amazon.com/images/I/81eTple18kL._AC_UL1500_.jpg,199.75
"Bulova Ladies' Classic Stainless Steel 3-Hand Quartz Watch, Diamond Dial and Bezel with White Mother-of-Pearl Dial Style: 96R233",Rated 4.2/5 from 64 Amazon shopper reviews.,https://m.media-amazon.com/images/I/71rwgamuMuL._AC_UL1500_.jpg,199.01
Daniel Wellington Classic Watch Rose Gold Fabric (Polyester),"Rated 4.4/5 from 1,013 Amazon shopper reviews.",https://m.media-amazon.com/images/I/51Y4zKmqM7L._AC_UL1500_.jpg,199.00
Seiko Men's SGN018 Le Grand Sport Dual Sub-dial Watch,Rated 5/5 from 1 Amazon shopper reviews.,https://m.media-amazon.com/images/I/61yMIIJffJS._AC_UL1055_.jpg,199.00
Fossil Georgia Analog Rose Gold Dial Women's Watch - ES3226,Rated 4.4/5 from 405 Amazon shopper reviews.,https://m.media-amazon.com/images/I/81rAtB53qmL._AC_UL1500_.jpg,199.00
Ray-Ban RB0840s Mega Wayfarer Square Sunglasses,Rated 4.6/5 from 51 Amazon shopper reviews.,https://m.media-amazon.com/images/I/518o+lzPL-L._AC_UL1500_.jpg,199.00
Ray-Ban Women's Rb4310m Scuderia Ferrari Collection Aviator Sunglasses,Rated 4/5 from 1 Amazon shopper reviews.,https://m.media-amazon.com/images/I/511RfVwLRlL._AC_UL1500_.jpg,199.00
"Daniel Wellington Classic Sheffield Watch, Italian Black Leather Band","Rated 4.4/5 from 4,313 Amazon shopper reviews.",https://m.media-amazon.com/images/I/51-bX4XfkCL._AC_UL1500_.jpg,199.00
Bulova Women's 96L242 Swarovski Crystal Stainless Steel Watch,Rated 4.3/5 from 66 Amazon shopper reviews.,https://m.media-amazon.com/images/I/91Xyn-cSQXL._AC_UL1500_.jpg,199.00
Ray-Ban Rb3670ch Chromance Square Sunglasses,Rated 4.7/5 from 17 Amazon shopper reviews.,https://m.media-amazon.com/images/I/51InIG3n3DL._AC_UL1500_.jpg,198.40
Michael Kors Women's Runway Two-Hand Pink-Tone Ceramic Watch MK6622,Rated 5/5 from 1 Amazon shopper reviews.,https://m.media-amazon.com/images/I/51nUgP-QQUL._AC_UL1000_.jpg,198.00
Michael Kors Women's MK3223 Slim Runway Rose Gold-Tone Stainless Steel Bracelet Watch,Rated 4.2/5 from 158 Amazon shopper reviews.,https://m.media-amazon.com/images/I/71kvwAjmQAL._AC_UL1500_.jpg,198.00
Michael Kors Women's Brecken Blue Watch MK6361,Rated 4.1/5 from 9 Amazon shopper reviews.,https://m.media-amazon.com/images/I/91Utf2dSjOL._AC_UL1500_.jpg,198.00
"Michael Kors Women's Stainless Steel Analog-Quartz Watch with Stainless-Steel Strap, Gold, 18 (Model: MK6490)",Rated 5/5 from 5 Amazon shopper reviews.,https://m.media-amazon.com/images/I/91vFjSS+AAL._AC_UL1500_.jpg,198.00
Michael Kors MK5755 Women's Watch,Rated 3.9/5 from 15 Amazon shopper reviews.,https://m.media-amazon.com/images/I/41yU6rOgzhL._AC_.jpg,198.00
Fossil Men's ME3084 Townsman Automatic Black Leather Watch,Rated 3.6/5 from 4 Amazon shopper reviews.,https://m.media-amazon.com/images/I/91sGhcX1sPL._AC_UL1500_.jpg,198.00
Michael Kors Women's Lexington Gold-Tone Watch MK6473,Rated 3.9/5 from 9 Amazon shopper reviews.,https://m.media-amazon.com/images/I/81pFsXeT-iL._AC_UL1500_.jpg,198.00
Michael Kors Women's MK3317 - Slim Runway Twist Black Watch,Rated 4.4/5 from 209 Amazon shopper reviews.,https://m.media-amazon.com/images/I/71PRkKD4TcL._AC_UL1500_.jpg,198.00
Michael Kors Women's Parker Blue Watch MK2280,Rated 4.4/5 from 267 Amazon shopper reviews.,https://m.media-amazon.com/images/I/81mwtp1LgxL._AC_UL1500_.jpg,198.00
Michael Kors Women's MK6625 Channing Analog Display Quartz Black Watch,Rated 4.6/5 from 27 Amazon shopper reviews.,https://m.media-amazon.com/images/I/814PjnopD8L._AC_UL1500_.jpg,198.00
Michael Kors Women's MK3400 - Darci Rose Gold Watch,Rated 4.5/5 from 8 Amazon shopper reviews.,https://m.media-amazon.com/images/I/91Th8pVSQmL._AC_UL1500_.jpg,198.00
Rebecca Minkoff Edie Wallet on a Chain,Rated 4.8/5 from 8 Amazon shopper reviews.,https://m.media-amazon.com/images/I/71dTriBbQTL._AC_UL1500_.jpg,198.00
Ray Ban Mens Sunglasses RB3530 002/9A Black Green Lens 58mm Authentic,Rated 3.5/5 from 6 Amazon shopper reviews.,https://m.media-amazon.com/images/I/712kzFO41cL._AC_UL1500_.jpg,198.00
Michael Kors Women's Delray White Watch MK4315,Rated 4.3/5 from 21 Amazon shopper reviews.,https://m.media-amazon.com/images/I/81PJgaTT4LL._AC_UL1500_.jpg,198.00
"Michael Kors Women's Two Tone Lexington Watch, Silver/Gold, One Size",Rated 4.6/5 from 53 Amazon shopper reviews.,https://m.media-amazon.com/images/I/61Ve9NXln9L._AC_UL1000_.jpg,197.99
Bulova Jewelry Men's Precisionist Diamond Pendant Necklace with Box Chain,Rated 4.7/5 from 57 Amazon shopper reviews.,https://m.media-amazon.com/images/I/61IblUUCFFL._AC_UL1500_.jpg,197.50
Ray-Ban RB4101 Jackie Ohh Sunglasses + Vision Group Accessories Bundle,Rated 4.5/5 from 35 Amazon shopper reviews.,https://m.media-amazon.com/images/I/51X9W1ibwKS._AC_UL1500_.jpg,197.00
"Citizen Men's Sport Casual 3-Hand Eco-Drive Watch, Day/Date, Patterned Dial, Domed Mineral Crystal",Rated 4.7/5 from 141 Amazon shopper reviews.,https://m.media-amazon.com/images/I/71kSmecrZ5L._AC_UL1500_.jpg,196.90
SEIKO Ladies Two Tone Crystal Bezel Watch with Glitter Patterned Dial,Rated 4.3/5 from 37 Amazon shopper reviews.,https://m.media-amazon.com/images/I/71C7fwzkzYL._AC_UL1500_.jpg,196.90
"Citizen Women's Eco-Drive Expansion Band Watch with Day/Date, EW3154-90A",Rated 4.3/5 from 313 Amazon shopper reviews.,https://m.media-amazon.com/images/I/61I0s4gnrGL._AC_UL1002_.jpg,196.27
Ray-Ban RB3445 Sunglasses For Men + BUNDLE with Designer iWear Complimentary Eyewear Care Kit,Rated 4.5/5 from 207 Amazon shopper reviews.,https://m.media-amazon.com/images/I/41fIlHMOobL._AC_UL1000_.jpg,196.00
Ray-Ban Men's Rb4179 Liteforce Square Sunglasses,Rated 4.5/5 from 872 Amazon shopper reviews.,https://m.media-amazon.com/images/I/51XDlW+yGKL._AC_UL1500_.jpg,196.00
Ray-Ban Rb4195 Wayfarer Liteforce Square Sunglasses,Rated 4.5/5 from 433 Amazon shopper reviews.,https://m.media-amazon.com/images/I/51tg+sAj83L._AC_UL1500_.jpg,196.00
Oakley Fuel Cell OO9096 Sunglasses For Men+ BUNDLE Leash + BUNDLE with Designer iWear Eyewear Kit,Rated 4.8/5 from 805 Amazon shopper reviews.,https://m.media-amazon.com/images/I/51lA3eKpFZL._AC_UL1500_.jpg,196.00
Ray-Ban RB4179 Liteforce Tech Designer Sunglasses - Black/Green / One Size Fits All,Rated 3.8/5 from 9 Amazon shopper reviews.,https://m.media-amazon.com/images/I/51ATfE3hklL._AC_UL1500_.jpg,196.00
"Bulova Men's Classic Surveyor 2-Hand Day/Date Quartz Watch, Luminous Hands, 39mm","Rated 4.6/5 from 1,311 Amazon shopper reviews.",https://m.media-amazon.com/images/I/81AkBqThmeL._AC_UL1500_.jpg,195.79
"Citizen Men's Classic Corso Eco-Drive Watch, Chronograph, 12/24 Hour Time, Date, Sapphire Crystal","Rated 4.7/5 from 2,384 Amazon shopper reviews.",https://m.media-amazon.com/images/I/81KFIl9KnGL._AC_UL1500_.jpg,195.50
Seiko Women's 'Recraft Series' Quartz Stainless Steel Dress Watch (Model: SNE875),Rated 5/5 from 5 Amazon shopper reviews.,https://m.media-amazon.com/images/I/913Kjdk8+GL._AC_UL1500_.jpg,195.00
Vince Women's S/S Tie Waist Dress,Rated 3.6/5 from 10 Amazon shopper reviews.,https://m.media-amazon.com/images/I/61Oy5ekMs7L._AC_UL1500_.jpg,195.00
Bulova Ladies' Crystal Stainless Steel Box Set with White Mother-of-Pearl Dial 3-Hand Quartz Watch and Heart Pendant Necklace and Stud Earrings Style: 96X138,Rated 3.6/5 from 10 Amazon shopper reviews.,https://m.media-amazon.com/images/I/71Mn0Twp9dL._AC_UL1200_.jpg,195.00
Michael Kors Runway Mercer Three-Hand Stainless Steel Watch,Rated 4.6/5 from 504 Amazon shopper reviews.,https://m.media-amazon.com/images/I/71CmTvR8SDL._AC_UL1500_.jpg,195.00
"Bulova Ladies' Modern 3-Hand Quartz Watch, Diamond Dial and Mother-of-Pearl, Edge-to-Edge Crystal",Rated 4.6/5 from 290 Amazon shopper reviews.,https://m.media-amazon.com/images/I/710nfcWjj2L._AC_UL1500_.jpg,195.00
SEIKO Mens Chronograph Alarm Stainless Steel Black Dial Watch SNAC61P3,Rated 2/5 from 1 Amazon shopper reviews.,https://m.media-amazon.com/images/I/51Lpv7dqIFL._AC_.jpg,195.00
Seiko Women's SUP242 Expansion Two-Tone Watch,Rated 4.1/5 from 12 Amazon shopper reviews.,https://m.media-amazon.com/images/I/51JTKhWIhhL._AC_UL1252_.jpg,195.00
Citizen Women's Eco-Drive Star Wars C-3PO Watch (Model: EM0808-51W),Rated 4.5/5 from 76 Amazon shopper reviews.,https://m.media-amazon.com/images/I/61wAHwd2KOL._AC_UL1500_.jpg,195.00
Michael Kors Women's Darci Rose Gold-Tone Watch MK3407,Rated 3.8/5 from 55 Amazon shopper reviews.,https://m.media-amazon.com/images/I/810AjJt4ZTL._AC_UL1500_.jpg,195.00
SEIKO Men's SNAD47P2 Stainless Steel Case Black Leather Strap Alarm Chronograph Watch,Rated 4.5/5 from 2 Amazon shopper reviews.,https://m.media-amazon.com/images/I/71wVmC2hf4L._AC_UL1000_.jpg,195.00
Michael Kors MK7065 Men's Watch,Rated 3.6/5 from 37 Amazon shopper reviews.,https://m.media-amazon.com/images/I/81m7WEKFwiL._AC_UL1500_.jpg,195.00
COACH 38 mm Reversible Leather Inlay C Buckle Belt in Sport Calf,Rated 5/5 from 4 Amazon shopper reviews.,https://m.media-amazon.com/images/I/71j25KaO69L._AC_UL1500_.jpg,195.00
Michael Kors Women's MK3724 Lauryn Analog Display Quartz Purple Watch,Rated 4.3/5 from 14 Amazon shopper reviews.,https://m.media-amazon.com/images/I/81XXktD8KtL._AC_UL1500_.jpg,195.00
Guess Taylor Womens Analog Quartz Watch with Leather Bracelet W1017L3,Rated 4/5 from 2 Amazon shopper reviews.,https://m.media-amazon.com/images/I/915Gue-cd8L._AC_UL1500_.jpg,195.00
Ray-Ban RB3647N Round Double Bridge Sunglasses + BUNDLE with Designer iWear Complimentary Eyewear Care Kit,Rated 4.6/5 from 182 Amazon shopper reviews.,https://m.media-amazon.com/images/I/418l63DyVaL._AC_UL1003_.jpg,194.00
SEIKO SRPE77 5 Sports Men's Watch Silver-Tone 42.5mm Stainless Steel,Rated 4.2/5 from 99 Amazon shopper reviews.,https://m.media-amazon.com/images/I/71P-cyXNGvL._AC_UL1500_.jpg,194.00
Seiko Neo Sport SKS603P1 Men's Blue Watch,Rated 4/5 from 17 Amazon shopper reviews.,https://m.media-amazon.com/images/I/61tY3vN6FyL._AC_UL1000_.jpg,194.00
Michael Kors Dylan Chronograph Gunmetal Dial Gunmetal IP Orange Rubber Mens Watch MK8296,Rated 4/5 from 9 Amazon shopper reviews.,https://m.media-amazon.com/images/I/51ZWuJTHjdL._AC_.jpg,194.00
"Citizen Men's Eco-Drive Weekender Chronograph Watch in Stainless Steel, Black Dial (Model: CA4431-50E)",Rated 4.2/5 from 55 Amazon shopper reviews.,https://m.media-amazon.com/images/I/81ZLbWZtyOL._AC_UL1500_.jpg,193.96
SEIKO Square Gold Black Leather mens Watch SWR052,Rated 4.7/5 from 12 Amazon shopper reviews.,https://m.media-amazon.com/images/I/71meTfSzAiL._AC_UL1500_.jpg,193.50
"Citizen Eco-Drive Disney Quartz Men's Watch, Stainless Steel with Leather strap, Mickey Mouse, Brown (Model: AW1599-00W)",Rated 4.4/5 from 28 Amazon shopper reviews.,https://m.media-amazon.com/images/I/81A63aZp2HL._AC_UL1500_.jpg,193.32
Ray-Ban RB3025 Metal Aviator Sunglasses For Men For Women + BUNDLE with Designer iWear Complimentary Eyewear Care Kit,Rated 4.5/5 from 194 Amazon shopper reviews.,https://m.media-amazon.com/images/I/31ZEOFjpqBL._AC_UL1100_.jpg,193.00
Oakley Batwolf Sunglasses Matte Black Frame Polarized Black Lens,Rated 4.5/5 from 21 Amazon shopper reviews.,https://m.media-amazon.com/images/I/4168jCQVt7L._AC_UL1000_.jpg,193.00
Ray-Ban RB3025 Classic Evolve Photochromic Aviator Sunglasses,Rated 4.1/5 from 431 Amazon shopper reviews.,https://m.media-amazon.com/images/I/51wWQAJIpzL._AC_UL1500_.jpg,193.00
Citizen Corso Eco-Drive Men's Watch,Rated 4.4/5 from 62 Amazon shopper reviews.,https://m.media-amazon.com/images/I/81lL6pPDKML._AC_UL1500_.jpg,192.99
Oakley Men's Oo9417 Holbrook XL Square Sunglasses,"Rated 4.6/5 from 5,686 Amazon shopper reviews.",https://m.media-amazon.com/images/I/61Opo0HOoYL._AC_UL1500_.jpg,192.55
Seiko Women's SRKZ91 Coutura Diamond Sub-Dial Watch,Rated 5/5 from 3 Amazon shopper reviews.,https://m.media-amazon.com/images/I/71Ev0zb61rS._AC_UL1500_.jpg,192.50
SEIKO Square Gold Black Leather Women's Watch SWR054,Rated 4.9/5 from 12 Amazon shopper reviews.,https://m.media-amazon.com/images/I/61nID+abHgL._AC_UL1500_.jpg,192.47
Michael Kors Women's Layton Rose Gold-Tone Watch MK6395,Rated 4.9/5 from 8 Amazon shopper reviews.,https://m.media-amazon.com/images/I/91ccfyHvObL._AC_UL1500_.jpg,192.00
Guess W13101L1 Ladies MINI CHASE Rose Gold Watch,Rated 4/5 from 9 Amazon shopper reviews.,https://m.media-amazon.com/images/I/61dbVb1FO6L._AC_UL1000_.jpg,192.00
Michael Kors Slim Runway White Dial Stainless Steel Ladies Watch MK3279,Rated 3.8/5 from 139 Amazon shopper reviews.,https://m.media-amazon.com/images/I/810P6FKgsYL._AC_UL1500_.jpg,192.00
Michael Kors Women's MK6492 Analog Display Analog Quartz Rose Gold Watch,Rated 4.8/5 from 10 Amazon shopper reviews.,https://m.media-amazon.com/images/I/812VsOPmlLL._AC_UL1500_.jpg,192.00
Michael Kors Women's Parker Rose Gold & Tortoise Watch MK5538,Rated 4.6/5 from 701 Amazon shopper reviews.,https://m.media-amazon.com/images/I/91THwd4cHQL._AC_SL1500_.jpg,192.00
Michael Kors Women's Slim Runway Rose Gold-tone Stainless Steel Bracelet Watch 42mm Mk3293,Rated 4.2/5 from 38 Amazon shopper reviews.,https://m.media-amazon.com/images/I/61hRRzz9oRL._AC_UL1000_.jpg,192.00
Ray-Ban Rb4320ch Chromance Aviator Sunglasses,Rated 4.5/5 from 149 Amazon shopper reviews.,https://m.media-amazon.com/images/I/518TXerLfqL._AC_UL1500_.jpg,191.20
Oakley Women's Oo9434 Top Knot Cat Eye Sunglasses,Rated 4.6/5 from 284 Amazon shopper reviews.,https://m.media-amazon.com/images/I/51An6wvII2L._AC_UL1500_.jpg,191.20
Ray-Ban Rb4321ch Chromance Hexagonal Sunglasses,Rated 4.5/5 from 76 Amazon shopper reviews.,https://m.media-amazon.com/images/I/511mybI7igL._AC_UL1500_.jpg,191.20
Juicy Couture Black Label Women's Genuine Crystal Accented Rose Gold-Tone Bracelet Watch,Rated 4.4/5 from 3 Amazon shopper reviews.,https://m.media-amazon.com/images/I/91gyd5sFOzL._AC_UL1500_.jpg,191.10
"Oakley Half Jacket 2.0 XL OO9154 Sunglasses Bundle with original case, and accessories (5 items)",Rated 4.7/5 from 12 Amazon shopper reviews.,https://m.media-amazon.com/images/I/41EGy+CUNPL._AC_UL1335_.jpg,191.00
Oakley Men's Oo9144 Half Jacket 2.0 Sunglasses,"Rated 4.6/5 from 1,185 Amazon shopper reviews.",https://m.media-amazon.com/images/I/51wn524XVAL._AC_UL1500_.jpg,191.00
Oakley Half Jacket 2.0 XL OO9154 Sunglasses For Men+ BUNDLE Leash +Designer iWear Care Kit,Rated 4.6/5 from 461 Amazon shopper reviews.,https://m.media-amazon.com/images/I/41nLbE8t+kL._AC_UL1010_.jpg,191.00
"Bulova Ladies' Crystal Accented Gift Set with 3-Hand Quartz Watch and Flexible Bangle Bracelets, Mother-of-Pearl Dial",Rated 4.4/5 from 62 Amazon shopper reviews.,https://m.media-amazon.com/images/I/61Vd5ulSCAL._AC_UL1500_.jpg,190.96
Oakley Men's Oo9307 Turbine Rotor Rectangular Sunglasses,Rated 4.7/5 from 680 Amazon shopper reviews.,https://m.media-amazon.com/images/I/51hjmgQmYzL._AC_UL1500_.jpg,190.63
Bulova Women's 98L165 Dress Round Bracelet Watch,Rated 4.4/5 from 7 Amazon shopper reviews.,https://m.media-amazon.com/images/I/81IxqUoLVQL._AC_UL1500_.jpg,190.26
Ray-Ban RB4068 Polarized Sunglasses Havana w/Brown (642/57) RB 4068 642/57 60mm Authentic,Rated 4.5/5 from 6 Amazon shopper reviews.,https://m.media-amazon.com/images/I/51xVFpv-ZmL._AC_UL1024_.jpg,190.00
Citizen Silver Dial Eco-Drive Stainless Steel Men's Watch AW1374-51B,Rated 5/5 from 6 Amazon shopper reviews.,https://m.media-amazon.com/images/I/71FXGtV14IL._AC_UL1500_.jpg,190.00
Vincero Women's Luxury Kleio Watch,Rated 4.3/5 from 27 Amazon shopper reviews.,https://m.media-amazon.com/images/I/917eXevkUsL._AC_UL1500_.jpg,190.00
Seiko Women's SUT182 Analog Display Japanese Quartz Gold Watch,Rated 4.1/5 from 68 Amazon shopper reviews.,https://m.media-amazon.com/images/I/81VC74OkThL._AC_UL1500_.jpg,190.00
"Citizen Men's Sport Casual Avion 3-Hand Date Eco-Drive Watch, Arabic Markers, Luminous Hands, Spherical Mineral Crystal, 100 Meters Water Resistant, Field Watch",Rated 4.6/5 from 53 Amazon shopper reviews.,https://m.media-amazon.com/images/I/81R9DuzSCTL._AC_UL1500_.jpg,190.00
SEIKO Watch SPIRIT Smart Solar Sapphire Glass SBPX063 Mens,Rated 4.5/5 from 5 Amazon shopper reviews.,https://m.media-amazon.com/images/I/41wuJgttokL._AC_.jpg,190.00
Michael Kors Camille Stainless Steel Multifunction Watch with Glitz Accents,Rated 4.4/5 from 122 Amazon shopper reviews.,https://m.media-amazon.com/images/I/81KJjiMn+cL._AC_UL1500_.jpg,189.99
Michael Kors MK3331 Caitlin Crystal Pave Glitz Pearl Womens Watch,Rated 2.9/5 from 4 Amazon shopper reviews.,https://m.media-amazon.com/images/I/71NxQGqc53L._AC_UL1500_.jpg,189.99
Michael Kors MK3246 Women's Watch,Rated 3.9/5 from 27 Amazon shopper reviews.,https://m.media-amazon.com/images/I/41w75xBDauL._AC_.jpg,189.99
10K White Gold Nugget Style Tapered Band or Pinky Ring - Size 11-1/2,Rated 2.6/5 from 2 Amazon shopper reviews.,https://m.media-amazon.com/images/I/61L+0Y7rPtS._AC_UL1280_.jpg,189.99
"Bulova Ladies' Classic Crystal Stainless Steel 3-Hand Quartz Watch, White Mother-of-Pearl Dial",Rated 4.5/5 from 4 Amazon shopper reviews.,https://m.media-amazon.com/images/I/71jsOGlqz+L._AC_UL1500_.jpg,189.66
Bulova 96B184 Men's Stainless Steel Black Quartz Watch,Rated 3.9/5 from 5 Amazon shopper reviews.,https://m.media-amazon.com/images/I/71liXBcBDdL._AC_UL1415_.jpg,189.43
"Daniel Wellington Quadro Melrose Watch, Rose Gold Mesh Bracelet, 20x26mm",Rated 4.4/5 from 194 Amazon shopper reviews.,https://m.media-amazon.com/images/I/51J-KOq6N3L._AC_UL1500_.jpg,189.00
"Kate Spade New York Women's Sylvia Chain Wallet, Black, One Size",Rated 4/5 from 2 Amazon shopper reviews.,https://m.media-amazon.com/images/I/911mxXdfL4L._AC_SL1500_.jpg,189.00
Gentle Souls by Kenneth Cole Women's Lavern Toe Ring Platform Slide,Rated 4.4/5 from 39 Amazon shopper reviews.,https://m.media-amazon.com/images/I/71hiHMtH5BL._AC_UL1500_.jpg,189.00
Ray-Ban Rb3648 The Marshal Square Sunglasses,Rated 4.3/5 from 591 Amazon shopper reviews.,https://m.media-amazon.com/images/I/514RNIMyMFL._AC_UL1500_.jpg,189.00
Michael Kors Women's Mini Parker Gold Watch MK3790,Rated 2.6/5 from 5 Amazon shopper reviews.,https://m.media-amazon.com/images/I/81LokpeSiHL._AC_UL1500_.jpg,189.00
SEIKO Men's SNAE31P1 Stainless-Steel Analog with Grey Dial Watch,Rated 3.7/5 from 8 Amazon shopper reviews.,https://m.media-amazon.com/images/I/71sLha7SjcL._AC_UL1057_.jpg,189.00
Ray-Ban RB3546 Sunglasses For Men For Women + BUNDLE with Designer iWear Complimentary Eyewear Care Kit,Rated 4.6/5 from 52 Amazon shopper reviews.,https://m.media-amazon.com/images/I/41X3nB9dAWL._AC_UL1028_.jpg,189.00
Ray-Ban Rb2191 Inverness Rectangular Sunglasses,Rated 4.4/5 from 177 Amazon shopper reviews.,https://m.media-amazon.com/images/I/518pWmuipDL._AC_UL1500_.jpg,189.00
Daniel Wellington Quadro Watch Silver Stainless Steel (316L),Rated 4.6/5 from 64 Amazon shopper reviews.,https://m.media-amazon.com/images/I/51XyDKFJvwL._AC_UL1500_.jpg,189.00
Ray-Ban Women's Rb2299 Lady Burbank Cat Eye Sunglasses,Rated 4.2/5 from 53 Amazon shopper reviews.,https://m.media-amazon.com/images/I/51cUZ5LmOQL._AC_UL1500_.jpg,189.00
"Ray-Ban Unisex Sunglasses Black Frame, Grey Gradient Lenses, 53MM",Rated 4.2/5 from 32 Amazon shopper reviews.,https://m.media-amazon.com/images/I/61GppnHqZkL._AC_UL1500_.jpg,189.00
FURLA Ladies White Genuine Leather Strap Watch (Model: WW00013004L3),Rated 5/5 from 2 Amazon shopper reviews.,https://m.media-amazon.com/images/I/71kaViIEj-L._AC_UL1500_.jpg,189.00
Ray-Ban Rb4285 Square Sunglasses,Rated 4.2/5 from 106 Amazon shopper reviews.,https://m.media-amazon.com/images/I/51UpYMBdlWL._AC_UL1500_.jpg,189.00
Fossil Neutra Men's Automatic Watch with Mechanical Movement and Skeleton Dial,Rated 4.5/5 from 330 Amazon shopper reviews.,https://m.media-amazon.com/images/I/61euLo0nBbL._AC_UL1000_.jpg,189.00
"Citizen Eco-Drive Weekender Quartz Mens Watch, Stainless Steel with Polyurethane strap, Black (Model: AW1151-04E)",Rated 4.5/5 from 381 Amazon shopper reviews.,https://m.media-amazon.com/images/I/91qCWZ30r0L._AC_UL1500_.jpg,188.51
"Ray-Ban RB3016 Clubmaster Flash Gradient Series Unisex Sunglasses (Red Havana Frame/Green Mirror Gradient Lens 990/9J, 49)",Rated 5/5 from 2 Amazon shopper reviews.,https://m.media-amazon.com/images/I/51Bgrvy+iyL._AC_UL1500_.jpg,188.00
Michael Kors Women's Portia Silver- Tone Watch MK3638,Rated 4.5/5 from 100 Amazon shopper reviews.,https://m.media-amazon.com/images/I/71GkJLzSNwL._AC_UL1500_.jpg,188.00
Ray-Ban RB3025 Aviator Large Metal Unisex Sunglasses,Rated 4.5/5 from 79 Amazon shopper reviews.,https://m.media-amazon.com/images/I/51RcYpW4XTL._AC_UL1500_.jpg,188.00
Coach C Signature Ponytail Scarf 85126,Rated 3.4/5 from 8 Amazon shopper reviews.,https://m.media-amazon.com/images/I/61hzTe8VJ7L._AC_UL1000_.jpg,188.00
"Ray-Ban RB3538 Square Sunglasses, Copper On Top Havana/Gradient Red Mirrored Red, 53 mm",Rated 4.7/5 from 6 Amazon shopper reviews.,https://m.media-amazon.com/images/I/71QXjMEKiRL._AC_UL1500_.jpg,188.00
GUESS 40MM Classic Diamond Dial Watch,Rated 4.5/5 from 100 Amazon shopper reviews.,https://m.media-amazon.com/images/I/61suIDjBA-L._AC_UL1000_.jpg,187.68
Bulova Women's 98R233 Analog Display Analog Quartz White Watch,Rated 4.3/5 from 23 Amazon shopper reviews.,https://m.media-amazon.com/images/I/919q5XvOiEL._AC_UL1500_.jpg,187.62
Bulova Men's 96B112 Bracelet Black Dial Watch,Rated 4.1/5 from 31 Amazon shopper reviews.,https://m.media-amazon.com/images/I/81w72p4GJnL._AC_UL1500_.jpg,187.49
Michael Kors Gage Stainless Steel Chronograph Watch,Rated 4.6/5 from 790 Amazon shopper reviews.,https://m.media-amazon.com/images/I/81WEMCOKFxL._AC_UL1500_.jpg,187.44
Oakley Men's Oo9189 Twoface Square Sunglasses,Rated 4.6/5 from 934 Amazon shopper reviews.,https://m.media-amazon.com/images/I/51lrVSu9mKL._AC_UL1500_.jpg,187.20
Oakley Men's Oo9188 Flak 2.0 XL Rectangular Sunglasses,"Rated 4.7/5 from 5,378 Amazon shopper reviews.",https://m.media-amazon.com/images/I/51tAOAlDAsL._AC_UL1500_.jpg,187.20
Oakley Women's Oo4129 Split Time Aviator Sunglasses,"Rated 4.7/5 from 1,091 Amazon shopper reviews.",https://m.media-amazon.com/images/I/51GpePuBOIL._AC_UL1500_.jpg,187.20
Seiko 5 Men's SNZG09K1 Sport Analog Automatic Khaki Green Canvas Watch,Rated 4.4/5 from 616 Amazon shopper reviews.,https://m.media-amazon.com/images/I/81qE7JK5bgL._AC_UL1500_.jpg,187.06
kate spade new york Women's KST23200 Holland Slim Hybrid Analog Display Quartz Gold Watch,Rated 3.5/5 from 15 Amazon shopper reviews.,https://m.media-amazon.com/images/I/81AyB9zUDBL._AC_UL1500_.jpg,187.00
Citizen Men's Eco-Drive Watch in Stainless Steel,"Rated 4.6/5 from 2,967 Amazon shopper reviews.",https://m.media-amazon.com/images/I/811NdY9f0YS._AC_UL1500_.jpg,186.99
"Citizen Men's Eco-Drive Weekender Chronograph Watch in Stainless Steel, Black Dial (Model: AT2387-52E)",Rated 3.9/5 from 92 Amazon shopper reviews.,https://m.media-amazon.com/images/I/818ddFf1NxL._AC_UL1500_.jpg,186.11
Authentic Ray Ban Aviator Rb3025 58 Mm Classic Sunglasses Ray-ban Rb 3025 004/51,Rated 4.5/5 from 15 Amazon shopper reviews.,https://m.media-amazon.com/images/I/51-7YeDYSlL._AC_UL1100_.jpg,186.00
Ray-Ban RB3025 001/3F 62mm Pilot Sunglasses,Rated 3.6/5 from 10 Amazon shopper reviews.,https://m.media-amazon.com/images/I/61aCklIdHlL._AC_UL1500_.jpg,186.00
Ray Ban RB4181 710/83 Tortoise/Brown Polarized 57mm Sunglasses,Rated 3.7/5 from 12 Amazon shopper reviews.,https://m.media-amazon.com/images/I/61PPZv1G9iL._AC_UL1500_.jpg,186.00
Ray-Ban RB3183 Sunglasses For Men + BUNDLE with Designer iWear Complimentary Eyewear Care Kit,Rated 4.4/5 from 176 Amazon shopper reviews.,https://m.media-amazon.com/images/I/41RwPfb4P8L._AC_UL1187_.jpg,186.00
Ray-Ban Men's Rb4331 Square Sunglasses,Rated 4.6/5 from 90 Amazon shopper reviews.,https://m.media-amazon.com/images/I/51VjxDdvjkL._AC_UL1500_.jpg,186.00
New Ray Ban RB3183 002/81 Black/ Grey Gradient 63mm Polarized Sunglasses,Rated 3.3/5 from 6 Amazon shopper reviews.,https://m.media-amazon.com/images/I/71DdkopBJ8L._AC_UL1500_.jpg,186.00
Michael Kors Women's Ritz Rose Gold Tone Acetate and Stainless Steel Watch MK6349,Rated 4.4/5 from 44 Amazon shopper reviews.,https://m.media-amazon.com/images/I/61azFp4ZISL._AC_UL1000_.jpg,185.00
Michael Kors Women's Bradshaw Silver-Tone Watch MK6320,Rated 4.1/5 from 15 Amazon shopper reviews.,https://m.media-amazon.com/images/I/91euDUElWNL._AC_UL1500_.jpg,185.00
Michael Kors Women's Bryn Silver-Tone Watch MK6133,Rated 4.2/5 from 22 Amazon shopper reviews.,https://m.media-amazon.com/images/I/81I-yWOxHmL._AC_UL1500_.jpg,185.00
Michael Kors MK4285 Women's Runway Horn and Gold-Tone Stainless Steel Bracelet Watch,Rated 3.7/5 from 28 Amazon shopper reviews.,https://m.media-amazon.com/images/I/71RHoXLwhwL._AC_UL1500_.jpg,185.00
Michael Kors Women's MK5314 Classic Rose Gold-Tone Stainless Steel Watch,Rated 4.1/5 from 274 Amazon shopper reviews.,https://m.media-amazon.com/images/I/81zMcdUcYLL._AC_UL1500_.jpg,185.00
Ray-Ban Rb4125m Scuderia Ferrari Collection Aviator Sunglasses,Rated 4/5 from 52 Amazon shopper reviews.,https://m.media-amazon.com/images/I/514Dc-fK+1L._AC_UL1500_.jpg,185.00
Oakley OO9096 Fuel Cell Sunglasses + Vision Group Accessories Bundle,Rated 4.5/5 from 26 Amazon shopper reviews.,https://m.media-amazon.com/images/I/515InKEDOQL._AC_UL1500_.jpg,185.00
Michael Kors Women's Kerry Rose Gold-Tone Watch MK3313,Rated 4/5 from 33 Amazon shopper reviews.,https://m.media-amazon.com/images/I/812vE960grL._AC_UL1500_.jpg,185.00
Seiko Men's SGED28 Coutura Diamond Watch,Rated 4.2/5 from 16 Amazon shopper reviews.,https://m.media-amazon.com/images/I/41hzuEAh8pL._AC_.jpg,185.00
Skagen Sol Solar-Powered Stainless Steel Watch with Leather or Mesh Band,Rated 4.1/5 from 19 Amazon shopper reviews.,https://m.media-amazon.com/images/I/71hUyvu6xlL._AC_UL1500_.jpg,185.00
Michael Kors Women's Delray Tort Watch MK4314,Rated 4.7/5 from 21 Amazon shopper reviews.,https://m.media-amazon.com/images/I/81nD6L4nWLL._AC_UL1500_.jpg,185.00
Michael Kors Everest Chronograph Black Dial Black Silicone Mens Watch MK8366,Rated 4.1/5 from 22 Amazon shopper reviews.,https://m.media-amazon.com/images/I/618ohBe4bGL._AC_UL1000_.jpg,185.00
Ray-Ban Rb2132m Scuderia Ferrari Collection Square Sunglasses,Rated 4.3/5 from 26 Amazon shopper reviews.,https://m.media-amazon.com/images/I/51yyl2vBI0L._AC_UL1500_.jpg,185.00
Lacoste Women's Birdie Quartz Watch,Rated 4.7/5 from 10 Amazon shopper reviews.,https://m.media-amazon.com/images/I/71+ToLiKrHL._AC_UL1500_.jpg,185.00
"Michael Kors Women's 'Slim Runway' Quartz Stainless Steel Watch, Color:Rose Gold-Toned (Model: MK3181)",Rated 4/5 from 51 Amazon shopper reviews.,https://m.media-amazon.com/images/I/716JDyr5VEL._AC_UL1500_.jpg,185.00
COACH HC8316 Butterfly Sunglasses for Women + BUNDLE With Designer iWear Complimentary Eyewear Kit,Rated 4.6/5 from 10 Amazon shopper reviews.,https://m.media-amazon.com/images/I/418Be2GLZgS._AC_UL1200_.jpg,185.00
"Tommy Hilfiger Men's Stainless Steel Case and Link Bracelet Watch, Color: Silver (Model: 1710492)",Rated 3.3/5 from 10 Amazon shopper reviews.,https://m.media-amazon.com/images/I/81F14MJhLLL._AC_UL1500_.jpg,185.00
"Lacoste Swing Multi Women's Quartz Stainless Steel & Aluminium and Silicone Strap Watch, Color: White (Model: 2001244)",Rated 4.8/5 from 5 Amazon shopper reviews.,https://m.media-amazon.com/images/I/71fzPGJ1VqL._AC_UL1500_.jpg,185.00
"Citizen Women's Eco-Drive Dress Classic Watch in Two-tone Stainless Steel, White Dial (Model: EW3144-51A)","Rated 4.7/5 from 1,140 Amazon shopper reviews.",https://m.media-amazon.com/images/I/71MYO8DfO9L._AC_UL1500_.jpg,185.00
Fossil Women's AM4482 Cecile Multifunction Stainless Steel Watch - Gold-Tone,Rated 4.1/5 from 42 Amazon shopper reviews.,https://m.media-amazon.com/images/I/51Xm0n0OqKL._AC_.jpg,185.00
Michael Kors Men's MK8500 Paxton Analog Japanese quartz Silver Watch,Rated 4.1/5 from 7 Amazon shopper reviews.,https://m.media-amazon.com/images/I/619CmjhVhpL._AC_UL1000_.jpg,185.00
Michael Kors Women's Sawyer Rose Gold-Tone Watch MK6282,Rated 3.6/5 from 8 Amazon shopper reviews.,https://m.media-amazon.com/images/I/91vff--QISL._AC_UL1500_.jpg,184.99
Bulova Women's 98L135 Swarovski Crystal Two Tone Bracelet Watch,Rated 4.4/5 from 79 Amazon shopper reviews.,https://m.media-amazon.com/images/I/81PX38r3DbL._AC_UL1500_.jpg,184.95
Seiko SRPH29 5 Mens Green Sports Watch,Rated 4.1/5 from 17 Amazon shopper reviews.,https://m.media-amazon.com/images/I/61wiG-mFHkL._AC_UL1102_.jpg,184.00
Ray-Ban RB3716 CLUBMASTER METAL Sunglasses For Men For Women + BUNDLE with Designer iWear Complimentary Eyewear Care Kit,Rated 4.4/5 from 122 Amazon shopper reviews.,https://m.media-amazon.com/images/I/41zNvzEROiL._AC_UL1028_.jpg,184.00
Ray-Ban RB3560 THE COLONEL Sunglasses For Men For Women+ BUNDLE with Designer iWear Complimentary Eyewear Care Kit,Rated 4.5/5 from 66 Amazon shopper reviews.,https://m.media-amazon.com/images/I/41xZLz83WiL._AC_UL1000_.jpg,184.00
Oakley OO9188 Flak 2.0 XL Sunglasses + Vision Group Accessories Bundle,Rated 4.7/5 from 224 Amazon shopper reviews.,https://m.media-amazon.com/images/I/51SvbGbvBOL._AC_UL1500_.jpg,184.00
Oakley Men's Oo9463a Sutro Lite Low Bridge Fit Rectangular Sunglasses,Rated 4.5/5 from 141 Amazon shopper reviews.,https://m.media-amazon.com/images/I/51noISLGcdL._AC_UL1500_.jpg,184.00
"Oakley Men's Flak 2.0 XL OO9188 Sunglasses Bundle with original case, and accessories (5 items)",Rated 4.7/5 from 72 Amazon shopper reviews.,https://m.media-amazon.com/images/I/41g1PExkcDL._AC_UL1335_.jpg,184.00
Oakley Men's Oo9454 Evzero Blades Rectangular Sunglasses,Rated 4.5/5 from 347 Amazon shopper reviews.,https://m.media-amazon.com/images/I/51kTlqhQzIL._AC_UL1500_.jpg,184.00
Ray-Ban Rb3447 Round Metal Evolve Photochromic Sunglasses,Rated 4.3/5 from 146 Amazon shopper reviews.,https://m.media-amazon.com/images/I/61OXmME7PyL._AC_UL1500_.jpg,184.00
Oakley Flak 2.0 XL OO9188 Sunglasses For Men Bundle Leash + VISIOVA Accessories,Rated 4.8/5 from 29 Amazon shopper reviews.,https://m.media-amazon.com/images/I/51sgQlO9LGL._AC_UL1500_.jpg,184.00
Oakley Men's Oo9019a Plazma Low Bridge Fit Rectangular Sunglasses,Rated 4.3/5 from 78 Amazon shopper reviews.,https://m.media-amazon.com/images/I/51ST2f951DL._AC_UL1489_.jpg,184.00
Seiko SRPH31 5 Mens Blue Sports Watch,Rated 4.5/5 from 32 Amazon shopper reviews.,https://m.media-amazon.com/images/I/6144eGZvwmL._AC_SL1200_.jpg,184.00
Fossil Men's ME3118 Pilot 54 Automatic Dark Brown Leather Watch,Rated 3.9/5 from 10 Amazon shopper reviews.,https://m.media-amazon.com/images/I/91UxwrUfMaL._AC_UL1500_.jpg,184.00
Citizen Mens Chronograph Eco-Drive Watch with Leather Strap,Rated 4.4/5 from 493 Amazon shopper reviews.,https://m.media-amazon.com/images/I/61sJokHbjJL._AC_UL1068_.jpg,183.77
Seiko Classic Quartz Black Dial Men's Watch SUR375,Rated 4.3/5 from 20 Amazon shopper reviews.,https://m.media-amazon.com/images/I/61YApnUssjL._AC_UL1102_.jpg,183.10
Citizen Mens Analogue Automatic Watch,Rated 4.4/5 from 510 Amazon shopper reviews.,https://m.media-amazon.com/images/I/61daXuxPk-L._AC_UL1000_.jpg,182.56
Ray-Ban Rb3025 Classic Polarized Aviator Sunglasses,"Rated 4.5/5 from 8,638 Amazon shopper reviews.",https://m.media-amazon.com/images/I/51SF4CDILXL._AC_UL1500_.jpg,182.40
Ray-Ban RB3625 New Aviator Sunglasses + Vision Group Accessories Bundle,Rated 4.9/5 from 14 Amazon shopper reviews.,https://m.media-amazon.com/images/I/51m1EwXm37L._AC_UL1500_.jpg,182.00
Michael Kors Women's Bradshaw Gold-Tone Pav� Watch,Rated 4.3/5 from 27 Amazon shopper reviews.,https://m.media-amazon.com/images/I/81+5Z4R4+1L._AC_UL1500_.jpg,182.00
Ray-Ban RB3648 Marshal Unisex Metal Sunglasses Gold 001-54mm,Rated 4.5/5 from 9 Amazon shopper reviews.,https://m.media-amazon.com/images/I/51IyP9NPObL._AC_UL1485_.jpg,182.00
Fossil Women's ME3065 Original Boyfriend Automatic Rose Tone Stainless Steel Watch with Link Bracelet,Rated 3.6/5 from 38 Amazon shopper reviews.,https://m.media-amazon.com/images/I/91aFkDu-RtL._AC_UL1500_.jpg,182.00
Hugo Boss Men's 1513093 Brown Leather Quartz Watch,Rated 4.2/5 from 58 Amazon shopper reviews.,https://m.media-amazon.com/images/I/51uJQdVnQqL._AC_.jpg,182.00
Michael Kors MK5827 Women's Watch,Rated 4.2/5 from 30 Amazon shopper reviews.,https://m.media-amazon.com/images/I/814W31vzlvL._AC_UL1500_.jpg,182.00
Michael Kors Women's Bryn Gold-Tone Watch MK6134,Rated 4.2/5 from 19 Amazon shopper reviews.,https://m.media-amazon.com/images/I/61KBmXipj4L._AC_UL1001_.jpg,182.00
Michael Kors Watches Camille Women's Watch (Gold),Rated 4.1/5 from 10 Amazon shopper reviews.,https://m.media-amazon.com/images/I/71wUIt5PsnL._AC_UL1500_.jpg,182.00
"Seiko Men's Watch with Khaki Dial and Khaki Canvas Strap SUR323P1, Green, Strap",Rated 4.1/5 from 11 Amazon shopper reviews.,https://m.media-amazon.com/images/I/61QWZuctt6S._AC_UL1430_.jpg,181.82
"GUESS Women's Quartz Watch with Stainless Steel Strap, Rose Gold, 12 (Model: GW0102L3)",Rated 3.2/5 from 4 Amazon shopper reviews.,https://m.media-amazon.com/images/I/71SiNsQ1kGL._AC_UL1500_.jpg,181.49
COACH Women's Long Zip Around Wallet In Signature Canvas (Rainbow - Khaki),Rated 4.3/5 from 13 Amazon shopper reviews.,https://m.media-amazon.com/images/I/81Vd8P3k+0L._AC_SL1500_.jpg,181.00
"Ray-Ban Men's RB3183 Sunglasses (Black Frame, Solid Black Lens)",Rated 4.2/5 from 113 Amazon shopper reviews.,https://m.media-amazon.com/images/I/51GuR8pF7aL._AC_UL1500_.jpg,181.00
"Oakley Fuel Cell OO9096 Sunglasses Bundle with original case, and accessories (5 items)",Rated 4.7/5 from 4 Amazon shopper reviews.,https://m.media-amazon.com/images/I/41wU3t9PkzL._AC_UL1335_.jpg,181.00
SEIKO Automatic Watch 5 ​​Five Men Made ​​in Japan SNKL48 SNKL48J1,Rated 4/5 from 2 Amazon shopper reviews.,https://m.media-amazon.com/images/I/61+rhZwaZxL._AC_UL1033_.jpg,181.00
SEIKO Men's SGEA39 Coutura Watch,Rated 4.5/5 from 6 Amazon shopper reviews.,https://m.media-amazon.com/images/I/21SNC5PEH7L._AC_.jpg,180.87
Sunglasses Coach HC 7079 93318Z Gunmetal,Rated 4.7/5 from 20 Amazon shopper reviews.,https://m.media-amazon.com/images/I/615FT0VNWKL._AC_UL1500_.jpg,180.74
Bulova Men's Classic Sport Stainless Steel 6-Hand Chronograph Quartz Watch,Rated 4/5 from 16 Amazon shopper reviews.,https://m.media-amazon.com/images/I/715riKQkDQS._AC_UL1500_.jpg,180.48
Citizen Mens Chronograph Eco-Drive Watch,Rated 4.5/5 from 152 Amazon shopper reviews.,https://m.media-amazon.com/images/I/61uOJq1kELL._AC_UL1000_.jpg,180.44
Nixon Corporal SS A346. 100m Water Resistant XL Men’s Watch (48mm Watch Face. 24mm Stainless Steel Band),"Rated 4.7/5 from 1,194 Amazon shopper reviews.",https://m.media-amazon.com/images/I/81rdhSbHWrL._AC_UL1500_.jpg,180.00
"Bulova Classic Quartz Ladies Watch, Stainless Steel",Rated 4.5/5 from 568 Amazon shopper reviews.,https://m.media-amazon.com/images/I/61bYvgwaI8L._AC_UL1500_.jpg,180.00
Ray-Ban RB3576N BLAZE CLUBMASTER Sunglasses For Men For Women + BUNDLE with Designer iWear Complimentary Eyewear Care Kit,Rated 4.1/5 from 66 Amazon shopper reviews.,https://m.media-amazon.com/images/I/41xpYT9NhzL._AC_UL1017_.jpg,180.00
Oakley Men's Oo9328 Si Tombstone Spoil Oval Sunglasses,Rated 4.4/5 from 48 Amazon shopper reviews.,https://m.media-amazon.com/images/I/51tlSKg3t4L._AC_UL1500_.jpg,180.00
Michael Kors Women's Wren Gold-Tone Watch MK6291,Rated 4.1/5 from 23 Amazon shopper reviews.,https://m.media-amazon.com/images/I/91xlZWjHdyL._AC_UL1500_.jpg,180.00
Oakley GASCAN OO9014 Sunglasses for Men + Vision Group Accessories Bundle,Rated 4.7/5 from 672 Amazon shopper reviews.,https://m.media-amazon.com/images/I/51YBkL9tq7L._AC_UL1500_.jpg,180.00
Bulova Women's 98R182 Analog Display Analog Quartz Two Tone Watch,Rated 3.2/5 from 6 Amazon shopper reviews.,https://m.media-amazon.com/images/I/61wsD6jBDEL._AC_UL1000_.jpg,179.99
"Lacoste Men's Quartz Watch with Stainless Steel Strap, Gold Plated, 22 (Model: 2011151)",Rated 3.7/5 from 20 Amazon shopper reviews.,https://m.media-amazon.com/images/I/812isICgQ7S._AC_UL1500_.jpg,179.99
Citizen Chandler Eco-Drive Movement Ladies Watch,Rated 4.4/5 from 21 Amazon shopper reviews.,https://m.media-amazon.com/images/I/51j1M0tv-LL._AC_UL1000_.jpg,179.99
Bulova Women's 96R175 Diamond-Set Case Watch,Rated 4.3/5 from 29 Amazon shopper reviews.,https://m.media-amazon.com/images/I/71xAuWQSX3L._AC_UL1500_.jpg,179.99
"Nautica Men's N11562G ""NST 07 BOX SET"" Classic Analog Watch",Rated 3.8/5 from 18 Amazon shopper reviews.,https://m.media-amazon.com/images/I/71QM-VzNmzL._AC_UL1500_.jpg,179.99
Kate Spade New York Wellesley Neda Zip-Around Wallet (Black) …,Rated 4.7/5 from 79 Amazon shopper reviews.,https://m.media-amazon.com/images/I/81g3xr2vQ1L._AC_UL1500_.jpg,179.99
"Bulova Women's 98R149 ""Anabar"" Stainless Steel Watch",Rated 3.7/5 from 71 Amazon shopper reviews.,https://m.media-amazon.com/images/I/812oZPS25aL._AC_UL1500_.jpg,179.99
Coach Park 14503596 Silver Mesh Multi-Function Women's Watch,Rated 3.7/5 from 11 Amazon shopper reviews.,https://m.media-amazon.com/images/I/61DybNk8aVL._AC_UL1000_.jpg,179.99
"Persol PO3222S 960/56 Striped Brown PO3222S Oval Sunglasses Lens Category 2 Siz, 62mm",Rated 3.8/5 from 4 Amazon shopper reviews.,https://m.media-amazon.com/images/I/6160AcMO7JL._AC_UL1500_.jpg,179.98
Seiko Women's 5 Automatic SYM602K Gold Stainless-Steel Self Wind Fashion Watch,Rated 4/5 from 30 Amazon shopper reviews.,https://m.media-amazon.com/images/I/61dbZZv3IeL._AC_UL1200_.jpg,179.98
Nixon Women's 38-20 Quartz Stainless Steel Casual Watch (Model: A410756-00),Rated 5/5 from 1 Amazon shopper reviews.,https://m.media-amazon.com/images/I/81bRteWyiiL._AC_UL1500_.jpg,179.95
Michael Kors Lake Women's Beige Leather Three-Hand Watch MK2764,Rated 5/5 from 2 Amazon shopper reviews.,https://m.media-amazon.com/images/I/51Ix0d86b5L._AC_UL1000_.jpg,179.77
Oakley Men's Oo9256 Twoface Asian Fit Rectangular Sunglasses,Rated 4.2/5 from 83 Amazon shopper reviews.,https://m.media-amazon.com/images/I/51z4GJNDISL._AC_UL1500_.jpg,179.20
Oakley Flak 2.0 XL OO9188 Sunglasses For Men+ BUNDLE Leash +Designer iWear Care Kit,Rated 4.7/5 from 973 Amazon shopper reviews.,https://m.media-amazon.com/images/I/41X-sk-Kd5L._AC_UL1000_.jpg,179.00
SEIKO Women's SYMA37K Two Tone Stainless Steel Analog with Gold Dial Watch,Rated 3.5/5 from 3 Amazon shopper reviews.,https://m.media-amazon.com/images/I/51tg89tTd8L._AC_UL1000_.jpg,179.00
Daniel Wellington Petite Watch Rose Gold Leather,Rated 4.3/5 from 308 Amazon shopper reviews.,https://m.media-amazon.com/images/I/51tYGi0kQxL._AC_UL1500_.jpg,179.00
SEIKO Men's SNKL26 Gold Plated Stainless Steel Analog with White Dial Watch,Rated 4.5/5 from 6 Amazon shopper reviews.,https://m.media-amazon.com/images/I/71kFHPhENAL._AC_UL1500_.jpg,179.00
Daniel Wellington Classic Watch Silver Fabric (Polyester),"Rated 4.4/5 from 1,131 Amazon shopper reviews.",https://m.media-amazon.com/images/I/51EOCykK7TL._AC_UL1500_.jpg,179.00
Michael Kors Women's MK3228 - Petite Lexington Stainless Watch,Rated 3.4/5 from 15 Amazon shopper reviews.,https://m.media-amazon.com/images/I/71726-6FTfL._AC_UL1500_.jpg,179.00
Seiko Chronograph Black Dial Mens Watch SNN257P2,Rated 3/5 from 2 Amazon shopper reviews.,https://m.media-amazon.com/images/I/812jhIJI-fL._AC_UL1500_.jpg,179.00
Oakley Men's Oo9449 Gibston Square Sunglasses,Rated 4.5/5 from 464 Amazon shopper reviews.,https://m.media-amazon.com/images/I/51KElmxAnrL._AC_UL1500_.jpg,178.77
Bulova Women's 96P111 Diamond Silver Dial Bracelet Watch,Rated 4.2/5 from 29 Amazon shopper reviews.,https://m.media-amazon.com/images/I/719BTCpqcnL._AC_UL1500_.jpg,178.75
Ray-Ban Rb8301 Aviator Sunglasses,Rated 4.4/5 from 213 Amazon shopper reviews.,https://m.media-amazon.com/images/I/51MIhEmd0bL._AC_UL1500_.jpg,178.40
Oakley Women's Oo9473 Leadline Square Sunglasses,Rated 4.1/5 from 8 Amazon shopper reviews.,https://m.media-amazon.com/images/I/51pXXFwjf1L._AC_UL1500_.jpg,178.40
Ray Ban RB4126 Demi Brown/ Brown Gradient 710/51 57mm Sunglasses,Rated 5/5 from 2 Amazon shopper reviews.,https://m.media-amazon.com/images/I/61zCG6OwUQL._AC_UL1500_.jpg,178.00
MICHAEL Michael Kors Illustrated Fly Away Travel Continental Wallet,Rated 1/5 from 1 Amazon shopper reviews.,https://m.media-amazon.com/images/I/71PruXFcnmL._AC_SL1346_.jpg,178.00
Michael Kors Quartz Silver Dial Men's Watch MK5535,Rated 4.6/5 from 104 Amazon shopper reviews.,https://m.media-amazon.com/images/I/616eb24522L._AC_SL1000_.jpg,178.00
"Ray-Ban Women's Etched Retro Aviator Sunglasses, Shiny Silver/Blue, One Size",Rated 4.1/5 from 35 Amazon shopper reviews.,https://m.media-amazon.com/images/I/41OSUYn8psL._AC_UL1000_.jpg,178.00
Michael Kors Women's Parker Two-Tone Watch MK6141,Rated 4.5/5 from 67 Amazon shopper reviews.,https://m.media-amazon.com/images/I/71iuHS5xTpL._AC_UL1500_.jpg,178.00
Ray-Ban Rb2140f Original Wayfarer Low Bridge Fit Square Sunglasses,Rated 4.2/5 from 276 Amazon shopper reviews.,https://m.media-amazon.com/images/I/61549+9FiIL._AC_UL1500_.jpg,178.00
Michael Kors Fulton Signature Jacquard Large Flap Continental Wallet (2019) - Beige/Black/Black,Rated 4.7/5 from 247 Amazon shopper reviews.,https://m.media-amazon.com/images/I/41XyWKNjH2L._AC_.jpg,178.00
Marc Jacobs Recruit Open Face Wallet,Rated 4.5/5 from 3 Amazon shopper reviews.,https://m.media-amazon.com/images/I/81i8ukxk-bL._AC_UL1500_.jpg,178.00
Ray-Ban Men's Rb3530 Square Sunglasses,Rated 4.7/5 from 221 Amazon shopper reviews.,https://m.media-amazon.com/images/I/61ABguyGp0L._AC_UL1500_.jpg,178.00
Ray-Ban RB3025 112/85 Sunglasses Gold Frame / Brown Gradient Lens 58mm,Rated 4.3/5 from 8 Amazon shopper reviews.,https://m.media-amazon.com/images/I/81AGOpVaUBL._AC_UL1500_.jpg,178.00
Ray-Ban RB4340 WAYFARER 710/51 50M Havana/Brown Gradient Sunglasses For Men For Women + BUNDLE with Designer iWear Complimentary Care Kit,Rated 4.2/5 from 10 Amazon shopper reviews.,https://m.media-amazon.com/images/I/41prF1QBbML._AC_UL1000_.jpg,178.00
"RAY-BAN RB 3025 AVIATOR SUNGLASSES (55 mm, 001/51 ARISTA CRYSTAL/GRADIENT BROWN)",Rated 3.8/5 from 16 Amazon shopper reviews.,https://m.media-amazon.com/images/I/61ACUIl9UhL._AC_UL1500_.jpg,178.00
Michael Kors Women's Slim Runway Rose Gold Watch MK3494,Rated 3.9/5 from 43 Amazon shopper reviews.,https://m.media-amazon.com/images/I/71bkHTCBH5L._AC_UL1500_.jpg,178.00
Guess Mens Analogue Classic Quartz Watch with Leather Strap W0792G6,Rated 4.1/5 from 7 Amazon shopper reviews.,https://m.media-amazon.com/images/I/51+nd4ngt-L._AC_UL1000_.jpg,178.00
"Tory Burch Women's 1"" Miller Reversible Belt",Rated 4.3/5 from 54 Amazon shopper reviews.,https://m.media-amazon.com/images/I/81FIdguNUnL._AC_UL1500_.jpg,178.00
Ray-Ban Women's RB4098 Jackie Ohh Ii Butterfly Sunglasses,Rated 4.6/5 from 105 Amazon shopper reviews.,https://m.media-amazon.com/images/I/51-SSUoxreS._AC_UL1500_.jpg,178.00
Ray-Ban Aviator RB3025 001/51 Arista/Crystal Brown Gradient 58mm Sunglasses,Rated 4.3/5 from 13 Amazon shopper reviews.,https://m.media-amazon.com/images/I/41KpUGAvvuS._AC_UL1100_.jpg,178.00
Marc by Marc Jacobs Classic Q Slim Zip Around Wallet,Rated 4.2/5 from 25 Amazon shopper reviews.,https://m.media-amazon.com/images/I/81SeCMowEbL._AC_UL1500_.jpg,178.00
Michael Kors Women's Briar Blue Watch MK6468,Rated 5/5 from 4 Amazon shopper reviews.,https://m.media-amazon.com/images/I/81W6NjJvpSL._AC_UL1500_.jpg,178.00
"Fossil Women's Quartz Stainless Steel and Leather Watch, Color:Brown (Model: ES4046)",Rated 4.8/5 from 8 Amazon shopper reviews.,https://m.media-amazon.com/images/I/91ElrsfRXzL._AC_UL1500_.jpg,178.00
Oakley Men's Oo9358 Latch Square Low Bridge Fit Rectangular Sunglasses,Rated 4.3/5 from 90 Amazon shopper reviews.,https://m.media-amazon.com/images/I/51fdfBPFDZL._AC_UL1500_.jpg,178.00
Michael Kors Women's Mini Slim Runway Gold Watch MK3477,Rated 4.7/5 from 403 Amazon shopper reviews.,https://m.media-amazon.com/images/I/810j9Gqc5PL._AC_UL1500_.jpg,178.00
Ray-Ban RB1972 Octagon Sunglasses,Rated 4.4/5 from 217 Amazon shopper reviews.,https://m.media-amazon.com/images/I/51zGwGAVrIL._AC_UL1500_.jpg,178.00
Michael Kors Women's MK6169 - Parker Rose Gold/Lilac Watch,Rated 4.8/5 from 16 Amazon shopper reviews.,https://m.media-amazon.com/images/I/51sNBZ--WkL._AC_UL1500_.jpg,178.00
"Ray-Ban RB3016 Clubmaster Square Sunglasses, Black on Gold/Green, 51 mm",Rated 5/5 from 3 Amazon shopper reviews.,https://m.media-amazon.com/images/I/61yZ+85x9GL._AC_UL1500_.jpg,178.00
Michael Kors Women's Parker Silver-Tone Watch MK5925,Rated 4.5/5 from 304 Amazon shopper reviews.,https://m.media-amazon.com/images/I/91qfchSaNSL._AC_UL1500_.jpg,178.00
Michael Kors Astrid Quilt Leather Carryall Wallet (Black/Gold),Rated 5/5 from 1 Amazon shopper reviews.,https://m.media-amazon.com/images/I/71JZfjYQUwL._AC_UL1500_.jpg,178.00
Michael Kors Women's MK5893 - Channing Two Tone/Blue Watch,Rated 4.2/5 from 34 Amazon shopper reviews.,https://m.media-amazon.com/images/I/51Hnp75wBhL._AC_.jpg,178.00
Tory Burch Collins Leather Watch Blue - Tbw1203 One Size,Rated 4.7/5 from 7 Amazon shopper reviews.,https://m.media-amazon.com/images/I/81A4W9eBKCL._AC_UL1500_.jpg,177.99
Ray-Ban Sunglasses (RB 3422Q 001/M9 58),Rated 3.9/5 from 9 Amazon shopper reviews.,https://m.media-amazon.com/images/I/41tgooeYMWL._AC_UL1000_.jpg,177.80
"Fossil Gen 6 Wellness Edition 44mm Touchscreen Smart Watch with Alexa Built-In, Fitness Tracker, Sleep Tracker, Heart Rate Monitor, GPS, Speaker, Music Control, Smartphone Notifications",Rated 3.7/5 from 98 Amazon shopper reviews.,https://m.media-amazon.com/images/I/61hOT89mNpL._AC_UL1500_.jpg,177.68
SEIKO 5 Sports self-Winding Watch Made ​​in Japan Men's SNZ460J1,Rated 4.4/5 from 43 Amazon shopper reviews.,https://m.media-amazon.com/images/I/61Ol+S6HtxL._AC_UL1100_.jpg,177.01
Ray-Ban RB3025 Metal Aviator Sunglasses + Vision Group Accessories Bundle,Rated 4.6/5 from 437 Amazon shopper reviews.,https://m.media-amazon.com/images/I/51f0QAlFWQS._AC_UL1500_.jpg,177.00
Citizen Watches Men's Marvel Heroes AW2037-04W,Rated 4.7/5 from 80 Amazon shopper reviews.,https://m.media-amazon.com/images/I/81UUQGYHnZL._AC_UL1500_.jpg,177.00
Ray-Ban Aviator Large Metal Sunglasses Rb3025 001/57 Gold Crystal Green Polarized 58mm,Rated 5/5 from 1 Amazon shopper reviews.,https://m.media-amazon.com/images/I/610w-Jb1pDL._AC_UL1500_.jpg,176.80
Ray-Ban Rb2187 Nomad Square Sunglasses,Rated 4.3/5 from 338 Amazon shopper reviews.,https://m.media-amazon.com/images/I/61Np-Cu7N1L._AC_UL1500_.jpg,176.53
Ray-Ban RB2132 622/17 55mm Square Sunglasses,Rated 5/5 from 1 Amazon shopper reviews.,https://m.media-amazon.com/images/I/41pEGuHVkfL._AC_UL1100_.jpg,176.00
Ray-Ban Men's 0RB2132 Square Sunglasses,Rated 4.6/5 from 77 Amazon shopper reviews.,https://m.media-amazon.com/images/I/51QGKHWLzHL._AC_UL1152_.jpg,176.00
Seiko Women's SXDA90 Sporty Dress Watch,Rated 4.8/5 from 14 Amazon shopper reviews.,https://m.media-amazon.com/images/I/71Qcy4lp8vS._AC_UL1500_.jpg,175.99
Daniel Wellington DW00100164 Silver Steel 316 L Analog Quartz Woman Watch,Rated 4.4/5 from 37 Amazon shopper reviews.,https://m.media-amazon.com/images/I/51RUMD9yZPL._AC_SL1500_.jpg,175.68
"Citizen Eco-Drive Ladies' ©Disney Villains Maleficent Diamond Watch, Black Ion Plated, Bracelet",Rated 4.1/5 from 9 Amazon shopper reviews.,https://m.media-amazon.com/images/I/71LhH75F-EL._AC_UL1500_.jpg,175.58
"Bulova Men's Stainless Steel 3-Hand Calendar Date Quartz Watch with Black Leather Strap, Rectangle Dial Style: 96B107",Rated 4.5/5 from 441 Amazon shopper reviews.,https://m.media-amazon.com/images/I/61vX6jqzIOL._AC_UL1500_.jpg,175.50
Ray-Ban Mens Round Craft Sunglasses (RB3475) Metal,Rated 4.1/5 from 10 Amazon shopper reviews.,https://m.media-amazon.com/images/I/61RPY+wy18L._AC_UL1500_.jpg,175.20
Ray-Ban RB4147 609585 Unisex BLack Frame / Brown Gradient Dark Brown Lens Sunglasses 60mm,Rated 1/5 from 1 Amazon shopper reviews.,https://m.media-amazon.com/images/I/61B0osBowvL._AC_UL1500_.jpg,175.00
Ray-Ban RB4306 Sunglasses + Vision Group Accessories Bundle,Rated 5/5 from 5 Amazon shopper reviews.,https://m.media-amazon.com/images/I/51WlllIQM2L._AC_UL1500_.jpg,175.00
Michael Kors Women's MK3672 Analog Display Analog Quartz Silver Watch,Rated 5/5 from 2 Amazon shopper reviews.,https://m.media-amazon.com/images/I/8123XtdMbOL._AC_UL1500_.jpg,175.00
"Bulova Women's Stainless Steel Quartz Dress Watch with Stainless-Steel Strap, Two Tone, 15.6 (Model: 98L261)",Rated 5/5 from 2 Amazon shopper reviews.,https://m.media-amazon.com/images/I/81Hf8cWhVDL._AC_UL1500_.jpg,175.00
"Tommy Hilfiger Men's Quartz Stainless Steel and Mesh Bracelet Casual Watch, Color: Silver (Model: 1791512)",Rated 4.5/5 from 53 Amazon shopper reviews.,https://m.media-amazon.com/images/I/91tx1OwQsWL._AC_UL1500_.jpg,175.00
Coach Women's 14501700 Mini Boyfriend Gold Tone Bracelet Watch,Rated 4.3/5 from 48 Amazon shopper reviews.,https://m.media-amazon.com/images/I/6145Hl9IXtL._AC_UL1001_.jpg,175.00
Ray-Ban RB4171 ERIKA Sunglasses For Women+ BUNDLE with Designer iWear Complimentary Eyewear Care Kit,Rated 4.7/5 from 703 Amazon shopper reviews.,https://m.media-amazon.com/images/I/61EjMRV3RUL._AC_UL1500_.jpg,175.00
Oakley Oil Rig Sunglasses,Rated 4.7/5 from 348 Amazon shopper reviews.,https://m.media-amazon.com/images/I/51RaQdHLJGL._AC_SL1200_.jpg,175.00
COACH Smooth Leather Skinny Wallet,Rated 4.6/5 from 53 Amazon shopper reviews.,https://m.media-amazon.com/images/I/91hemrpy90L._AC_UL1500_.jpg,175.00
Ray-Ban RB3539 Erika Metal Sunglasses + Vision Group Accessories Bundle,Rated 4/5 from 19 Amazon shopper reviews.,https://m.media-amazon.com/images/I/51Zxzj0EheL._AC_UL1500_.jpg,175.00
Michael Kors Women's Sawyer Rose Gold-Tone Watch MK6226,Rated 3.8/5 from 7 Amazon shopper reviews.,https://m.media-amazon.com/images/I/81oCbjJumxL._AC_UL1500_.jpg,175.00
Oakley Men's Oo9081 Oil Rig Rectangular Sunglasses,Rated 4.7/5 from 958 Amazon shopper reviews.,https://m.media-amazon.com/images/I/61dXcEnoVNL._AC_UL1500_.jpg,175.00
Seiko Stainless Steel Blue Dial Chronograph Mens Watch SNDC07,Rated 5/5 from 13 Amazon shopper reviews.,https://m.media-amazon.com/images/I/41C3-CAktkL._AC_.jpg,175.00
Michael Kors Women's MK3835 Courtney Analog Display Analog Quartz Silver Watch,Rated 4.5/5 from 63 Amazon shopper reviews.,https://m.media-amazon.com/images/I/91oliBBzJkL._AC_UL1500_.jpg,175.00
Michael Kors Women's Mini Slim Runway Black Watch MK3587,Rated 4.7/5 from 31 Amazon shopper reviews.,https://m.media-amazon.com/images/I/71gGeoMYHoL._AC_UL1500_.jpg,175.00
"Ray-Ban Ray Ban RB4165 865/T5 Tortoise/Brown Gradient 55mm Polarized Sunglasses, 55 mm",Rated 3.9/5 from 13 Amazon shopper reviews.,https://m.media-amazon.com/images/I/61QXtrIay2L._AC_UL1500_.jpg,175.00
Nautica Men's N17594G NSR 05 Sporty Resin Watch,Rated 4.1/5 from 10 Amazon shopper reviews.,https://m.media-amazon.com/images/I/81x4bl9EciL._AC_UL1500_.jpg,175.00
"Lacoste Men's Moon Ultra Slim Quartz Stainless Steel and Leather Strap Watch, Blue, 2010975",Rated 4.5/5 from 90 Amazon shopper reviews.,https://m.media-amazon.com/images/I/71SeCACviuL._AC_UL1500_.jpg,175.00
Michael Kors Women's MK5970 - Mini Skylar Silver Watch,Rated 4/5 from 32 Amazon shopper reviews.,https://m.media-amazon.com/images/I/51dvCrGKkBL._AC_UL1000_.jpg,175.00
Bradshaw Women's Watch,Rated 4.4/5 from 150 Amazon shopper reviews.,https://m.media-amazon.com/images/I/71bEM41nP8L._AC_UL1500_.jpg,175.00
Michael Kors Women's Darci Gold- Tone Watch MK3438,Rated 4.5/5 from 18 Amazon shopper reviews.,https://m.media-amazon.com/images/I/91jy9AAL6oL._AC_UL1500_.jpg,175.00
Michael Kors Women's MK6094 - Blair Mixed Materials Watch,Rated 4.4/5 from 14 Amazon shopper reviews.,https://m.media-amazon.com/images/I/419dQyFUsjL._AC_.jpg,175.00
GUESS Men's Stainless Steel Casual Leather Watch,Rated 4.4/5 from 203 Amazon shopper reviews.,https://m.media-amazon.com/images/I/91x-2F5y9ZL._AC_UL1500_.jpg,175.00
Hugo BOSS Men's Watches 1513087,Rated 3.1/5 from 38 Amazon shopper reviews.,https://m.media-amazon.com/images/I/61+Pqy6qr-L._AC_UL1231_.jpg,175.00
SEIKO Women's SUP385 Ladies Dress Analog Display Japanese Quartz Silver Watch,Rated 4.3/5 from 17 Amazon shopper reviews.,https://m.media-amazon.com/images/I/81obHSb0VjL._AC_UL1500_.jpg,175.00
Bulova Ladies Silver Tone Stainless Steel Japanese Quartz Date Watch,Rated 4.7/5 from 4 Amazon shopper reviews.,https://m.media-amazon.com/images/I/71KrkRt8TpL._AC_SL1500_.jpg,175.00
"Anne Klein Women's Premium Crystal Accented Watch and Bracelet Set, AK/3582",Rated 4.6/5 from 250 Amazon shopper reviews.,https://m.media-amazon.com/images/I/81Y4opJdsnL._AC_UL1500_.jpg,175.00
"Kenneth Cole New York Men's Japanese Quartz Stainless Steel Case Stainless Steel Bracelet Grey,(Model: KC9028)",Rated 3.1/5 from 13 Amazon shopper reviews.,https://m.media-amazon.com/images/I/71xxxmvqgxL._AC_UL1500_.jpg,175.00
Oakley Men's 0oo9135 Jupiter Squared Rectangular Sunglasses,Rated 4.5/5 from 367 Amazon shopper reviews.,https://m.media-amazon.com/images/I/51RSYFPLdkL._AC_UL1500_.jpg,174.99
Juicy Couture Black Label Women's Multicolored Genuine Crystal Accented Rose Gold-Tone Bracelet Watch,Rated 3.5/5 from 10 Amazon shopper reviews.,https://m.media-amazon.com/images/I/918LGG8AyYL._AC_UL1500_.jpg,174.68
"NIXON Regulus A1180-100m Water Resistant Men's Digital Sport Watch (46mm Watch Face, 29mm-24mm Pu/Rubber/Silicone Band)","Rated 4.5/5 from 1,881 Amazon shopper reviews.",https://m.media-amazon.com/images/I/61iUtovCoJL._AC_UL1282_.jpg,174.25
"Citizen EM0407-01L Women's Watch, Blue Collection Eco-Drive Watch Shipped from Japan 2021 Model",Rated 4.5/5 from 8 Amazon shopper reviews.,https://m.media-amazon.com/images/I/71MD65kE8eL._AC_UL1500_.jpg,174.00
Michael Kors MK1057 AURELIA Square Sunglasses For Women + BUNDLE with Designer iWear Complimentary Eyewear Care Kit Care Kit,Rated 4.2/5 from 36 Amazon shopper reviews.,https://m.media-amazon.com/images/I/41a56KGqc7L._AC_UL1010_.jpg,174.00
Oakley Men's Oo9410 Evzero Swift Low Bridge Fit Rectangular Sunglasses,Rated 4.2/5 from 100 Amazon shopper reviews.,https://m.media-amazon.com/images/I/51BbFSTFuoL._AC_UL1500_.jpg,174.00
Ray-Ban RB2447 ROUND/CLASSIC Sunglasses For Men For Women+ BUNDLE with Designer iWear Complimentary Eyewear Care Kit,Rated 4.6/5 from 56 Amazon shopper reviews.,https://m.media-amazon.com/images/I/61LwFrE6cSL._AC_UL1500_.jpg,174.00
Michael Kors Women's Jaryn Brown Watch MK2496,Rated 3.7/5 from 11 Amazon shopper reviews.,https://m.media-amazon.com/images/I/71XTHPTdMZL._AC_UL1500_.jpg,174.00
Oakley Men's Oo9439 Pitchman R Round Sunglasses,Rated 4.3/5 from 343 Amazon shopper reviews.,https://m.media-amazon.com/images/I/41SiZRdXokL._AC_UL1500_.jpg,174.00
"Kate Spade New York Women's Cameron Street Lacey Zip Around Wallet, Deep Plum, One Size",Rated 5/5 from 1 Amazon shopper reviews.,https://m.media-amazon.com/images/I/71yav+KQxPL._AC_UL1500_.jpg,174.00
Michael Kors Women's MK5612 Blair Analog Display Analog Quartz Silver Watch,Rated 4.1/5 from 190 Amazon shopper reviews.,https://m.media-amazon.com/images/I/81mvQ+RmShL._AC_UL1500_.jpg,174.00
Ray-Ban Women's Rb4314n Nina Cat Eye Sunglasses,Rated 4.5/5 from 733 Amazon shopper reviews.,https://m.media-amazon.com/images/I/51qDmBvwu2L._AC_UL1500_.jpg,174.00
Seiko Men's SNKK71 Seiko 5 Automatic Stainless Steel Watch with Black Dial,Rated 4.2/5 from 472 Amazon shopper reviews.,https://m.media-amazon.com/images/I/81EP8AEiNdL._AC_UL1500_.jpg,174.00
Ray-Ban RB4165 Justin Sunglasses + Vision Group Accessories Bundle,Rated 4.4/5 from 149 Amazon shopper reviews.,https://m.media-amazon.com/images/I/414OfFwqP+S._AC_UL1500_.jpg,174.00
Oakley OO9307 Turbine Rotor Sunglasses+ Vision Group Accessories Bundle,Rated 4.5/5 from 34 Amazon shopper reviews.,https://m.media-amazon.com/images/I/61XQqaAOrvL._AC_UL1500_.jpg,174.00
Ray-Ban Rb4336 Round Sunglasses,Rated 3.9/5 from 21 Amazon shopper reviews.,https://m.media-amazon.com/images/I/41rTFjaTDXS._AC_UL1500_.jpg,173.96
Oakley Men's 0oo9342 Sliver R Rectangular Sunglasses,Rated 4.2/5 from 246 Amazon shopper reviews.,https://m.media-amazon.com/images/I/51tRwXZ7mkL._AC_UL1500_.jpg,173.85
Coach Women's Crossgrain Leather Accordion Zip Wallet,Rated 4.5/5 from 173 Amazon shopper reviews.,https://m.media-amazon.com/images/I/411KQLz-fYL._AC_.jpg,173.77
Ray-Ban RB3546 Round Sunglasses,Rated 4.4/5 from 522 Amazon shopper reviews.,https://m.media-amazon.com/images/I/61--ZshBWyL._AC_UL1500_.jpg,173.60
Citizen Women's Eco-Drive Capella Quartz Watch,Rated 4.1/5 from 15 Amazon shopper reviews.,https://m.media-amazon.com/images/I/71Gw2ENjEIL._AC_UL1500_.jpg,173.54
Citizen Women's Analogue Eco-Drive Watch with a Stainless Steel Band,Rated 4.4/5 from 59 Amazon shopper reviews.,https://m.media-amazon.com/images/I/61WSKCQMPtL._AC_UL1094_.jpg,173.13
Ray-Ban RB3449 Sunglasses For Men For Women + BUNDLE with Designer iWear Complimentary Eyewear Care Kit,Rated 4.4/5 from 67 Amazon shopper reviews.,https://m.media-amazon.com/images/I/4195pQGc2jL._AC_UL1004_.jpg,173.00
Oakley Men's Oo9406a Sutro Low Bridge Fit Rectangular Sunglasses,Rated 4.7/5 from 569 Amazon shopper reviews.,https://m.media-amazon.com/images/I/51mCPUearbL._AC_UL1500_.jpg,173.00
Oakley Latch OO9265 Sunglasses For Men+ BUNDLE Leash + BUNDLE with Designer iWear Eyewear Kit,Rated 4.7/5 from 33 Amazon shopper reviews.,https://m.media-amazon.com/images/I/41oq+wl3r8S._AC_UL1200_.jpg,173.00
Oakley OO9101 Batwolf Sunglasses + Vision Group Accessories Bundle,Rated 4.9/5 from 18 Amazon shopper reviews.,https://m.media-amazon.com/images/I/51n9SsBvT8L._AC_UL1500_.jpg,173.00
Oakley OO9406 Sutro Sunglasses+ Vision Group Accessories Bundle,Rated 4.7/5 from 99 Amazon shopper reviews.,https://m.media-amazon.com/images/I/51V+IBCZlaL._AC_UL1500_.jpg,173.00
Ray-Ban Men's Rb4275ch Chromance Square Sunglasses,Rated 4.4/5 from 109 Amazon shopper reviews.,https://m.media-amazon.com/images/I/51DJUpDfmnL._AC_UL1500_.jpg,172.80
Ray-Ban Men's Rb3542 Chromance Rectangular Sunglasses,Rated 4.2/5 from 312 Amazon shopper reviews.,https://m.media-amazon.com/images/I/51j6hn4usSL._AC_UL1500_.jpg,172.80
"Coach L138 HC7059 Sunglasses 9249T5-58 - Gold/Ivory Wild Beast Frame, Brown HC7059-9249T5-58",Rated 4.5/5 from 86 Amazon shopper reviews.,https://m.media-amazon.com/images/I/5115Yn1gW3L._AC_UL1500_.jpg,172.71
"Ray-Ban Rb4225 Square Sunglasses, Matte Black/Green, 52 mm",Rated 3.9/5 from 15 Amazon shopper reviews.,https://m.media-amazon.com/images/I/51VvNPR1x+L._AC_UL1500_.jpg,172.44
"Bulova Ladies' Classic 3-Hand Automatic Stainless Steel Watch, Mother-of-Pearl Dial",Rated 4.3/5 from 55 Amazon shopper reviews.,https://m.media-amazon.com/images/I/71ZHIWPt24L._AC_UL1500_.jpg,172.34
"Michael Kors 'Runway' Crystal Chronograph Bracelet Watch, 38mm",Rated 3.3/5 from 6 Amazon shopper reviews.,https://m.media-amazon.com/images/I/51P39LOCrtL._AC_.jpg,172.00
Michael Kors Womens Bradshaw Watch MK5722,Rated 4.1/5 from 128 Amazon shopper reviews.,https://m.media-amazon.com/images/I/51NCw7C6txL._AC_UL1500_.jpg,172.00
Anne Klein New York Ceramic 3 Bracelet & 32mm Watch Silver Toned Set with Swarovski Crystals,Rated 3.7/5 from 3 Amazon shopper reviews.,https://m.media-amazon.com/images/I/6151cfyU-yL._AC_UL1000_.jpg,171.69
Seiko 3-Hand with Date Stainless Steel Men's watch #SGEG01P1,Rated 5/5 from 2 Amazon shopper reviews.,https://m.media-amazon.com/images/I/51-yBLcYhHL._AC_UL1000_.jpg,171.30
NIXON Men's A045-041 Stainless-Steel Analog Black Dial Watch,Rated 4.6/5 from 91 Amazon shopper reviews.,https://m.media-amazon.com/images/I/515nkNWnPUL._AC_UL1000_.jpg,171.24
New Ray Ban Clubmaster RB3016 W0366 Tortoise/Arista/G-15 XLT 51mm Sunglasses,Rated 5/5 from 2 Amazon shopper reviews.,https://m.media-amazon.com/images/I/71ALqK3JugL._AC_UL1500_.jpg,171.00
Ray-Ban RB3689 Aviator Metal II Sunglasses + Vision Group Accessories Bundle,Rated 4.2/5 from 13 Amazon shopper reviews.,https://m.media-amazon.com/images/I/51qXh7J0FgL._AC_UL1500_.jpg,171.00
Ray Ban RB3138 shooter 001 Gold Sunglasses 58mm,Rated 5/5 from 4 Amazon shopper reviews.,https://m.media-amazon.com/images/I/61z0O126f7L._AC_UL1280_.jpg,171.00
Ray-Ban RB3016 Clubmaster Sunglasses Arista Gold w/Crystal Green (W0366) 3016 W0366 51mm Authentic,Rated 5/5 from 3 Amazon shopper reviews.,https://m.media-amazon.com/images/I/513A+mKI52L._AC_UL1000_.jpg,171.00
Ray-Ban Men's RB3025 Aviator Metal Aviator Sunglasses,Rated 3.9/5 from 67 Amazon shopper reviews.,https://m.media-amazon.com/images/I/51TxRPNEi9L._AC_UL1500_.jpg,171.00
Ray-Ban Rb3547 Oval Sunglasses,Rated 4.3/5 from 14 Amazon shopper reviews.,https://m.media-amazon.com/images/I/41CTZCrUBZL._AC_UL1500_.jpg,170.61
Michael Kors Women's Quartz Watch with Stainless Steel Strap,"Rated 4.6/5 from 1,575 Amazon shopper reviews.",https://m.media-amazon.com/images/I/71nu1vGA2lL._AC_UL1500_.jpg,170.51
"Citizen Eco-Drive Corso Mens Watch, Stainless Steel, Classic",Rated 4.6/5 from 901 Amazon shopper reviews.,https://m.media-amazon.com/images/I/81d1RChIOoS._AC_UL1500_.jpg,170.50
Ray-Ban Women's Rb4101 Jackie Ohh Butterfly Sunglasses,"Rated 4.5/5 from 2,799 Amazon shopper reviews.",https://m.media-amazon.com/images/I/5111g0L9ByL._AC_UL1500_.jpg,170.40
Ray-Ban Men's Rb3362 Cockpit Aviator Sunglasses,Rated 4.6/5 from 759 Amazon shopper reviews.,https://m.media-amazon.com/images/I/41IG8jDLW+L._AC_UL1500_.jpg,170.40
Ray-Ban RB3016 Clubmaster Square Sunglasses,"Rated 4.6/5 from 11,319 Amazon shopper reviews.",https://m.media-amazon.com/images/I/51y15hSOUXL._AC_UL1500_.jpg,170.40
Ray-Ban RB3565 Jack Round Sunglasses,Rated 4.6/5 from 342 Amazon shopper reviews.,https://m.media-amazon.com/images/I/41bzhJVwOUL._AC_UL1500_.jpg,170.40
Ray-Ban Rb2197 Elliot Square Sunglasses,Rated 4/5 from 25 Amazon shopper reviews.,https://m.media-amazon.com/images/I/41MRJX4xF6L._AC_UL1500_.jpg,170.40
Ray Ban Sunglasses RB3362 004/58 Gunmetal/Crystal Green Polarized 59mm,Rated 5/5 from 5 Amazon shopper reviews.,https://m.media-amazon.com/images/I/71d-TwcJyBL._AC_UL1500_.jpg,170.40
Ray Ban Folding Wayfarer RB4105 601/58 Black/Polarized Gray 54mm Sunglasses,Rated 4.5/5 from 27 Amazon shopper reviews.,https://m.media-amazon.com/images/I/71Qa9c5w6DL._AC_UL1500_.jpg,170.40
Ray-Ban Rb3857 Frank Square Sunglasses,Rated 4.4/5 from 165 Amazon shopper reviews.,https://m.media-amazon.com/images/I/51l7H8L3cmL._AC_UL1500_.jpg,170.40
"NIXON Sentry Luxe A1265 - Tortoise/White Sunray/Brown - 102M Water Resistant Men&apos;s Analog Fashion Watch (42mm Watch Face, 21mm-19mm Leather Band)",Rated 4.6/5 from 53 Amazon shopper reviews.,https://m.media-amazon.com/images/I/81fgXwGW0+L._AC_UL1500_.jpg,170.31
"Bulova Men's Classic Stainless Steel Chronograph Quartz Watch, Black Dial Style: 96A211",Rated 4.2/5 from 26 Amazon shopper reviews.,https://m.media-amazon.com/images/I/81y8-kSj3uL._AC_UL1500_.jpg,170.29
Ray Ban RB4165 JUSTIN Sunglasses For Men For Women+ BUNDLE with Designer iWear Complimentary Eyewear Care Kit,Rated 4.5/5 from 463 Amazon shopper reviews.,https://m.media-amazon.com/images/I/51RKRvcHJrL._AC_UL1500_.jpg,170.00
Seiko Men's SNQ120 Silver And Gold Analog with Black Dial Watch,Rated 2.7/5 from 7 Amazon shopper reviews.,https://m.media-amazon.com/images/I/71uliQ8LogL._AC_UL1478_.jpg,170.00
Oakley Men's Oo9096 Fuel Cell Rectangular Sunglasses,Rated 4.6/5 from 861 Amazon shopper reviews.,https://m.media-amazon.com/images/I/51YYIYlXdeL._AC_UL1500_.jpg,170.00
Oakley Proxy Sunglasses,Rated 3.2/5 from 8 Amazon shopper reviews.,https://m.media-amazon.com/images/I/61GgjqhetlL._AC_UL1500_.jpg,170.00
"Caravelle by Bulova Ladies' Aqualuxx Crystal Quartz Two Tone Stainless Steel Watch, Silver-White Dial Style: 45M120",Rated 5/5 from 2 Amazon shopper reviews.,https://m.media-amazon.com/images/I/61-kknhzX0L._AC_UL1000_.jpg,170.00
"Calvin Klein Women's Quartz Ionic Gold Plated Steel and Link Bracelet Watch, Color: Gold Plated (Model: 25200136)",Rated 3.8/5 from 15 Amazon shopper reviews.,https://m.media-amazon.com/images/I/61UcQXdCBcL._AC_UL1500_.jpg,170.00
"Calvin Klein Unisex Quartz Ionic Plated Carnation Gold Steel and Mesh Bracelet Watch, Color: Carnation (Model: 25200029)",Rated 4.2/5 from 28 Amazon shopper reviews.,https://m.media-amazon.com/images/I/81KGDrwLvRL._AC_UL1500_.jpg,170.00
Michael Kors Women's Parker Two-Tone Watch MK6055,Rated 3.6/5 from 42 Amazon shopper reviews.,https://m.media-amazon.com/images/I/8167F5MMYOL._AC_UL1500_.jpg,170.00
"Calvin Klein Women's Quartz Stainless Steel Case and Mesh Bracelet Watch, Color: Silver (Model: 25200149)",Rated 4.8/5 from 9 Amazon shopper reviews.,https://m.media-amazon.com/images/I/71xbavpdMSL._AC_UL1500_.jpg,170.00
"Citizen Men's Classic Chronograph Quartz Watch, Stainless Steel",Rated 4.6/5 from 984 Amazon shopper reviews.,https://m.media-amazon.com/images/I/81Vn-5YdBKL._AC_UL1500_.jpg,169.99
Nautica Unisex N17618G NMX 601 Classic Analog with Enamel Bezel Watch,Rated 4.3/5 from 6 Amazon shopper reviews.,https://m.media-amazon.com/images/I/81BdlscxecL._AC_UL1500_.jpg,169.98
"Citizen Cashmere Women's Scarf 100% Cashmere Knitted Wrap Shawl Extra Large Pashmina Stole 72.8 inches x 23.6 inches, One Size Fits All",Rated 4.2/5 from 84 Amazon shopper reviews.,https://m.media-amazon.com/images/I/614qyhzsb9L._AC_UL1024_.jpg,169.95
Citizen Cahmere Women's Scarf 100% Cashmere Knitted Wrap Shawl Extra Large Pashmina Stole One Size Fits All,Rated 4.2/5 from 84 Amazon shopper reviews.,https://m.media-amazon.com/images/I/61jbvX0lKyL._AC_UL1024_.jpg,169.95
Kenneth Cole New York Men's KC9333 Classic Round Triple Black Bracelet Watch,Rated 3.9/5 from 16 Amazon shopper reviews.,https://m.media-amazon.com/images/I/81+wRSHTYQL._AC_UL1500_.jpg,169.95
Michael Kors Men's Wren Chronograph Gold-Tone Stainless Steel Watch (Model:MK8928),Rated 4.7/5 from 62 Amazon shopper reviews.,https://m.media-amazon.com/images/I/516OBHQEHfL._AC_UL1000_.jpg,169.85
Ray-Ban Rb4340 Wayfarer Ease Square Sunglasses,Rated 4.4/5 from 222 Amazon shopper reviews.,https://m.media-amazon.com/images/I/41gJFe+0qDL._AC_UL1500_.jpg,169.75
Oakley Men's Oo9102 Holbrook Polarized Square Sunglasses,"Rated 4.6/5 from 3,790 Amazon shopper reviews.",https://m.media-amazon.com/images/I/51Y8ersY+7L._AC_UL1500_.jpg,169.60
Oakley Holbrook OO9102 Iridium Sport Sunglasses,Rated 3.7/5 from 25 Amazon shopper reviews.,https://m.media-amazon.com/images/I/51EL9VqCYyL._AC_UL1500_.jpg,169.60
Seiko 5 Automatic White Dial Men's Watch SNKP22J1,Rated 4.5/5 from 46 Amazon shopper reviews.,https://m.media-amazon.com/images/I/71ZR2BIjPlL._AC_UL1500_.jpg,169.40
Nixon Men's A4652145 C45 Leather Analog Display Swiss Quartz Grey Watch,Rated 4.4/5 from 5 Amazon shopper reviews.,https://m.media-amazon.com/images/I/915ngV91AjL._AC_UL1500_.jpg,169.00
"Daniel Wellington Petite Ashfield Watch, Matte Black Mesh Bracelet","Rated 4.4/5 from 1,080 Amazon shopper reviews.",https://m.media-amazon.com/images/I/51jWKu4X5tL._AC_UL1500_.jpg,169.00
SEIKO 5 Automatic White Dial Stainless Steel Ladies Watch SYMA41,Rated 4.1/5 from 27 Amazon shopper reviews.,https://m.media-amazon.com/images/I/51N-rm1onIL._AC_UL1000_.jpg,169.00
"Daniel Wellington Petite Sterling Watch, Silver Mesh Bracelet","Rated 4.5/5 from 2,245 Amazon shopper reviews.",https://m.media-amazon.com/images/I/61U7roJ76tL._AC_UL1500_.jpg,169.00
Bulova Men's 98B139 Marine Star Black Dial Watch,Rated 4/5 from 21 Amazon shopper reviews.,https://m.media-amazon.com/images/I/814680iIIhL._AC_UL1500_.jpg,169.00
Seiko 5 #SYMK17K1 Women's Black Dial Self Winding Automatic Watch,Rated 4.1/5 from 64 Amazon shopper reviews.,https://m.media-amazon.com/images/I/51Oh7QCGywL._AC_UL1000_.jpg,169.00
"Seiko Men's Stainless Steel Japanese Quartz Leather Calfskin Strap, Black, Casual Watch (Model: SSB359)",Rated 4.6/5 from 174 Amazon shopper reviews.,https://m.media-amazon.com/images/I/81AdGuRqP9L._AC_UL1500_.jpg,169.00
SEIKO Men's SNKL38 Gold Plated Stainless Steel Analog with Gold Dial Watch,Rated 4.2/5 from 9 Amazon shopper reviews.,https://m.media-amazon.com/images/I/61JTiBUWTbL._AC_UL1000_.jpg,169.00
Ray-Ban RB4162 Aviator Sunglasses,Rated 4.1/5 from 186 Amazon shopper reviews.,https://m.media-amazon.com/images/I/51FatptW8-L._AC_UL1250_.jpg,169.00
Kate Spade Whitaker Place Nisha Black Leather Zip Around Wallet,Rated 5/5 from 1 Amazon shopper reviews.,https://m.media-amazon.com/images/I/41xtCxwXpKL._AC_.jpg,169.00
Daniel Wellington Petite Watch Rose Gold Stainless Steel (316L),"Rated 4.4/5 from 3,271 Amazon shopper reviews.",https://m.media-amazon.com/images/I/51iLCNNeDJL._AC_UL1500_.jpg,169.00
"Daniel Wellington Petite Evergold Watch, Gold Mesh Bracelet",Rated 4.5/5 from 183 Amazon shopper reviews.,https://m.media-amazon.com/images/I/51nOrI1JcGL._AC_UL1500_.jpg,169.00
"Ray-Ban RB2140 Original Wayfarer Sunglasses, Black/Green Polarized, 50 mm",Rated 4.6/5 from 820 Amazon shopper reviews.,https://m.media-amazon.com/images/I/51p+a4GWpEL._AC_UL1500_.jpg,168.40
Ray-Ban Rb4440n Blaze Wayfarer Square Sunglasses,Rated 4.2/5 from 119 Amazon shopper reviews.,https://m.media-amazon.com/images/I/519Ozfup0NL._AC_UL1500_.jpg,168.15
Michael Kors Channing Two-Tone Ladies Watch MK6114,Rated 5/5 from 3 Amazon shopper reviews.,https://m.media-amazon.com/images/I/51rtFNc-BwL._AC_.jpg,168.00
Michael Kors Women's Blair Two-Tone Watch MK6316,Rated 4/5 from 20 Amazon shopper reviews.,https://m.media-amazon.com/images/I/71mYU0KFx7L._AC_UL1500_.jpg,168.00
Ray-Ban Rb3029 Outdoorsman Ii Aviator Sunglasses,Rated 4.4/5 from 434 Amazon shopper reviews.,https://m.media-amazon.com/images/I/61o9887sLnL._AC_UL1500_.jpg,168.00
Michael Kors Women's MK6188 - Brinkley Two-Tone Watch,Rated 4.3/5 from 8 Amazon shopper reviews.,https://m.media-amazon.com/images/I/81Zd0q-VWEL._AC_UL1500_.jpg,168.00
Michael Kors Women's Slim Runway Logo Rose Gold-Tone Watch MK3591,Rated 4.5/5 from 64 Amazon shopper reviews.,https://m.media-amazon.com/images/I/91CDOIxF28L._AC_UL1500_.jpg,168.00
Citizen Men's Analogue Eco-Drive Watch,Rated 4.1/5 from 42 Amazon shopper reviews.,https://m.media-amazon.com/images/I/61xwHnNJwKL._AC_UL1000_.jpg,167.99
Ray Ban Wayfarer RB2132 902/58 Havana/Crystal Green 52mm Polarized Sunglasses,Rated 5/5 from 2 Amazon shopper reviews.,https://m.media-amazon.com/images/I/71RS01hL0+L._AC_UL1500_.jpg,167.62
"Ray-Ban Men,Women RB3569 59 Sunglasses 59mm",Rated 4.5/5 from 189 Amazon shopper reviews.,https://m.media-amazon.com/images/I/61eMo8X4mWL._AC_UL1500_.jpg,167.20
"Citizen Men's Eco-Drive Weekender Garrison Field Watch in Stainless Steel, Black Dial (Model: AW0050-82E)","Rated 4.6/5 from 1,103 Amazon shopper reviews.",https://m.media-amazon.com/images/I/71+prjqnZiL._AC_UL1500_.jpg,167.20
Kate Spade New York Nisha Leather Wallet Empire Red,Rated 5/5 from 2 Amazon shopper reviews.,https://m.media-amazon.com/images/I/41IIWtIQ5ML._AC_.jpg,167.00
Ray-Ban Rb4341ch Chromance Square Sunglasses,Rated 4.2/5 from 22 Amazon shopper reviews.,https://m.media-amazon.com/images/I/612V3wrFqkL._AC_UL1500_.jpg,166.40
"Ray Ban RB4181 Sunglasses-601/71 Black (Gradient Gray Lens)-57mm, Black Frame/Gray Gradient Lens, 58 mm",Rated 4.8/5 from 15 Amazon shopper reviews.,https://m.media-amazon.com/images/I/51SLVanOu9L._AC_UL1500_.jpg,166.00
Ray-Ban Rb4259 Round Sunglasses,Rated 4.3/5 from 462 Amazon shopper reviews.,https://m.media-amazon.com/images/I/61MJCuKnO3L._AC_UL1500_.jpg,166.00
Ray-Ban RB4203 Round Sunglasses,Rated 4.3/5 from 59 Amazon shopper reviews.,https://m.media-amazon.com/images/I/51sN+gKTAHL._AC_UL1500_.jpg,166.00
Ray-Ban Rb4323 Square Sunglasses,Rated 4.3/5 from 163 Amazon shopper reviews.,https://m.media-amazon.com/images/I/61MtTNh9HnL._AC_UL1500_.jpg,166.00
Ray-Ban RB3592 JA-JO Sunglasses For Women + BUNDLE with Designer iWear Complimentary Eyewear Care Kit,Rated 3.8/5 from 32 Amazon shopper reviews.,https://m.media-amazon.com/images/I/41qbX7KFMwL._AC_UL1000_.jpg,166.00
"Ray-Ban RB2132 New Wayfarer Unisex Sunglasses (Matte Blue on Transparent Frame/Grey Gradient Lens 605371, 55)",Rated 4.7/5 from 11 Amazon shopper reviews.,https://m.media-amazon.com/images/I/61b0iy3kf9L._AC_UL1500_.jpg,166.00
Ray-Ban Rb3588 Square Sunglasses,Rated 4.4/5 from 165 Amazon shopper reviews.,https://m.media-amazon.com/images/I/51LBRRpC67L._AC_UL1500_.jpg,166.00
"Ray-Ban womens Rb2132 New Wayfarer sunglasses, Light Havana Frame Brown Gradient Lens 710/51, Medium US",Rated 4.8/5 from 6 Amazon shopper reviews.,https://m.media-amazon.com/images/I/619thnvTv1L._AC_UL1500_.jpg,166.00
Ray-Ban Rb3683 Square Sunglasses,Rated 4.4/5 from 53 Amazon shopper reviews.,https://m.media-amazon.com/images/I/5162eFnIOlL._AC_UL1500_.jpg,166.00
Michael Kors Women's Petite Camille Three-Hand Watch,Rated 4.2/5 from 67 Amazon shopper reviews.,https://m.media-amazon.com/images/I/81-l32uthKL._AC_UL1500_.jpg,165.09
Armani Exchange Men's AX1362 Gunmetal Watch,Rated 4.4/5 from 52 Amazon shopper reviews.,https://m.media-amazon.com/images/I/91Xi+vTFoTL._AC_UL1500_.jpg,165.00
Michael Kors Women's Camille Two-Tone Watch MK4292,Rated 3.9/5 from 28 Amazon shopper reviews.,https://m.media-amazon.com/images/I/81QjiUEYePL._AC_UL1500_.jpg,165.00
Skagen Grenen Halo Solar Powered 37mm Watch with Leather or Stainless Steel Band,Rated 4.1/5 from 15 Amazon shopper reviews.,https://m.media-amazon.com/images/I/61YmrIlhWCL._AC_UL1500_.jpg,165.00
Skagen Grenen Lille Halo Solar Powered 26mm Watch with Leather or Stainless Steel Band,Rated 4.3/5 from 13 Amazon shopper reviews.,https://m.media-amazon.com/images/I/512m6FVx5kL._AC_UL1500_.jpg,165.00
Michael Kors Women's MK3678 Analog Display Analog Quartz Rose Gold Watch,Rated 3.6/5 from 3 Amazon shopper reviews.,https://m.media-amazon.com/images/I/91whEB8mK1L._AC_UL1500_.jpg,165.00
Seiko Women's SUJ355 Watch,Rated 5/5 from 1 Amazon shopper reviews.,https://m.media-amazon.com/images/I/41VV203JGKL._AC_.jpg,165.00
Michael Kors Women's Parker Two-Tone Watch MK5626,Rated 4.5/5 from 438 Amazon shopper reviews.,https://m.media-amazon.com/images/I/71YQWD4MXpL._AC_UL1500_.jpg,165.00
"Tommy Hilfiger Men's Stainless Steel Case and Leather Strap Watch, Color: Brown (Model: 1792015)",Rated 4.2/5 from 10 Amazon shopper reviews.,https://m.media-amazon.com/images/I/819mP9UcYgL._AC_UL1500_.jpg,165.00
Michael Kors Parker Pink Dial Two Tone SS Quartz Chrono Ladies Watch MK6140,Rated 4/5 from 17 Amazon shopper reviews.,https://m.media-amazon.com/images/I/91Rik6I4noL._AC_UL1500_.jpg,165.00
Ray Ban Andy RB4202 615355 Blue/ Blue Mirror 55mm Sunglasses,Rated 4.7/5 from 4 Amazon shopper reviews.,https://m.media-amazon.com/images/I/51at0hpSM5L._AC_UL1200_.jpg,165.00
Tommy Hilfiger Men's Stainless Steel Quartz Watch with Leather Strap,Rated 4.5/5 from 65 Amazon shopper reviews.,https://m.media-amazon.com/images/I/81RVEbIteFL._AC_UL1500_.jpg,165.00
COACH HC7101B Square Sunglasses for Women + BUNDLE with Designer iWear Complimentary Eyewear Care Kit,Rated 4.4/5 from 8 Amazon shopper reviews.,https://m.media-amazon.com/images/I/41oRgFU4CYS._AC_UL1200_.jpg,165.00
"Fossil Women's Quartz Stainless Steel and Leather Casual Watch, Color:Blue (Model: ES4092)",Rated 4.2/5 from 49 Amazon shopper reviews.,https://m.media-amazon.com/images/I/81diDkQDhML._AC_UL1500_.jpg,165.00
Michael Kors Women's Sawyer Silver-Tone Watch MK6224,Rated 4.5/5 from 16 Amazon shopper reviews.,https://m.media-amazon.com/images/I/812RjVzK4wL._AC_UL1500_.jpg,165.00
"Kenneth Cole New York Women's Quartz Stainless Steel Case Stainless Steel Bracelet Gold,(Model:KC4942)",Rated 3.4/5 from 3 Amazon shopper reviews.,https://m.media-amazon.com/images/I/71fXRSUSXLL._AC_UL1500_.jpg,164.96
Seiko Women's SXDB69 Silver-Tone White Mother Of Pearl Dial 22 Diamonds Watch,Rated 5/5 from 1 Amazon shopper reviews.,https://m.media-amazon.com/images/I/71PvxsGtF8S._AC_UL1500_.jpg,164.28
Michael Kors MK2102 BERKSHIRES Square Sunglasses For Women+ BUNDLE with Designer iWear Complimentary Eyewear Care Kit,Rated 4.5/5 from 102 Amazon shopper reviews.,https://m.media-amazon.com/images/I/41+FXuPLWUL._AC_UL1000_.jpg,164.00
kate spade new york Cedar Street Lacey Wallet,Rated 4.2/5 from 100 Amazon shopper reviews.,https://m.media-amazon.com/images/I/81pUKDMESXL._AC_UL1500_.jpg,164.00
Michael Kors Jet Set Continental Wallet Vanilla MK Signature Tiger,Rated 5/5 from 2 Amazon shopper reviews.,https://m.media-amazon.com/images/I/415nMKdegeL._AC_.jpg,164.00
kate spade new york Emma Lane Fabric Lacey Wallet,Rated 5/5 from 2 Amazon shopper reviews.,https://m.media-amazon.com/images/I/918F5fVk6QL._AC_UL1500_.jpg,164.00
Vince Camuto Women's Crystal Accented Bracelet Watch,Rated 5/5 from 2 Amazon shopper reviews.,https://m.media-amazon.com/images/I/81xPGX42rRL._AC_UL1500_.jpg,164.00
"Michael Kors Woman Sunglasses Black Frame, Dark Grey Lenses, 66MM",Rated 4.6/5 from 35 Amazon shopper reviews.,https://m.media-amazon.com/images/I/51RxKEqwVjL._AC_UL1150_.jpg,164.00
Michael Kors Women's MK5866 - Skylar Stainless Watch,Rated 4.1/5 from 75 Amazon shopper reviews.,https://m.media-amazon.com/images/I/8183OaMjAeL._AC_UL1500_.jpg,164.00
"Citizen Men's Classic Eco-Drive Leather Strap Watch, 3-Hand Date, Luminous Hands and Markers","Rated 4.7/5 from 1,284 Amazon shopper reviews.",https://m.media-amazon.com/images/I/81FygqvTXNS._AC_UL1500_.jpg,163.90
"Ray-Ban Men's Outdoorsman II Sunglasses, Gold/Dark Green, One Size",Rated 4.4/5 from 16 Amazon shopper reviews.,https://m.media-amazon.com/images/I/51K+v4TXmHL._AC_UL1500_.jpg,163.00
Ray-Ban RB2140 Original Wayfarer Sunglasses + Vision Group Accessories Bundle,Rated 4.5/5 from 316 Amazon shopper reviews.,https://m.media-amazon.com/images/I/61ASimW3BGL._AC_UL1500_.jpg,163.00
Ray-Ban RB3016f Clubmaster Low Bridge Fit Square Sunglasses,Rated 4.2/5 from 212 Amazon shopper reviews.,https://m.media-amazon.com/images/I/51l1yIfEANL._AC_UL1500_.jpg,163.00
Ray-Ban Rb2198 Bill Square Sunglasses,Rated 4.2/5 from 153 Amazon shopper reviews.,https://m.media-amazon.com/images/I/41XaVWRTJVL._AC_UL1500_.jpg,163.00
Ray-Ban Rb4175 Clubmaster Oversized Square Sunglasses,"Rated 4.6/5 from 1,314 Amazon shopper reviews.",https://m.media-amazon.com/images/I/51C8bP0jRBL._AC_UL1500_.jpg,163.00
"Ray-Ban Man Sunglasses Gunmetal Frame, Green Classic Lenses, 61MM",Rated 4.1/5 from 51 Amazon shopper reviews.,https://m.media-amazon.com/images/I/51WmdootyLL._AC_UL1500_.jpg,163.00
Ray-Ban RB3025 Aviator Metal Sunglasses,Rated 4.5/5 from 113 Amazon shopper reviews.,https://m.media-amazon.com/images/I/61Z-fRINILL._AC_UL1481_.jpg,163.00
Oakley Men's Oo9436 Latch Beta Rectangular Sunglasses,Rated 4.3/5 from 971 Amazon shopper reviews.,https://m.media-amazon.com/images/I/61EdBcZsDKL._AC_UL1500_.jpg,163.00
Ray-Ban RB3534 Sunglasses For Men + BUNDLE with Designer iWear Complimentary Eyewear Care Kit,Rated 4.5/5 from 51 Amazon shopper reviews.,https://m.media-amazon.com/images/I/413eH8qEaaL._AC_UL1000_.jpg,163.00
Ray-Ban Rb3119 Olympian Rectangular Sunglasses,Rated 4.5/5 from 503 Amazon shopper reviews.,https://m.media-amazon.com/images/I/41F1KJeZLKL._AC_UL1500_.jpg,163.00
Ray-Ban Men's Rb3522 Square Sunglasses,Rated 4.6/5 from 267 Amazon shopper reviews.,https://m.media-amazon.com/images/I/61s1AwJRrNL._AC_UL1500_.jpg,163.00
Ray-Ban RB3026 AVIATOR LARGE METAL II Sunglasses For Men For Women+ BUNDLE with Designer iWear Complimentary Eyewear Care Kit,Rated 4.5/5 from 21 Amazon shopper reviews.,https://m.media-amazon.com/images/I/41KQ6J9esoL._AC_UL1041_.jpg,163.00
Ray-Ban Rb3625 New Aviator Pilot Sunglasses,Rated 4.7/5 from 197 Amazon shopper reviews.,https://m.media-amazon.com/images/I/41AhmAll1OL._AC_UL1500_.jpg,163.00
Ray-Ban RB4105 Folding Wayfarer Sunglasses,Rated 4.3/5 from 33 Amazon shopper reviews.,https://m.media-amazon.com/images/I/41+WFd11gqL._AC_UL1100_.jpg,163.00
"Ray-Ban Unisex Sunglasses Gold Frame, Green Classic G-15 Lenses, 55MM",Rated 4.1/5 from 24 Amazon shopper reviews.,https://m.media-amazon.com/images/I/51MfG8RuOIL._AC_UL1500_.jpg,163.00
Ray-Ban RB3044 AVIATOR SMALL METAL Sunglasses For Men For Women+ BUNDLE with Designer iWear Complimentary Eyewear Care Kit,Rated 3.8/5 from 28 Amazon shopper reviews.,https://m.media-amazon.com/images/I/41pkDz+fGdL._AC_UL1010_.jpg,163.00
"Ray-Ban RB3136 001 Caravan Sunglasses Gold Frame/Green Classic Lens 55mm, Medium",Rated 5/5 from 5 Amazon shopper reviews.,https://m.media-amazon.com/images/I/416iA4p5uZL._AC_UL1011_.jpg,163.00
Ray-Ban Rb3582 David Round Sunglasses,Rated 4.5/5 from 15 Amazon shopper reviews.,https://m.media-amazon.com/images/I/414QhNiXS4L._AC_UL1500_.jpg,163.00
Ray-Ban RB3447 001 Round Sunglasses Arista Gold/Crystal Green Lens 50mm,Rated 4.1/5 from 46 Amazon shopper reviews.,https://m.media-amazon.com/images/I/41MsKUulRGL._AC_UL1006_.jpg,163.00
Ray-Ban Rb1969 Rectangle Rectangular Sunglasses,Rated 4.3/5 from 92 Amazon shopper reviews.,https://m.media-amazon.com/images/I/51kYnKAImBL._AC_UL1500_.jpg,163.00
Ray-Ban Outdoorsman 3030 Aviator Sunglasses with Wire Wrap Ears,Rated 4.7/5 from 484 Amazon shopper reviews.,https://m.media-amazon.com/images/I/41EBXVFIDUL._AC_UL1001_.jpg,163.00
"Ray Ban Sunglasses Clubmaster RB3016 W0365 Ebony Black/Arista Gold/Crystal Green, 51mm, Black Frame/Green G-15xlt Lens, 51 mm",Rated 4.5/5 from 192 Amazon shopper reviews.,https://m.media-amazon.com/images/I/41WZ8rEu2dL._AC_UL1102_.jpg,163.00
Ray-Ban RB3136 CARAVAN Sunglasses For Men For Women + BUNDLE with Designer iWear Complimentary Eyewear Care Kit,Rated 4.6/5 from 119 Amazon shopper reviews.,https://m.media-amazon.com/images/I/41AGDR0jtFL._AC_UL1023_.jpg,163.00
Ray-Ban Rb3026 Aviator Large Metal Ii Sunglasses,Rated 4.3/5 from 417 Amazon shopper reviews.,https://m.media-amazon.com/images/I/415XCTiPCxL._AC_UL1500_.jpg,163.00
Ray Ban RB3025 Sunglasses Color W3234,Rated 5/5 from 2 Amazon shopper reviews.,https://m.media-amazon.com/images/I/41REkVEB42L._AC_UL1100_.jpg,163.00
Ray-Ban RB3548N HEXAGONAL Sunglasses For Men For Women + BUNDLE with Designer iWear Complimentary Eyewear Care Kit,Rated 4.5/5 from 324 Amazon shopper reviews.,https://m.media-amazon.com/images/I/41FvS8XW8EL._AC_UL1025_.jpg,163.00
Ray-Ban Folding Wayfarer Sunglasses in Light Havana RB4105 710 50,Rated 4.6/5 from 113 Amazon shopper reviews.,https://m.media-amazon.com/images/I/51nMw+qEDeL._AC_UL1140_.jpg,163.00
Ray-Ban Women's RB3044 Classic Aviator Sunglasses,"Rated 4.2/5 from 1,119 Amazon shopper reviews.",https://m.media-amazon.com/images/I/51Me1z4j6QL._AC_UL1500_.jpg,163.00
Ray-Ban RB3547N OVAL Sunglasses For Men For Women + BUNDLE with Designer iWear Complimentary Eyewear Care Kit,Rated 4/5 from 38 Amazon shopper reviews.,https://m.media-amazon.com/images/I/41FZPiDEpWL._AC_UL1019_.jpg,163.00
Ray-Ban Rb3030 Outdoorsman I Aviator Sunglasses,"Rated 4.6/5 from 1,401 Amazon shopper reviews.",https://m.media-amazon.com/images/I/51qQ6mb2TnL._AC_UL1500_.jpg,163.00
Ray Ban Sunglasses - RB3386 00471 Metal - Acetate Silver - Black Grey Green,Rated 3.9/5 from 14 Amazon shopper reviews.,https://m.media-amazon.com/images/I/61maJ7TlgKL._AC_UL1500_.jpg,163.00
Oakley Men's Gascan Sunglasses,Rated 4.3/5 from 33 Amazon shopper reviews.,https://m.media-amazon.com/images/I/51TGorFcPBL._AC_UL1500_.jpg,162.00
Marc by Marc Jacobs Amy Crystal Accented Gold-Tone Womens Watch MBM3056,Rated 4.4/5 from 62 Amazon shopper reviews.,https://m.media-amazon.com/images/I/81+R6bnP5JL._AC_UL1500_.jpg,162.00
"Oakley Holbrook OO9102 Sunglasses Bundle with original case, and accessories (5 items)",Rated 5/5 from 10 Amazon shopper reviews.,https://m.media-amazon.com/images/I/41KlW0z5lXL._AC_UL1335_.jpg,162.00
"Fossil Men's 'The Minimalist' Quartz Stainless Steel and Leather Casual Watch, Color:Black (Model: FS5398), Black",Rated 4.3/5 from 106 Amazon shopper reviews.,https://m.media-amazon.com/images/I/717q3iNbxKL._AC_UL1500_.jpg,162.00
Michael Kors Kerry Three Hand Stainless Steel Women's Watch MK3395,Rated 3.2/5 from 11 Amazon shopper reviews.,https://m.media-amazon.com/images/I/61nBNrDuhtL._AC_UL1001_.jpg,162.00
Michael Kors Women's MK3356 - CATLIN Rose Gold Tone Watch,Rated 4/5 from 32 Amazon shopper reviews.,https://m.media-amazon.com/images/I/81lChO4BPYL._AC_UL1500_.jpg,162.00
Michael Kors MK5871 Women's Watch,Rated 4/5 from 21 Amazon shopper reviews.,https://m.media-amazon.com/images/I/61U5wXPc-YL._AC_UL1000_.jpg,162.00
Michael Kors Women's MK6137 - Blair Silver/Chambray Watch,Rated 4.2/5 from 22 Amazon shopper reviews.,https://m.media-amazon.com/images/I/81k5YaXHuSL._AC_UL1500_.jpg,162.00
Coach Womens 14501525 Classic Signature Fabric Leather Strap Watch,Rated 4.3/5 from 47 Amazon shopper reviews.,https://m.media-amazon.com/images/I/81W2q14Zh9L._AC_UL1500_.jpg,161.29
Ray-Ban RB4147 Sunglasses For Men For Women+ BUNDLE with Designer iWear Complimentary Eyewear Care Kit,Rated 4.4/5 from 127 Amazon shopper reviews.,https://m.media-amazon.com/images/I/41WUJ-CdEcL._AC_UL1018_.jpg,161.00
Oakley Men's Oo9154 Half Jacket 2.0 XL Rectangular Sunglasses,"Rated 4.6/5 from 3,442 Amazon shopper reviews.",https://m.media-amazon.com/images/I/31WrgxD81GL._AC_.jpg,161.00
"Kenneth Cole New York Women's Quartz Stainless Steel Case Leather Strap White Casual Watch,(Model:KC2743)",Rated 3.7/5 from 3 Amazon shopper reviews.,https://m.media-amazon.com/images/I/71c45AQNUNL._AC_UL1500_.jpg,161.00
Ray-Ban Cockpit Sunglasses,Rated 4.4/5 from 53 Amazon shopper reviews.,https://m.media-amazon.com/images/I/71UT9uxWWFL._AC_UL1500_.jpg,161.00
Ray-Ban Rb3663 Metal Rectangular Sunglasses,Rated 4.4/5 from 226 Amazon shopper reviews.,https://m.media-amazon.com/images/I/61hiqMXj+-L._AC_UL1500_.jpg,160.80
Ray-Ban Rb2132f New Wayfarer Low Bridge Fit Square Sunglasses,Rated 4.5/5 from 503 Amazon shopper reviews.,https://m.media-amazon.com/images/I/41z9Bx5r96L._AC_UL1500_.jpg,160.80
Ray-Ban Rb2132 New Wayfarer Polarized Square Sunglasses,"Rated 4.6/5 from 7,779 Amazon shopper reviews.",https://m.media-amazon.com/images/I/5194tv+cUcL._AC_UL1500_.jpg,160.80
"Ray-Ban Men's RB4089 Balorama Rectangular Sunglasses, Black/Polarized G-15 Green, 62 mm",Rated 4.5/5 from 522 Amazon shopper reviews.,https://m.media-amazon.com/images/I/51TfK64dctL._AC_UL1500_.jpg,160.80
"Ray Ban Wayfarer RB2132 902/58 Tortoise/Crystal Green Polarized 52mm Sunglasses, Tortoise / Green Polarized, 52 mm",Rated 4/5 from 73 Amazon shopper reviews.,https://m.media-amazon.com/images/I/417A245ONOL._AC_UL1094_.jpg,160.80
Ray-Ban Rubber Black/Green New Wayfarer Polarized Sunglasses,Rated 4/5 from 175 Amazon shopper reviews.,https://m.media-amazon.com/images/I/51ciXbCzAjL._AC_SL1500_.jpg,160.80
"Fossil Men's FB-01 Chrono Quartz Stainless Steel and Leather Chronograph Watch, Color: Blue/Silver, Sand (Model: FS5914)",Rated 4.2/5 from 24 Amazon shopper reviews.,https://m.media-amazon.com/images/I/61XrVjBy6uL._AC_UL1000_.jpg,160.38
Ray-Ban Rb2447 Round Sunglasses,Rated 4.3/5 from 428 Amazon shopper reviews.,https://m.media-amazon.com/images/I/51uvcFw3frL._AC_UL1500_.jpg,160.18
SEIKO Spirit Quartz Chronograph SBTR017 Watch Shipped from Japan,Rated 4.1/5 from 75 Amazon shopper reviews.,https://m.media-amazon.com/images/I/71SdKUmu9GL._AC_UL1500_.jpg,160.00
Coach Delancey Women's Quartz Watch 14502247,Rated 4.6/5 from 6 Amazon shopper reviews.,https://m.media-amazon.com/images/I/51RbonIPFNL._AC_UL1000_.jpg,160.00
"Lacoste Men's TR90 Quartz Watch with Rubber Strap, Black, 21 (Model: 2011012)",Rated 4.4/5 from 86 Amazon shopper reviews.,https://m.media-amazon.com/images/I/618zH4J8RlL._AC_UL1157_.jpg,160.00
"Coach Women's Accordion Wallet, Khaki Red Multi/Gold, One Size",Rated 4.7/5 from 516 Amazon shopper reviews.,https://m.media-amazon.com/images/I/617fNFhnERL._AC_SL1001_.jpg,160.00
Ray-Ban Rb3584n Blaze Aviator Sunglasses,Rated 4.4/5 from 372 Amazon shopper reviews.,https://m.media-amazon.com/images/I/514WFRBIy0L._AC_UL1500_.jpg,160.00
"Calvin Klein Unisex Quartz Stainless Steel and Link Bracelet Watch, Color: Silver (Model: 25200036)",Rated 4.7/5 from 12 Amazon shopper reviews.,https://m.media-amazon.com/images/I/713jgxapBNL._AC_UL1500_.jpg,160.00
Ray-Ban RB3597 Wings Shield Sunglasses,Rated 4.6/5 from 196 Amazon shopper reviews.,https://m.media-amazon.com/images/I/61Boo-HLdYL._AC_UL1500_.jpg,160.00
"Calvin Klein Men'sQuartz Stainless Steel Case and Link Bracelet Watch, Color: Silver (Model: 25200203)",Rated 4.5/5 from 10 Amazon shopper reviews.,https://m.media-amazon.com/images/I/71xLfYW0diL._AC_UL1500_.jpg,160.00
Ray-Ban RB4175 Clubmaster Oversized Sunglasses + Vision Group Accessories Bundle,Rated 4.7/5 from 36 Amazon shopper reviews.,https://m.media-amazon.com/images/I/61MxeS7nYIL._AC_UL1500_.jpg,160.00
SEIKO SBTR029 mens male Spirit Quartz Chronograph Watch Shipped from Japan,Rated 4.4/5 from 81 Amazon shopper reviews.,https://m.media-amazon.com/images/I/71yGg3fxTLL._AC_UL1200_.jpg,160.00
Michael Kors Women's Runway Mercer Quartz Watch with Stainless Steel Strap,Rated 4.6/5 from 336 Amazon shopper reviews.,https://m.media-amazon.com/images/I/81FWc1XF4GL._AC_UL1500_.jpg,160.00
Michael Kors Men's Auden Three-Hand Stainless Steel Watch MK7184,Rated 4.6/5 from 37 Amazon shopper reviews.,https://m.media-amazon.com/images/I/71FnqJNqVvL._AC_UL1500_.jpg,159.99
Kenneth Cole New York Men's KC8077 Automatic Analog Display Automatic Self Wind Black Watch,Rated 5/5 from 3 Amazon shopper reviews.,https://m.media-amazon.com/images/I/61BuSW8rL7L._AC_UL1200_.jpg,159.99
Michael Kors Women's Mini Darci Gold-Tone Watch MK3445,Rated 4.1/5 from 19 Amazon shopper reviews.,https://m.media-amazon.com/images/I/81zkT1ooaWL._AC_UL1500_.jpg,159.99
Lacoste Men's 2010915 Moon Ultra Slim Analog Display Quartz Black Watch,Rated 3.5/5 from 12 Amazon shopper reviews.,https://m.media-amazon.com/images/I/91soA6QDClL._AC_UL1500_.jpg,159.99
Michael Kors Lexington Chronograph Rose Dial Rose Gold-plated Mens Watch MK8319,Rated 4.3/5 from 26 Amazon shopper reviews.,https://m.media-amazon.com/images/I/71OcCP5pyOL._AC_UL1500_.jpg,159.99
Michael Kors Gold-Tone Stud Earrings and Pendant Necklace Jewelry Set,Rated 4.6/5 from 9 Amazon shopper reviews.,https://m.media-amazon.com/images/I/71YvJ6nIaBL._AC_UL1500_.jpg,159.99
Michael Kors Everest Stainless Steel Chronograph Quartz Watch,Rated 4.5/5 from 177 Amazon shopper reviews.,https://m.media-amazon.com/images/I/817uwaBjiyL._AC_UL1500_.jpg,159.98
"Bulova Men's Classic 3-Hand Calendar Date Quartz Leather Strap Watch, Buckle, 37mm","Rated 4.5/5 from 1,235 Amazon shopper reviews.",https://m.media-amazon.com/images/I/7146nFCMzNL._AC_UL1500_.jpg,159.95
Sunglasses FERRAGAMO SF 940 S 232 Tortoise Gradient,Rated 3.8/5 from 6 Amazon shopper reviews.,https://m.media-amazon.com/images/I/61CxLTGnywL._AC_UL1500_.jpg,159.95
Citizen LTR Eco-Drive Ladies Watch,Rated 4.4/5 from 125 Amazon shopper reviews.,https://m.media-amazon.com/images/I/81QHJrosGKL._AC_UL1500_.jpg,159.50
SEIKO 5 Black Dial Stainless Steel Men's Watch SNKL23J1,Rated 4.2/5 from 98 Amazon shopper reviews.,https://m.media-amazon.com/images/I/711V23VO+WL._AC_UL1500_.jpg,159.36
Oakley Men's Oo9200 Quarter Jacket Rectangular Sunglasses,Rated 4.3/5 from 424 Amazon shopper reviews.,https://m.media-amazon.com/images/I/51mH1eJ9vzL._AC_UL1500_.jpg,159.00
COACH HC8132 Cat Eye Sunglasses for Women + BUNDLE With Designer iWear Complimentary Eyewear Kit,Rated 4.6/5 from 114 Amazon shopper reviews.,https://m.media-amazon.com/images/I/41+8CKaiV2L._AC_UL1010_.jpg,159.00
SEIKO SRPE67 5 Sports Men's Watch Black 44.6mm Stainless Steel,Rated 4.2/5 from 69 Amazon shopper reviews.,https://m.media-amazon.com/images/I/61nSj7+IQiL._AC_UL1414_.jpg,159.00
SEIKO Men's SKA525 Kinetic Watch,Rated 4.3/5 from 21 Amazon shopper reviews.,https://m.media-amazon.com/images/I/61YDC02lpAL._AC_UL1200_.jpg,159.00
Sieko Women's SYMA22K Stainless Steel Analog with White Dial Watch,Rated 3.7/5 from 9 Amazon shopper reviews.,https://m.media-amazon.com/images/I/51hmerRURmL._AC_UL1000_.jpg,159.00
"Seiko 5 Automatic Gents Stainless Steel Watch, Black Dial - SNXS79J1 - (Made in Japan) by Seiko Watches",Rated 4.3/5 from 110 Amazon shopper reviews.,https://m.media-amazon.com/images/I/71u1uLOjvCL._AC_UL1500_.jpg,159.00
"Lacoste Women's 'Valencia' Quartz and Stainless Steel Watch, Color:Gold-Toned (Model: 2000952)",Rated 4.6/5 from 16 Amazon shopper reviews.,https://m.media-amazon.com/images/I/81IRydHupDL._AC_UL1500_.jpg,158.93
SEIKO SBTR027 Selection Quartz Watch Shipped from Japan,Rated 4.3/5 from 162 Amazon shopper reviews.,https://m.media-amazon.com/images/I/71Zcyg-hXiL._AC_UL1200_.jpg,158.76
"Citizen Men Analogue Eco-Drive Watch with Stainless Steel Strap BM7550-87E, Silver, One Size, Bracelet",Rated 4.7/5 from 19 Amazon shopper reviews.,https://m.media-amazon.com/images/I/61bySr--OpL._AC_UL1000_.jpg,158.55
Ray-Ban Rb3533 Square Sunglasses,Rated 4.5/5 from 83 Amazon shopper reviews.,https://m.media-amazon.com/images/I/61UpXeq7alL._AC_UL1500_.jpg,158.40
Ray-Ban RB3498 Sunglasses,Rated 4.5/5 from 67 Amazon shopper reviews.,https://m.media-amazon.com/images/I/51JzMYmZUmL._AC_UL1500_.jpg,158.40
Ray-Ban Sunglasses (RB 3386 004/9A 63),Rated 4.3/5 from 14 Amazon shopper reviews.,https://m.media-amazon.com/images/I/61OI4PG1WVL._AC_UL1500_.jpg,158.40
Ray Ban Justin Mens Sunglasses RB4165 854/7Z Rubber Brown on Grey 55mm,Rated 5/5 from 3 Amazon shopper reviews.,https://m.media-amazon.com/images/I/718kG9hlPaL._AC_UL1500_.jpg,158.00
New Ray Ban Chris RB4187 856/13 Tortiose/Brown Gradient 54mm Sunglasses,Rated 5/5 from 3 Amazon shopper reviews.,https://m.media-amazon.com/images/I/61KYw+LD2FL._AC_UL1500_.jpg,158.00
Ray-Ban RB3447 ROUND METAL Sunglasses For Men For Women + BUNDLE with Designer iWear Complimentary Eyewear Care Kit,Rated 4.6/5 from 218 Amazon shopper reviews.,https://m.media-amazon.com/images/I/41MsKUulRGL._AC_UL1006_.jpg,158.00
Ray-Ban RB4101 JACKIE OHH Sunglasses For Women+ BUNDLE with Designer iWear Complimentary Eyewear Care Kit,Rated 4.5/5 from 313 Amazon shopper reviews.,https://m.media-amazon.com/images/I/41IkbNfzr0L._AC_UL1019_.jpg,158.00
Ray-Ban RB3522 Sunglasses For Men + BUNDLE with Designer iWear Complimentary Eyewear Care Kit,Rated 4.5/5 from 127 Amazon shopper reviews.,https://m.media-amazon.com/images/I/41NGuuyts8L._AC_UL1000_.jpg,158.00
"COACH Long Zip Around,Leather Wallet (Denim Midnight Multi)",Rated 4.6/5 from 54 Amazon shopper reviews.,https://m.media-amazon.com/images/I/51NUwLSwcbL._AC_SL1500_.jpg,158.00
Ray-Ban RB2140 WAYFARER Sunglasses For Men For Women+ BUNDLE with Designer iWear Complimentary Eyewear Care Kit,Rated 4.7/5 from 477 Amazon shopper reviews.,https://m.media-amazon.com/images/I/615+P6K6XAL._AC_UL1500_.jpg,158.00
Michael Kors Signature PVC Fulton Flap Wallet,Rated 4.6/5 from 230 Amazon shopper reviews.,https://m.media-amazon.com/images/I/91hUkZKigsL._AC_UL1500_.jpg,158.00
Lacoste Valencia Three-Hand Silver and White Silicone Women's watch 2000838,Rated 5/5 from 2 Amazon shopper reviews.,https://m.media-amazon.com/images/I/71IiyaUAXIL._AC_UL1500_.jpg,158.00
Ray-Ban RB3498 Sunglasses For Men + BUNDLE with Designer iWear Complimentary Eyewear Care Kit,Rated 4.5/5 from 134 Amazon shopper reviews.,https://m.media-amazon.com/images/I/41Pl5kRITBL._AC_UL1000_.jpg,158.00
Fossil Mens FS5234 Machine Chronograph Luggage Leather Watch,Rated 4.2/5 from 52 Amazon shopper reviews.,https://m.media-amazon.com/images/I/91NO1RpD51L._AC_UL1500_.jpg,158.00
"Fossil Men's Grant Quartz Stainless Steel and Leather Chronograph Watch, Color: Black, Brown (Model: FS5088)",Rated 4.5/5 from 77 Amazon shopper reviews.,https://m.media-amazon.com/images/I/91GEiFEnERL._AC_UL1500_.jpg,158.00
Michael Kors Giftables Large Zip Around Continental Wallet - Magenta,Rated 4.7/5 from 217 Amazon shopper reviews.,https://m.media-amazon.com/images/I/61bciu+lGML._AC_SL1500_.jpg,158.00
FRYE Melissa Continental Snap Leather Wallet,Rated 4.6/5 from 661 Amazon shopper reviews.,https://m.media-amazon.com/images/I/91rRVLrJvML._AC_UL1500_.jpg,157.95
UGG Mens Contrast Sheepskin Tech Glove,Rated 4.5/5 from 2 Amazon shopper reviews.,https://m.media-amazon.com/images/I/91G3EXR1ScL._AC_SL1500_.jpg,157.95
New Ray Ban RB3025 003/3F Aviator Silver/Crystal Gradient Light Blue Lens 58mm Sunglasses,Rated 3.4/5 from 6 Amazon shopper reviews.,https://m.media-amazon.com/images/I/61yXBIv+WkL._AC_UL1500_.jpg,157.69
Michael Kors Women's Portia Watch- Three Hand Quartz Movement Wrist Watch with Second Hand subdial,Rated 4.7/5 from 119 Amazon shopper reviews.,https://m.media-amazon.com/images/I/81PbeaawRHL._AC_UL1500_.jpg,157.04
SEIKO 5 SNKN55J1 Men's Japan Stainless Steel Black Dial Day Date Automatic Watch,Rated 4.7/5 from 12 Amazon shopper reviews.,https://m.media-amazon.com/images/I/51ieWX3PP4L._AC_UL1001_.jpg,157.00
Seiko Neo Classic Quartz Silver Dial Ladies Watch SUR632P1,Rated 4.4/5 from 20 Amazon shopper reviews.,https://m.media-amazon.com/images/I/71Jj4OPVHFL._AC_UL1500_.jpg,155.83
Ray-Ban RB3561-003/52 Sunglasses THE GENERAL SILVER W/BLUE MIRROR GOLD 57mm,Rated 4/5 from 15 Amazon shopper reviews.,https://m.media-amazon.com/images/I/51elqi8IfXL._AC_UL1500_.jpg,155.40
Ray-Ban Aviator Rb3025 001/51 Sunglasses - Arista Gold/brown (62mm - no case/cloth),Rated 4.2/5 from 26 Amazon shopper reviews.,https://m.media-amazon.com/images/I/41gxn6AGSwL._AC_UL1005_.jpg,155.36
Michael Kors Women's Portia Rose Gold Tone Satinless Steel Watch MK3878,Rated 4.6/5 from 57 Amazon shopper reviews.,https://m.media-amazon.com/images/I/61D3t1t9kOL._AC_UL1000_.jpg,155.23
Bulova Women's 96T09 Crystal Watch,Rated 3.8/5 from 7 Amazon shopper reviews.,https://m.media-amazon.com/images/I/71os5RTN6IS._AC_UL1500_.jpg,155.04
Kenneth Cole New York Silicone - Black Men's watch #KC8028,Rated 1/5 from 1 Amazon shopper reviews.,https://m.media-amazon.com/images/I/61triRYfTNL._AC_UL1000_.jpg,155.00
Ray-Ban RB4171 ERIKA 54mm Rubber Black Grey Gradient Sunglasses,Rated 4.3/5 from 6 Amazon shopper reviews.,https://m.media-amazon.com/images/I/51Cq8xqtF7L._AC_UL1001_.jpg,155.00
"Tommy Hilfiger Men's Stainless Steel Case and Calfskin Strap Watch, Color: Brown (Model: 1792003)",Rated 4.3/5 from 7 Amazon shopper reviews.,https://m.media-amazon.com/images/I/81Dm1N+7K3L._AC_UL1500_.jpg,155.00
Michael Kors Women's Parker Two-Tone Watch MK6314,Rated 4.7/5 from 250 Amazon shopper reviews.,https://m.media-amazon.com/images/I/714wVR5noGL._AC_UL1500_.jpg,155.00
Ray-Ban Men's Rb4201 Alex Square Sunglasses,Rated 4.4/5 from 189 Amazon shopper reviews.,https://m.media-amazon.com/images/I/51EXab2a8NL._AC_UL1500_.jpg,155.00
"Ray-Ban Unisex Sunglasses Black Frame, Grey Gradient Lenses, 57MM",Rated 4.4/5 from 12 Amazon shopper reviews.,https://m.media-amazon.com/images/I/51L-3JWPidL._AC_UL1500_.jpg,155.00
Tory Burch TY7112UM Square Sunglasses for Women + BUNDLE With Designer iWear Complimentary Eyewear Kit,Rated 4.7/5 from 14 Amazon shopper reviews.,https://m.media-amazon.com/images/I/4188iYxQGML._AC_UL1200_.jpg,155.00
"Fossil Women's Virginia Quartz Stainless Steel and Stainless Dress Watch Color: Silver, Pink (Model: ES3504)",Rated 4.4/5 from 127 Amazon shopper reviews.,https://m.media-amazon.com/images/I/819yN9HwtIL._AC_UL1500_.jpg,155.00
Ray-Ban Women's Rb4068 Square Sunglasses,"Rated 4.6/5 from 2,505 Amazon shopper reviews.",https://m.media-amazon.com/images/I/61VEuVVR0VL._AC_UL1500_.jpg,155.00
Michael Kors MK5676 Women's Watch,Rated 4.5/5 from 246 Amazon shopper reviews.,https://m.media-amazon.com/images/I/810kTS1YtcL._AC_UL1500_.jpg,155.00
Ray-Ban RB4376 Aviator Sunglasses,Rated 3.9/5 from 67 Amazon shopper reviews.,https://m.media-amazon.com/images/I/51PqBoIXiqL._AC_UL1500_.jpg,155.00
Fossil Men's CH2951 Wakefield Stainless Steel Watch with Brown Leather Band,Rated 4.1/5 from 49 Amazon shopper reviews.,https://m.media-amazon.com/images/I/91-bXbsT4yL._AC_UL1500_.jpg,155.00
Ray-Ban RB4068 Sunglasses Light Havana/Crystal Brown Gradient 60mm,Rated 4.7/5 from 43 Amazon shopper reviews.,https://m.media-amazon.com/images/I/41g5Y1LwFIL._AC_UL1100_.jpg,155.00
Ray-Ban RB4171 Erika Sunglasses + Vision Group Accessories Bundle,Rated 4.4/5 from 87 Amazon shopper reviews.,https://m.media-amazon.com/images/I/617mf9elarL._AC_UL1500_.jpg,155.00
Michael Kors Women's Hartman Rose Gold-Tone Watch MK3491,Rated 4.4/5 from 25 Amazon shopper reviews.,https://m.media-amazon.com/images/I/519O6H3-MrL._AC_UL1000_.jpg,155.00
Marc by Marc Jacobs Women's MBM3127 Blade Rose Gold Watch,Rated 3.6/5 from 7 Amazon shopper reviews.,https://m.media-amazon.com/images/I/71mo4WHm9pL._AC_UL1500_.jpg,155.00
"Ray Ban RB4165 Justin Rectangular Sunglasses, Rubber Black/Gradient Grey, 55 mm",Rated 4.4/5 from 580 Amazon shopper reviews.,https://m.media-amazon.com/images/I/51PaL7881gL._AC_UL1500_.jpg,155.00
Tommy Hilfiger Men's Year-Round 1791473 Quartz Watch,Rated 4.6/5 from 619 Amazon shopper reviews.,https://m.media-amazon.com/images/I/51azHcoJHUS._AC_.jpg,155.00
Marc by Marc Jacobs Women's MBM3128 Blade Brown Watch,Rated 5/5 from 2 Amazon shopper reviews.,https://m.media-amazon.com/images/I/81ahPcY2yWL._AC_UL1500_.jpg,155.00
Fossil Men's FS5183 Grant Chronograph Gunmetal/Black Leather Watch,Rated 3.9/5 from 29 Amazon shopper reviews.,https://m.media-amazon.com/images/I/91M85C6eAyL._AC_UL1500_.jpg,155.00
Caravelle by Bulova Men's 43B17 Stainless Steel Bracelet Blue Dial Watch,Rated 3.9/5 from 8 Amazon shopper reviews.,https://m.media-amazon.com/images/I/81uMPaq9nKL._AC_UL1500_.jpg,154.99
Michael Kors Leather Ladies Watch MK5015,Rated 3.8/5 from 5 Amazon shopper reviews.,https://m.media-amazon.com/images/I/41NDHz70XHL._AC_.jpg,154.81
Oakley Men's Sutro Rectangular Sunglasses,"Rated 4.7/5 from 4,492 Amazon shopper reviews.",https://m.media-amazon.com/images/I/617wW8SCKPL._AC_UL1500_.jpg,154.40
Kate Spade New York Cobble Hill Lacey Wallet,Rated 4/5 from 68 Amazon shopper reviews.,https://m.media-amazon.com/images/I/91nfxRqR+2L._AC_UL1500_.jpg,154.00
COACH HC8116 Aviator Sunglasses For Women+ BUNDLE With Designer iWear Complimentary Eyewear Kit,Rated 4.3/5 from 38 Amazon shopper reviews.,https://m.media-amazon.com/images/I/41jiWweKv0L._AC_UL1010_.jpg,154.00
Citizen Avion Eco-Drive Men's Watch,Rated 4.6/5 from 710 Amazon shopper reviews.,https://m.media-amazon.com/images/I/81nPq7tqpAL._AC_UL1500_.jpg,153.56
Cole Haan Women's Ch7011 Rectangular Sunglasses,Rated 4.3/5 from 13 Amazon shopper reviews.,https://m.media-amazon.com/images/I/61M2wECLQsL._AC_UL1500_.jpg,153.27
Ray-Ban Rb4256 Round Sunglasses,Rated 4.2/5 from 226 Amazon shopper reviews.,https://m.media-amazon.com/images/I/61g9aOJljzL._AC_UL1500_.jpg,153.00
Oakley Men's Oo9060 M Frame Strike Rectangular Sunglasses,Rated 4.6/5 from 344 Amazon shopper reviews.,https://m.media-amazon.com/images/I/519Jxp6GptL._AC_UL1500_.jpg,153.00
Fossil 44mm Gen 5E Stainless Steel and Silicone Touchscreen Smart Watch with Heart Rate,"Rated 4.3/5 from 2,202 Amazon shopper reviews.",https://m.media-amazon.com/images/I/71oshJ0rrSS._AC_UL1500_.jpg,153.00
Oakley Men's Oo9367 Drop Point Rectangular Sunglasses,Rated 4.6/5 from 597 Amazon shopper reviews.,https://m.media-amazon.com/images/I/51S2DcU4W-L._AC_UL1500_.jpg,153.00
Citizen Watches BM8180-03E,Rated 4.4/5 from 11 Amazon shopper reviews.,https://m.media-amazon.com/images/I/71XiJCMZm5L._AC_UL1500_.jpg,152.90
"Bulova Ladies' Classic Crystal Stainless Steel 3-Hand Quartz Watch, White Mother-of-Pearl Dial Style: 96M144",Rated 4.5/5 from 15 Amazon shopper reviews.,https://m.media-amazon.com/images/I/71nSEposSJS._AC_UL1500_.jpg,152.47
"Dolce&Gabbana Woman Sunglasses Black Frame, Light Grey Gradient Black Lenses, 54MM",Rated 4.3/5 from 21 Amazon shopper reviews.,https://m.media-amazon.com/images/I/51HNVGXQU9L._AC_UL1500_.jpg,152.36
"COACH Woman Sunglasses Light Grey Tortoise Frame, Grey Gradient Lenses, 57MM",Rated 4.4/5 from 79 Amazon shopper reviews.,https://m.media-amazon.com/images/I/61hkrxvr59L._AC_UL1500_.jpg,152.24
Michael Kors Women's Rose Gold Tone Pave Glitz Watch MK6458,Rated 5/5 from 4 Amazon shopper reviews.,https://m.media-amazon.com/images/I/61qE7s2Qi5L._AC_UL1160_.jpg,152.00
SEIKO Men's SNK610 5 Automatic Gold Dial Gold-Tone Stainless Steel Watch,Rated 4.3/5 from 83 Amazon shopper reviews.,https://m.media-amazon.com/images/I/81Hgfte04BL._AC_UL1500_.jpg,152.00
"Seiko Men's SNX997 ""Seiko 5"" Black Dial Stainless Steel Automatic Watch",Rated 3.7/5 from 52 Amazon shopper reviews.,https://m.media-amazon.com/images/I/81nb+a70fCL._AC_UL1500_.jpg,152.00
Oakley Holbrook OO9102 Sunglasses For Men+ BUNDLE Leash + BUNDLE with Designer iWear Eyewear Kit,Rated 4.6/5 from 494 Amazon shopper reviews.,https://m.media-amazon.com/images/I/41qFVKxyBvL._AC_UL1200_.jpg,152.00
"Oakley Man Sunglasses Black Camo Frame, Prizm Ruby Lenses, 63MM",Rated 4.8/5 from 7 Amazon shopper reviews.,https://m.media-amazon.com/images/I/41nMlQkQS8L._AC_UL1500_.jpg,152.00
"Bulova Ladies' Classic Diamond Dial Quartz Stainless Steel Watch, Rectangle, Mother-of-Pearl",Rated 4.6/5 from 155 Amazon shopper reviews.,https://m.media-amazon.com/images/I/61xFv7a1NaL._AC_UL1500_.jpg,152.00
Michael Kors Women's Delray Gold-Tone Watch MK4317,Rated 3.5/5 from 5 Amazon shopper reviews.,https://m.media-amazon.com/images/I/81ajJ-eAEOL._AC_UL1500_.jpg,152.00
Ray-Ban RB2186 State Street Square Sunglasses,"Rated 4.5/5 from 1,365 Amazon shopper reviews.",https://m.media-amazon.com/images/I/514-xfyjwML._AC_UL1500_.jpg,151.20
Oakley Men's Oo9454a Evzero Blades Low Bridge Fit Rectangular Sunglasses,Rated 4.2/5 from 39 Amazon shopper reviews.,https://m.media-amazon.com/images/I/51YfZ2GEaRL._AC_UL1500_.jpg,151.20
Michael Kors Women's MK3858 Taryn Analog Display Quartz Rose Gold Watch,Rated 4.8/5 from 93 Amazon shopper reviews.,https://m.media-amazon.com/images/I/61FnOagou5L._AC_UL1000_.jpg,151.01
Ray-Ban RB2132 New Wayfarer Sunglasses Tortoise/Crystal Green (902L) RB 2132 55mm Authentic,Rated 5/5 from 1 Amazon shopper reviews.,https://m.media-amazon.com/images/I/61iN0cxe4EL._AC_UL1500_.jpg,151.00
Ray Ban Unisex Sunglasses RB2180 710/73 Dark Havana/Dark Brown Lens Round 51mm Authentic,Rated 5/5 from 2 Amazon shopper reviews.,https://m.media-amazon.com/images/I/71y3ZlkkrQL._AC_UL1500_.jpg,151.00
"Ray-Ban RB4147 617187 Sunglasses Matte Black On Transparent Red / Dark Grey Lens 56mm, 56 mm",Rated 3.9/5 from 16 Amazon shopper reviews.,https://m.media-amazon.com/images/I/51xMXZI+EcL._AC_UL1500_.jpg,151.00
Ray-Ban Rb2132 New Wayfarer Gradient Square Sunglasses,"Rated 4.4/5 from 1,711 Amazon shopper reviews.",https://m.media-amazon.com/images/I/61NcS1LhBYL._AC_UL1500_.jpg,151.00
Oakley OO9154 Half Jacket 2.0 XL Sunglasses For Men + Vision Group Accessories Bundle,Rated 4.5/5 from 204 Amazon shopper reviews.,https://m.media-amazon.com/images/I/51nrxbGT7NL._AC_UL1500_.jpg,151.00
Ray-Ban RB2132 NEW WAYFARER Black Crystal Green Sunglasses,Rated 3.6/5 from 10 Amazon shopper reviews.,https://m.media-amazon.com/images/I/617nlgYEoYL._AC_UL1500_.jpg,151.00
Ray-Ban RB2132 622 New Wayfarer Sunglasses 55MM,Rated 4.5/5 from 13 Amazon shopper reviews.,https://m.media-amazon.com/images/I/61pid7LRI6L._AC_UL1500_.jpg,151.00
Ray-Ban Square Wayfarer Sunglasses in Shiny Havana RB4226 710/73 56,Rated 4.3/5 from 17 Amazon shopper reviews.,https://m.media-amazon.com/images/I/51y0+euGSvL._AC_UL1500_.jpg,151.00
Ray-Ban Rb4300 Square Sunglasses,Rated 4.4/5 from 184 Amazon shopper reviews.,https://m.media-amazon.com/images/I/61Gp6fN-nyL._AC_UL1500_.jpg,151.00
Ray-Ban RB2180 Round Sunglasses,"Rated 4.6/5 from 3,007 Amazon shopper reviews.",https://m.media-amazon.com/images/I/51vYQjrflEL._AC_UL1500_.jpg,151.00
Ray-Ban RB3179 Metal Rectangular Sunglasses,Rated 4.3/5 from 142 Amazon shopper reviews.,https://m.media-amazon.com/images/I/51X99yEX3HL._AC_UL1500_.jpg,151.00
"Ray Ban RB3183 Sunglasses,63mm,Gunmetal/Green",Rated 4/5 from 119 Amazon shopper reviews.,https://m.media-amazon.com/images/I/51i7mKuAsCL._AC_UL1500_.jpg,151.00
"Ray-Ban RB2132 New Wayfarer Sunglasses, 52mm, Shiny Avana Frame, Brown Crystal Lens, RB2132-710-52",Rated 4/5 from 31 Amazon shopper reviews.,https://m.media-amazon.com/images/I/71bjs6U3VSL._AC_UL1500_.jpg,151.00
Ray-Ban Women's Rb4147 Boyfriend Square Sunglasses,"Rated 4.5/5 from 3,288 Amazon shopper reviews.",https://m.media-amazon.com/images/I/51ABppL78UL._AC_UL1500_.jpg,151.00
Ray-Ban Women's Modern Wayfarer Sunglasses,Rated 4.3/5 from 58 Amazon shopper reviews.,https://m.media-amazon.com/images/I/41wTRtJx0vL._AC_UL1000_.jpg,151.00
Ray-Ban Rb4259f Low Bridge Fit Round Sunglasses,Rated 4.3/5 from 554 Amazon shopper reviews.,https://m.media-amazon.com/images/I/51GiqTsMsNL._AC_UL1500_.jpg,151.00
Ray-Ban RB2180 Round Sunglasses For Men For Women+ BUNDLE with Designer iWear Complimentary Eyewear Care Kit,Rated 4.5/5 from 141 Amazon shopper reviews.,https://m.media-amazon.com/images/I/61bf-uEPRmL._AC_UL1500_.jpg,151.00
Ray-Ban Rb4305f Low Bridge Fit Round Sunglasses,Rated 4.3/5 from 53 Amazon shopper reviews.,https://m.media-amazon.com/images/I/51axMSjadXL._AC_UL1500_.jpg,151.00
Ray-Ban RB4147 617187 Sunglasses Matte Black On Transparent Red/Dark Grey Lens 60mm,Rated 4.3/5 from 39 Amazon shopper reviews.,https://m.media-amazon.com/images/I/410LhL9Z3GL._AC_UL1000_.jpg,151.00
Oakley Men's Oo9153 Half Jacket 2.0 Low Bridge Fit Rectangular Sunglasses,Rated 4.3/5 from 14 Amazon shopper reviews.,https://m.media-amazon.com/images/I/51qK5zmD9pL._AC_UL1500_.jpg,151.00
"Citizen Eco-Drive Brycen Chronograph Mens Watch, Stainless Steel, Weekender, Silver-Tone (Model: CA0731-82L)",Rated 4.5/5 from 187 Amazon shopper reviews.,https://m.media-amazon.com/images/I/81OF7rBzZfL._AC_UL1500_.jpg,150.62
"COACH Woman Sunglasses Black Frame, Grey Gradient Lenses, 53MM",Rated 4.3/5 from 13 Amazon shopper reviews.,https://m.media-amazon.com/images/I/61oEKhYz2UL._AC_UL1500_.jpg,150.57
Ray-Ban Women's RB3025 Classic Aviator Flash Matte Sunglasses,Rated 4.4/5 from 15 Amazon shopper reviews.,https://m.media-amazon.com/images/I/519wi3b0CSL._AC_UL1500_.jpg,150.40
Ray-Ban Rb3449 Aviator Sunglasses,Rated 4.5/5 from 484 Amazon shopper reviews.,https://m.media-amazon.com/images/I/41hMe+yF9xL._AC_UL1500_.jpg,150.40
Ray Ban RB3016 Clubmaster 1145/17 Sand Havana Blue Mirror Sunglasses 49mm,Rated 5/5 from 1 Amazon shopper reviews.,https://m.media-amazon.com/images/I/51Vxc8ptoDL._AC_UL1280_.jpg,150.40
Ray-Ban RB3016 CLUBMASTER Sunglasses For Men For Women+ BUNDLE with Designer iWear Complimentary Eyewear Care Kit,Rated 4.6/5 from 290 Amazon shopper reviews.,https://m.media-amazon.com/images/I/61+r0ULP92L._AC_UL1500_.jpg,150.40
Bulova Men's Classic Regatta Stainless Steel Bracelet Watch,Rated 4.4/5 from 67 Amazon shopper reviews.,https://m.media-amazon.com/images/I/61KYZ4JZWSL._AC_UL1500_.jpg,150.35
"Bulova Ladies' Classic Crystal Stainless Steel 2-Hand Quartz Watch, Pave Dial Style: 96L236",Rated 4.7/5 from 334 Amazon shopper reviews.,https://m.media-amazon.com/images/I/81YfaNKLjDL._AC_UL1500_.jpg,150.28
Ray-Ban Women's Rb8067 Titanium Square Sunglasses,Rated 4.6/5 from 11 Amazon shopper reviews.,https://m.media-amazon.com/images/I/51W0jitIwPL._AC_UL1500_.jpg,150.15
"Citizen CITIZEN Watch AT2500-19A [CITIZEN Collection Eco-Drive] Watch Shipped from Japan, blue",Rated 4.2/5 from 13 Amazon shopper reviews.,https://m.media-amazon.com/images/I/71wcjmR2p1L._AC_UL1500_.jpg,150.00
Ray-Ban RB2132 New Wayfarer Sunglasses + Vision Group Accessories Bundle,Rated 4.6/5 from 309 Amazon shopper reviews.,https://m.media-amazon.com/images/I/61dREcbockL._AC_UL1500_.jpg,150.00
"Caravelle Modern Quartz Ladies Watch, Stainless Steel Crystal , Gold-Tone (Model: 44L243)",Rated 3.9/5 from 19 Amazon shopper reviews.,https://m.media-amazon.com/images/I/718wvOiBeRL._AC_UL1500_.jpg,150.00
Ray-Ban RB4147 Boyfriend Sunglasses + Vision Group Accessories Bundle,Rated 4.1/5 from 45 Amazon shopper reviews.,https://m.media-amazon.com/images/I/51Hp+RrmrGS._AC_UL1500_.jpg,150.00
"Calvin Klein Women's Quartz Ionic Plated Black Steel and Mesh Bracelet Watch, Color: Black (Model: 25200004)",Rated 4.1/5 from 4 Amazon shopper reviews.,https://m.media-amazon.com/images/I/71smZF1lVZL._AC_UL1500_.jpg,150.00
COACH Womens Sunglasses Acetate,Rated 5/5 from 14 Amazon shopper reviews.,https://m.media-amazon.com/images/I/516BhREwieL._AC_UL1500_.jpg,150.00
Ray-Ban Rb3545 Round Sunglasses,Rated 3.8/5 from 17 Amazon shopper reviews.,https://m.media-amazon.com/images/I/51CUaF8HK3L._AC_UL1500_.jpg,150.00
Kate Spade New York Women's Morningside Stainless Steel Quartz Bracelet Watch,Rated 4.5/5 from 300 Amazon shopper reviews.,https://m.media-amazon.com/images/I/512wW8b3uqL._AC_UL1000_.jpg,150.00
Bulova Men's 96B62 Marine Star Chronograph Watch,Rated 4/5 from 1 Amazon shopper reviews.,https://m.media-amazon.com/images/I/41744J0Q26L._AC_.jpg,150.00
Seiko Diamond Men's Watch SGEE25,Rated 4/5 from 3 Amazon shopper reviews.,https://m.media-amazon.com/images/I/611mJFkOLbL._AC_UL1000_.jpg,150.00
"NIXON Base Tide Pro A1307 Digital Watch for Men and Women - Water Resistant Surfing, Diving, Fishing Watch - Water Sport Watches for Men - 42mm Watch Face, 24mm PU Band",Rated 4.3/5 from 120 Amazon shopper reviews.,https://m.media-amazon.com/images/I/613eUIozNLL._AC_UL1282_.jpg,150.00
Ray-Ban RB4171 Erika Sunglasses Matte Blue w/Grey Gradient (6002/8G) 4171 60028G 54mm Authentic,Rated 4.9/5 from 16 Amazon shopper reviews.,https://m.media-amazon.com/images/I/419DzoFuAkL._AC_UL1020_.jpg,150.00
GUESS 43x51MM Crystal Accented Watch,Rated 4.6/5 from 464 Amazon shopper reviews.,https://m.media-amazon.com/images/I/71eHqSFI8sL._AC_UL1500_.jpg,150.00
"NIXON Heat A1320 - Digital Watch for Men and Women - 100M Water Resistant Exercise Workout and Running Watch - Mens Ultra Thin Lightweight Sport Watches - Custom 38 mm LCD Display, 20mm PU Band",Rated 3.9/5 from 178 Amazon shopper reviews.,https://m.media-amazon.com/images/I/51rkygskwrL._AC_UL1000_.jpg,150.00
Armani Exchange Men's AX1465 Maddox Analog Display Analog Quartz Black Watch,Rated 4.4/5 from 21 Amazon shopper reviews.,https://m.media-amazon.com/images/I/61WGhHJk+sL._AC_UL1500_.jpg,150.00
Seiko Men's SNAE43 Chronograph Multifunction Stainless Steel Black Dial Watch,Rated 3.7/5 from 9 Amazon shopper reviews.,https://m.media-amazon.com/images/I/91S8nNAre1L._AC_UL1500_.jpg,150.00
COACH Sunglasses HC 8230 550587 Black Chunky Glitter,Rated 4.6/5 from 11 Amazon shopper reviews.,https://m.media-amazon.com/images/I/71jbN+TfdNL._AC_UL1500_.jpg,149.99
Fossil Vale Chronograph Gold-Tone Stainless Steel Watch Gold One Size,Rated 5/5 from 3 Amazon shopper reviews.,https://m.media-amazon.com/images/I/713OJdDiUeS._AC_UL1500_.jpg,149.99
Sieko Men's SNKK86 Stainless Steel Analog with Black Dial Watch,Rated 4/5 from 1 Amazon shopper reviews.,https://m.media-amazon.com/images/I/51pioSlJmOL._AC_UL1000_.jpg,149.99
Michael Kors Parker Rose Gold Watch MK5491,Rated 4.4/5 from 971 Amazon shopper reviews.,https://m.media-amazon.com/images/I/61GS3u6XOVL._AC_UL1000_.jpg,149.99
Oakley Men's Oo9384 Holbrook Mix Rectangular Sunglasses,Rated 4.6/5 from 359 Amazon shopper reviews.,https://m.media-amazon.com/images/I/51UQvhrZpgL._AC_UL1500_.jpg,149.99
Bulova Women's 96L171 Dress Round Bracelet Watch,Rated 4.1/5 from 10 Amazon shopper reviews.,https://m.media-amazon.com/images/I/81tuyfgaugL._AC_UL1500_.jpg,149.99
Bulova Women's BUL97L113 Adventurer Brown Rose Watch,Rated 4.2/5 from 13 Amazon shopper reviews.,https://m.media-amazon.com/images/I/81lL0wzR2YL._AC_UL1500_.jpg,149.99
Bulova Women's 96R199 Diamond Gallery Analog Display Japanese Quartz White Watch,Rated 4.4/5 from 10 Amazon shopper reviews.,https://m.media-amazon.com/images/I/81eOq29cjZL._AC_UL1500_.jpg,149.99
Citizen Quartz Two-Tone Bracelet Silver Dial,Rated 5/5 from 4 Amazon shopper reviews.,https://m.media-amazon.com/images/I/61XqOeRbAkL._AC_UL1500_.jpg,149.99
Bulova Women's 96P124 Precisionist Brightwater Leather strap Watch,Rated 3.9/5 from 17 Amazon shopper reviews.,https://m.media-amazon.com/images/I/91SK45D5jzL._AC_UL1500_.jpg,149.99
Bulova Women's 96P174 Analog Display Analog Quartz Silver Watch,Rated 5/5 from 7 Amazon shopper reviews.,https://m.media-amazon.com/images/I/91C7TPSWrTL._AC_UL1500_.jpg,149.99
Nixon Unisex The Driver Leather Collection Black/Brown Watch,Rated 5/5 from 1 Amazon shopper reviews.,https://m.media-amazon.com/images/I/71LRjASnYnL._AC_UL1282_.jpg,149.99
Bulova Women's 96T14 Crystal Watch,Rated 3.9/5 from 193 Amazon shopper reviews.,https://m.media-amazon.com/images/I/81SjM8oMFBL._AC_UL1500_.jpg,149.99
Bulova Women's 96P149 Diamond Gallery Analog Display Japanese Quartz White Watch,Rated 4.8/5 from 12 Amazon shopper reviews.,https://m.media-amazon.com/images/I/81d2q4kUogL._AC_UL1500_.jpg,149.99
Armani Exchange Men's AX2330 Gunmetal IP Watch,Rated 3.6/5 from 81 Amazon shopper reviews.,https://m.media-amazon.com/images/I/91mTQbsdBsL._AC_UL1500_.jpg,149.98
Fossil Grant Quartz Movement Blue Dial Men's Watch FS5151,Rated 4.7/5 from 952 Amazon shopper reviews.,https://m.media-amazon.com/images/I/91w3DNeWH1L._AC_UL1500_.jpg,149.95
"GUESS Women's Dressy Watch with White Dial, Crystal-Accented Bezel and Mesh G-Link Band",Rated 4.1/5 from 26 Amazon shopper reviews.,https://m.media-amazon.com/images/I/91Wdh4Qy2ZL._AC_UL1500_.jpg,149.95
Coach 14502248 Ladies Delancey Brown Leather Strap Watch,Rated 5/5 from 4 Amazon shopper reviews.,https://m.media-amazon.com/images/I/61Ug+BGY+LL._AC_UL1001_.jpg,149.94
Lacoste L936s Square Sunglasses,Rated 4.3/5 from 26 Amazon shopper reviews.,https://m.media-amazon.com/images/I/61X10A59ejL._AC_UL1500_.jpg,149.26
Ray-Ban Rb2185 Wayfarer Ii Round Sunglasses,Rated 4.1/5 from 204 Amazon shopper reviews.,https://m.media-amazon.com/images/I/51q3gKvZ41L._AC_UL1500_.jpg,149.05
Seiko Chronograph Black Dial Black PVD Stainless Steel Leather Mens Watch SNDD71,Rated 3.5/5 from 19 Amazon shopper reviews.,https://m.media-amazon.com/images/I/81gwYXKsnCL._AC_UL1500_.jpg,149.00
Michael Kors Bedford Zip Around Continental Leather Wallet,Rated 5/5 from 1 Amazon shopper reviews.,https://m.media-amazon.com/images/I/81V99QiOEaL._AC_UL1500_.jpg,149.00
"SEIKO Men's Year-Round Quartz Watch with Stainless Steel Strap, Grey, 22 (Model: SUR193P1)",Rated 3.2/5 from 8 Amazon shopper reviews.,https://m.media-amazon.com/images/I/61a5aJsGgGL._AC_UL1001_.jpg,149.00
Seiko Mens Analogue Automatic Watch with Stainless Steel Strap SNKL77K1,Rated 3.9/5 from 14 Amazon shopper reviews.,https://m.media-amazon.com/images/I/61GWKJRMXuL._AC_UL1000_.jpg,149.00
Sieko Men's SNKE06 Stainless Steel Analog with Gold Dial Watch,Rated 4/5 from 91 Amazon shopper reviews.,https://m.media-amazon.com/images/I/71cS7Q+PszL._AC_UL1500_.jpg,149.00
GUESS Men's Stainless Steel Android Wear Touch Screen Silicone Smart Watch,Rated 4.5/5 from 32 Amazon shopper reviews.,https://m.media-amazon.com/images/I/81LclR6NSiL._AC_UL1500_.jpg,149.00
COACH Women HC7074 59 L1648 Sunglasses 59mm,Rated 4.5/5 from 45 Amazon shopper reviews.,https://m.media-amazon.com/images/I/61jekGVrwSL._AC_UL1500_.jpg,149.00
Nixon Men's A323-000 Synapse Silver-Tone Digital Watch,Rated 3.9/5 from 3 Amazon shopper reviews.,https://m.media-amazon.com/images/I/819YEK2PYYL._AC_UL1500_.jpg,149.00
GUESS Women's U0465L1 Gold-Tone Animal Print Watch,Rated 4.7/5 from 20 Amazon shopper reviews.,https://m.media-amazon.com/images/I/914NceTdqML._AC_UL1500_.jpg,149.00
Nautica Men's N14524G BFC Diver Box Set Watch,Rated 4.5/5 from 16 Amazon shopper reviews.,https://m.media-amazon.com/images/I/8172hcVy6vL._AC_UL1500_.jpg,149.00
Guess W15072L3 Two Tone Steel Bracelet Women's Watch,Rated 5/5 from 1 Amazon shopper reviews.,https://m.media-amazon.com/images/I/71sXOZF+0LL._AC_UL1500_.jpg,149.00
Fossil Men's PH5037 Polyurethane Analog with White Dial Watch,Rated 3.6/5 from 4 Amazon shopper reviews.,https://m.media-amazon.com/images/I/51AZzQmVKUL._AC_UL1000_.jpg,149.00
Michael Kors Women's MK3681 Analog Display Analog Quartz Gold Watch,Rated 4.1/5 from 27 Amazon shopper reviews.,https://m.media-amazon.com/images/I/91klWyh2ejL._AC_UL1500_.jpg,148.99
MICHAEL Michael Kors Signature Travel Continental Wallet Vanilla,Rated 5/5 from 1 Amazon shopper reviews.,https://m.media-amazon.com/images/I/81W7GKRVn2L._AC_UL1500_.jpg,148.97
Ray-Ban RB3589 Square Sunglasses,Rated 4/5 from 82 Amazon shopper reviews.,https://m.media-amazon.com/images/I/41eJvLjTvpL._AC_UL1500_.jpg,148.80
Ray-Ban Men's Rb3183 Rectangular Sunglasses,"Rated 4.5/5 from 4,529 Amazon shopper reviews.",https://m.media-amazon.com/images/I/412G04kS4FS._AC_UL1500_.jpg,148.80
GUESS Gold-Tone Glitzy Sport Dress Watch,Rated 4.4/5 from 261 Amazon shopper reviews.,https://m.media-amazon.com/images/I/91De1EzI7AL._AC_UL1500_.jpg,148.75
SEIKO Big Date Quartz Black Dial Men's Watch SUR517P1,Rated 4.2/5 from 21 Amazon shopper reviews.,https://m.media-amazon.com/images/I/51NAW129TTL._AC_.jpg,148.33
MICHAEL Michael Kors Fulton Caryall Wallet - Pearl Grey,Rated 3/5 from 1 Amazon shopper reviews.,https://m.media-amazon.com/images/I/51oQWPRqQNL._AC_UL1000_.jpg,148.00
Ray-Ban Rb2168 Meteor Square Sunglasses,Rated 4.4/5 from 179 Amazon shopper reviews.,https://m.media-amazon.com/images/I/61Eg0dp-NVL._AC_UL1500_.jpg,148.00
MICHAEL Michael Kors MK Logo Zip-Around Continental Wallet,Rated 4.5/5 from 76 Amazon shopper reviews.,https://m.media-amazon.com/images/I/71dHEWsEmSL._AC_UL1001_.jpg,148.00
Kate Spade New York Knott Pebbled Leather Small Compact Wallet Mochi Pink One Size,Rated 5/5 from 4 Amazon shopper reviews.,https://m.media-amazon.com/images/I/71v9WdhpjmL._AC_SL1500_.jpg,148.00
Kate Spade New York Women's Rosebank Stainless Steel Casual Quartz Watch,Rated 4.4/5 from 47 Amazon shopper reviews.,https://m.media-amazon.com/images/I/717KuW1d0JL._AC_UL1500_.jpg,148.00
"Trifold Wallet un Crossgrain leather, Color Black. Style No. 53754 LIBLK",Rated 4.5/5 from 24 Amazon shopper reviews.,https://m.media-amazon.com/images/I/81XnYpOI7dL._AC_SL1500_.jpg,148.00
"Dooney & Bourke Wallet, Pebble Grain Medium Zip Around Wallet",Rated 4.8/5 from 48 Amazon shopper reviews.,https://m.media-amazon.com/images/I/61G4qaDapxL._AC_UL1500_.jpg,148.00
Guess Men's U0599G2 Silicone Sporty Multi-Function Analog Quartz Movement Blue Watch,Rated 2.8/5 from 20 Amazon shopper reviews.,https://m.media-amazon.com/images/I/91ps7yxtUEL._AC_UL1500_.jpg,148.00
"Fossil Men's Townsman Quartz Stainless Steel Watch, Color: Silver (Model: FS5407)",Rated 4.3/5 from 332 Amazon shopper reviews.,https://m.media-amazon.com/images/I/7156rSSdg7L._AC_UL1500_.jpg,148.00
MICHAEL Michael Kors Jet Set Travel Wallet,Rated 4.4/5 from 65 Amazon shopper reviews.,https://m.media-amazon.com/images/I/71MpFqDVQ2L._AC_UL1500_.jpg,148.00
Michael Kors Women's MK5615 Parker Silver Watch,Rated 3.6/5 from 59 Amazon shopper reviews.,https://m.media-amazon.com/images/I/81i6hD172AL._AC_UL1500_.jpg,147.95
COACH Pearl C Short Pendant Necklace White Pearl One Size,Rated 5/5 from 1 Amazon shopper reviews.,https://m.media-amazon.com/images/I/512S9RWJ-YL._AC_UL1500_.jpg,147.71
Armani Exchange Men's Stainless Steel Chronograph Dress Watch,Rated 4.5/5 from 249 Amazon shopper reviews.,https://m.media-amazon.com/images/I/512on9iE4vL._AC_UL1000_.jpg,147.60
"Citizen Men's Sport Casual Garrison 3-Hand Date Eco-Drive Watch, Arabic Markers, Stainless Steel, Luminous Hands, Field Watch",Rated 4.6/5 from 273 Amazon shopper reviews.,https://m.media-amazon.com/images/I/81GzjH3pfwS._AC_UL1500_.jpg,147.40
SEIKO Men's SNKA10 5 Automatic Gold Dial Gold-Tone Stainless Steel Watch,Rated 4/5 from 122 Amazon shopper reviews.,https://m.media-amazon.com/images/I/71-mk-TvQkL._AC_UL1500_.jpg,147.40
Oakley Men's Oo9263 Turbine Rectangular Sunglasses,Rated 4.4/5 from 45 Amazon shopper reviews.,https://m.media-amazon.com/images/I/51GagWLMVeL._AC_UL1500_.jpg,147.20
Oakley Men's Oo4145 Wire Tap 2.0 Rectangular Sunglasses,Rated 4.5/5 from 216 Amazon shopper reviews.,https://m.media-amazon.com/images/I/61SZjsN6n-L._AC_UL1500_.jpg,147.20
Oakley Turbine OO9263 Sunglasses For Men+ BUNDLE Leash + BUNDLE with Designer iWear Eyewear Kit,Rated 4.6/5 from 263 Amazon shopper reviews.,https://m.media-amazon.com/images/I/41XyuQtQ91L._AC_UL1010_.jpg,147.20
Citizen Wr100 Men Solar Powered Watch with Black Dial Analogue Display and Silver Stainless Steel Bracelet Aw0050-82E,Rated 4.3/5 from 51 Amazon shopper reviews.,https://m.media-amazon.com/images/I/51AIVXZAgQL._AC_UL1000_.jpg,147.13
"Bulova Men's Classic Stainless Steel 3-Hand Date Calendar Quartz Watch, Grey Dial with Roman Numeral Markers Style: 96B261",Rated 4.4/5 from 165 Amazon shopper reviews.,https://m.media-amazon.com/images/I/715hEOmLXPL._AC_UL1500_.jpg,147.08
Oakley Women's Oo9447 Trailing Point Round Sunglasses,Rated 4.8/5 from 18 Amazon shopper reviews.,https://m.media-amazon.com/images/I/514jFq5UPAL._AC_UL1500_.jpg,147.05
COACH Medium Id Zip Wallet (B4/Light Camel),"Rated 4.7/5 from 1,007 Amazon shopper reviews.",https://m.media-amazon.com/images/I/416nY9nkLsL._AC_SL1000_.jpg,147.04
Kate Spade New York Grand Street Neda Wallet Robin Egg,Rated 5/5 from 1 Amazon shopper reviews.,https://m.media-amazon.com/images/I/71+3Af0G9cL._AC_UL1500_.jpg,147.00
Oakley Holbrook XL OO9417 Sunglasses For Men+ BUNDLE Leash +Designer iWear Care Kit,Rated 4.7/5 from 767 Amazon shopper reviews.,https://m.media-amazon.com/images/I/41m9yAyLYYS._AC_UL1200_.jpg,147.00
"Kate Spade Mavis Street Neda Continental Zip Wallet, Sparkle Rose Gold",Rated 4.1/5 from 23 Amazon shopper reviews.,https://m.media-amazon.com/images/I/9199WaqhydL._AC_UL1500_.jpg,147.00
Ray-Ban RB4187 Chris Square Sunglasses,Rated 4.3/5 from 286 Amazon shopper reviews.,https://m.media-amazon.com/images/I/51mQgGjRjdL._AC_UL1500_.jpg,147.00
Citizen EV1033-08D Corso Women's Watch White 36mm Rose Gold Stainless Steel,Rated 4.8/5 from 12 Amazon shopper reviews.,https://m.media-amazon.com/images/I/51rbmYtqbAL._AC_UL1050_.jpg,147.00
"Kenneth Cole New York Men's Quartz Stainless Steel Case Stainless Steel Bracelet Two Tone Casual watch,(Model:KC9282)",Rated 3.5/5 from 10 Amazon shopper reviews.,https://m.media-amazon.com/images/I/81GduB2SF5L._AC_UL1500_.jpg,147.00
Michael Kors Dylan Stainless Steel Chronograph Watch,"Rated 4.7/5 from 2,119 Amazon shopper reviews.",https://m.media-amazon.com/images/I/71DVYQIGzkL._AC_UL1500_.jpg,146.94
Oakley Men's Oo9402 Field Jacket Square Sunglasses,Rated 4.5/5 from 216 Amazon shopper reviews.,https://m.media-amazon.com/images/I/51d3TWa2VyL._AC_UL1500_.jpg,146.90
"Tommy Hilfiger Women's Quartz Multifunction Stainless Steel and Link Bracelet Watch, Color: Black (Model: 1782390)",Rated 4.7/5 from 11 Amazon shopper reviews.,https://m.media-amazon.com/images/I/81ozqs4t0US._AC_UL1500_.jpg,146.25
"Oakley Men's Fuel Cell Sunglasses, Polished Black/Matte Blac, One Size",Rated 4.4/5 from 8 Amazon shopper reviews.,https://m.media-amazon.com/images/I/31nE-msULgL._AC_UL1114_.jpg,146.00
Ray-Ban RB2132 NEW WAYFARER Sunglasses For Men For Women + BUNDLE with Designer iWear Complimentary Eyewear Care Kit,"Rated 4.6/5 from 1,887 Amazon shopper reviews.",https://m.media-amazon.com/images/I/31W2t02j7KL._AC_.jpg,146.00
COACH HC6040 Rectangle Sunglasses for Women + BUNDLE with Designer iWear Complimentary Eyewear Care Kit,Rated 4.4/5 from 26 Amazon shopper reviews.,https://m.media-amazon.com/images/I/41SYjU513NL._AC_UL1010_.jpg,146.00
"Michael Kors KEY BISCAYNE MK1046 Sunglasses 110813-56 -, Brown Clear Gradient MK1046-110813-56",Rated 4.2/5 from 25 Amazon shopper reviews.,https://m.media-amazon.com/images/I/61BxS+vS2AL._AC_UL1500_.jpg,146.00
"Citizen Connected Quartz Womens Watch, Stainless Steel, Pink Gold-Tone (Model: HX0003-51E)",Rated 4.2/5 from 9 Amazon shopper reviews.,https://m.media-amazon.com/images/I/71ktEwINzIL._AC_UL1500_.jpg,145.98
SEIKO Women's SYMA38K 5 Automatic Gold Dial Gold-Tone Stainless Steel Watch,Rated 3.9/5 from 79 Amazon shopper reviews.,https://m.media-amazon.com/images/I/71Wv9WnmWyL._AC_UL1500_.jpg,145.83
Lacoste Men's L227s Aviator Sunglasses,Rated 4.5/5 from 30 Amazon shopper reviews.,https://m.media-amazon.com/images/I/61OTt-jKPaL._AC_UL1500_.jpg,145.38
Ray-Ban Sunglasses - RB3386 / Frame: Gold Lens: Brown Gradient (63mm),Rated 4.4/5 from 280 Amazon shopper reviews.,https://m.media-amazon.com/images/I/51xdgRTcpfL._AC_UL1500_.jpg,145.11
"Tommy Hilfiger Women's Quartz Stainless Steel and Link Bracelet Watch, Color: Two Tone (Model: 1782408)",Rated 4.6/5 from 18 Amazon shopper reviews.,https://m.media-amazon.com/images/I/71jR1-rxXpS._AC_UL1500_.jpg,145.00
Tag Heuer Racer2 9223 Rectangular Sunglasses,Rated 4/5 from 22 Amazon shopper reviews.,https://m.media-amazon.com/images/I/71AjjxNCdRL._AC_UL1500_.jpg,145.00
Nautica Men's N19608G NST 600 Chrono Carving Color Sport Classic Analog with Enamel Bezel Watch,Rated 3.1/5 from 5 Amazon shopper reviews.,https://m.media-amazon.com/images/I/81ijTS0wYzL._AC_UL1500_.jpg,145.00
SEIKO Bracelet Women's Quartz Watch SXDC19P1,Rated 5/5 from 1 Amazon shopper reviews.,https://m.media-amazon.com/images/I/51A3goWBITL._AC_UL1000_.jpg,145.00
Michael Kors Women's Ritz Gold-Tone Watch MK6328,Rated 4.2/5 from 29 Amazon shopper reviews.,https://m.media-amazon.com/images/I/81STRnnDbTL._AC_UL1500_.jpg,145.00
Kate Spade Lacey Wallet Dusty Emerald,Rated 1/5 from 1 Amazon shopper reviews.,https://m.media-amazon.com/images/I/71kjFATsIcL._AC_SL1500_.jpg,145.00
Fossil Bannon Multifunction Orange Silicone Watch BQ2500,Rated 4.3/5 from 5 Amazon shopper reviews.,https://m.media-amazon.com/images/I/81w0QRqh0YL._AC_UL1500_.jpg,145.00
Fossil Women's ES3588 Stella Multifunction Stainless Steel Watch,Rated 4.3/5 from 62 Amazon shopper reviews.,https://m.media-amazon.com/images/I/615tGCs6NwL._AC_UL1000_.jpg,145.00
kate spade new york Women's 1YRU0098 Carlyle Crystal-Accented Stainless Steel Bangle Watch,Rated 3.4/5 from 5 Amazon shopper reviews.,https://m.media-amazon.com/images/I/61TgncgmmrL._AC_UL1500_.jpg,145.00
"Lacoste Club Men's Quartz Stainless Steel and Leather Strap Watch, Color: Black (Model: 2011159)",Rated 4.6/5 from 7 Amazon shopper reviews.,https://m.media-amazon.com/images/I/81GgvqtAQlL._AC_UL1500_.jpg,145.00
Fossil Jocelyn 3 Hand Womens Watch w/Blush Leather Strap & Mother of Pearl Face,Rated 4.6/5 from 22 Amazon shopper reviews.,https://m.media-amazon.com/images/I/51TRPSttQ3L._AC_UL1000_.jpg,145.00
"Tommy Hilfiger Women's Stainless Steel Case and Link Bracelet Watch, Color: Silver (Model: 1782512)",Rated 5/5 from 5 Amazon shopper reviews.,https://m.media-amazon.com/images/I/71o+OlpLddL._AC_UL1500_.jpg,145.00
Nautica BFD 100 Stainless Steel Men's watch #N18623G,Rated 3.1/5 from 3 Amazon shopper reviews.,https://m.media-amazon.com/images/I/51pustAwDOL._AC_UL1020_.jpg,145.00
Ray-Ban RB4186 Dylan Wayfarer Sunglasses,Rated 4/5 from 20 Amazon shopper reviews.,https://m.media-amazon.com/images/I/61GyAx4lbdL._AC_UL1500_.jpg,145.00
Seiko 5 Automatic 21 Jewel Men's Watch SNK809K1 SNK809K,Rated 4.2/5 from 172 Amazon shopper reviews.,https://m.media-amazon.com/images/I/61N76IgozIS._AC_UL1430_.jpg,145.00
Kate Spade New York Shimmy Glitter Boxed Large Continental Wallet (Silver),Rated 4.7/5 from 50 Amazon shopper reviews.,https://m.media-amazon.com/images/I/31Y-JK8hYhL._AC_.jpg,145.00
Michael Kors Women's Bradshaw Rose-Gold Tone Watch MK6321,Rated 4.4/5 from 6 Amazon shopper reviews.,https://m.media-amazon.com/images/I/71A1GVFScNL._AC_UL1500_.jpg,145.00
Michael Kors Women's Charley Three-Hand Alloy Watch MK7111,Rated 4.4/5 from 55 Amazon shopper reviews.,https://m.media-amazon.com/images/I/91eS8n-VOjL._AC_UL1500_.jpg,144.99
Caravelle by Bulova Men's 43C105 Multifunction sport Watch,Rated 4.7/5 from 8 Amazon shopper reviews.,https://m.media-amazon.com/images/I/81I-75SHn3L._AC_UL1500_.jpg,144.99
"Ray-Ban unisex adult Rb2132 New Wayfarer sunglasses, Light Havana Frame Brown Lens 710, Medium US",Rated 4.2/5 from 5 Amazon shopper reviews.,https://m.media-amazon.com/images/I/619thnvTv1L._AC_UL1500_.jpg,144.44
Marc by Marc Jacobs Womens MARC10S Cateye Sunglasses,Rated 4.1/5 from 9 Amazon shopper reviews.,https://m.media-amazon.com/images/I/71AL57MBzXL._AC_UL1500_.jpg,144.41
Oakley Men's Oo9462 Sutro S Rectangular Sunglasses,Rated 4.5/5 from 836 Amazon shopper reviews.,https://m.media-amazon.com/images/I/517TyhMd2pL._AC_UL1500_.jpg,144.41
Kenneth Cole New York Women's 'Classic' Quartz Stainless Steel and Leather Dress Watch,Rated 4.5/5 from 33 Amazon shopper reviews.,https://m.media-amazon.com/images/I/81JM4UaQx5L._AC_UL1500_.jpg,144.30
"Kate Spade 'Beach Gem' Statement Necklace, Aqua Multi",Rated 5/5 from 1 Amazon shopper reviews.,https://m.media-amazon.com/images/I/81GsXWBo7CL._AC_UL1500_.jpg,144.20
Michael Kors Women's Cinthia Rose Gold-Tone Watch MK3643,Rated 4.1/5 from 51 Amazon shopper reviews.,https://m.media-amazon.com/images/I/71+002MqcGL._AC_UL1500_.jpg,144.00
COACH HC7059 Aviator Sunglasses for Women + BUNDLE with Designer iWear Complimentary Eyewear Care Kit,Rated 4.5/5 from 115 Amazon shopper reviews.,https://m.media-amazon.com/images/I/41YaW6h8ulL._AC_UL1010_.jpg,144.00
COACH Pebbled Leather Slim Wallet Li/Black One Size,Rated 4.2/5 from 23 Amazon shopper reviews.,https://m.media-amazon.com/images/I/9127JBJ1BwL._AC_SL1500_.jpg,144.00
COACH HC7012 Aviator Sunglasses for Women + BUNDLE with Designer iWear Complimentary Eyewear Care Kit,Rated 4.4/5 from 94 Amazon shopper reviews.,https://m.media-amazon.com/images/I/41LMPSXAqLL._AC_UL1010_.jpg,144.00
Michael Kors Sofie Stainless Steel Chronograph Watch,Rated 4.6/5 from 795 Amazon shopper reviews.,https://m.media-amazon.com/images/I/51Jf0FYnSBL._AC_UL1000_.jpg,144.00
COACH HC8295 Square Sunglasses for Women + BUNDLE with Designer iWear Complimentary Eyewear Care Kit,Rated 4.5/5 from 57 Amazon shopper reviews.,https://m.media-amazon.com/images/I/41cuMsKL-pS._AC_UL1200_.jpg,144.00
COACH HC7064 Aviator Sunglasses for Women + BUNDLE with Designer iWear Complimentary Eyewear Care Kit,Rated 4.3/5 from 73 Amazon shopper reviews.,https://m.media-amazon.com/images/I/41mNAGQxm8L._AC_UL1010_.jpg,144.00
SEIKO 5 Automatic Watch SNKE49J1 Men,Rated 4.2/5 from 4 Amazon shopper reviews.,https://m.media-amazon.com/images/I/71MrLXijJkL._AC_UL1500_.jpg,143.96
"Oakley SI Men's OO9238 Fives Squared Rectangular Sunglasses, Matte Black/Prizm Maritime Polarized, 54 mm",Rated 4.3/5 from 27 Amazon shopper reviews.,https://m.media-amazon.com/images/I/41OsFpZojlL._AC_UL1500_.jpg,143.20
Michael Kors Women's Ritz Stainless Steel Watch With Crystal Topring,"Rated 4.7/5 from 3,987 Amazon shopper reviews.",https://m.media-amazon.com/images/I/81MnSI4QCWL._AC_UL1500_.jpg,143.15
Polo Ralph Lauren Ph4180u Universal Fit Square Sunglasses,Rated 4.9/5 from 12 Amazon shopper reviews.,https://m.media-amazon.com/images/I/41pLJzL84nL._AC_UL1500_.jpg,143.00
Fossil Men's Townsman Stainless Steel Mechanical Automatic Watch,"Rated 4.6/5 from 3,049 Amazon shopper reviews.",https://m.media-amazon.com/images/I/71TYCAkOXRL._AC_UL1500_.jpg,142.98
"Citizen Quartz Womens Watch, Stainless Steel, Classic",Rated 4.4/5 from 85 Amazon shopper reviews.,https://m.media-amazon.com/images/I/81gYLEz5TwL._AC_UL1500_.jpg,142.82
Ray-Ban Rb3689 Aviator Metal Ii Sunglasses,Rated 4.6/5 from 828 Amazon shopper reviews.,https://m.media-amazon.com/images/I/51NAlEXRFNL._AC_UL1500_.jpg,142.60
Ray-Ban Rb3558 Aviator Sunglasses,Rated 4.4/5 from 285 Amazon shopper reviews.,https://m.media-amazon.com/images/I/517Mepl2J8L._AC_UL1500_.jpg,142.49
Ray-Ban RB4126 Cats 1000 Sunglasses,Rated 4.6/5 from 838 Amazon shopper reviews.,https://m.media-amazon.com/images/I/51NWYiwpx5L._AC_UL1500_.jpg,142.40
Ray-Ban RB3386 Sunglasses For Men For Women + BUNDLE with Designer iWear Complimentary Eyewear Care Kit,Rated 4.5/5 from 85 Amazon shopper reviews.,https://m.media-amazon.com/images/I/41txkvbs7BL._AC_UL1018_.jpg,142.40
"Ray-Ban RB3025 001/3F Unisex Aviator Sunglasses Gradient (Gold Frame/Blue Gradient Lens 001/3F, 58)",Rated 3.4/5 from 13 Amazon shopper reviews.,https://m.media-amazon.com/images/I/51cvMNyyxUL._AC_UL1500_.jpg,142.40
Ray-Ban Rb3548 Hexagonal Sunglasses,Rated 4.7/5 from 125 Amazon shopper reviews.,https://m.media-amazon.com/images/I/41gVFtDC5xL._AC_UL1500_.jpg,142.40
Ray-Ban RB2168 Meteor Evolve Photochromic Square Sunglasses,Rated 3.9/5 from 11 Amazon shopper reviews.,https://m.media-amazon.com/images/I/61NFnB33gTL._AC_UL1500_.jpg,142.10
Coach Women's Long Zip Around Wallet in Pebbled Leather (Gold - Black - Multi Strap),Rated 4.5/5 from 86 Amazon shopper reviews.,https://m.media-amazon.com/images/I/815avDPligL._AC_SL1500_.jpg,142.05
"Oakley Woman Sunglasses Polished Black Frame, Prizm Rose Gold Polarized Lenses, 60MM",Rated 1/5 from 1 Amazon shopper reviews.,https://m.media-amazon.com/images/I/41--vofVrvL._AC_UL1500_.jpg,142.03
Oakley Men's Oo9039 Straight Jacket Sport Sunglasses,Rated 4.6/5 from 179 Amazon shopper reviews.,https://m.media-amazon.com/images/I/51oRZPgPDML._AC_UL1500_.jpg,142.00
Michael Kors Women's MK3727 Darci Analog Display Quartz Gold Watch,Rated 4/5 from 10 Amazon shopper reviews.,https://m.media-amazon.com/images/I/612gYKPsq7L._AC_UL1500_.jpg,142.00
COACH Women's Boyfriend 36mm Leather Watch Silver/Signature Khaki 2 Watch,Rated 4.5/5 from 36 Amazon shopper reviews.,https://m.media-amazon.com/images/I/81nglAka1wL._AC_UL1500_.jpg,142.00
SEIKO Men's SNKL24 Two Tone Stainless Steel Analog with Silver Dial Watch,Rated 3.7/5 from 5 Amazon shopper reviews.,https://m.media-amazon.com/images/I/71wIzvnMR+L._AC_UL1442_.jpg,141.90
"NIXON Medium Time Teller Leather A1172 - Rose Gold/Black/Cheetah - 100m Water Resistant Women's Analog Classic Watch (31mm Watch Face, 16mm Leather Band)",Rated 4.6/5 from 3 Amazon shopper reviews.,https://m.media-amazon.com/images/I/71P5aixCsPL._AC_UL1500_.jpg,141.54
kate spade new york Cobble Hill Bow Lacey Wallet,Rated 2.8/5 from 6 Amazon shopper reviews.,https://m.media-amazon.com/images/I/91PxzTiYccL._AC_UL1500_.jpg,141.33
Oakley Men's Oo9213 M Frame 2.0 Industrial Rectangular Sunglasses,"Rated 4.7/5 from 1,949 Amazon shopper reviews.",https://m.media-amazon.com/images/I/51hlj+qqVOL._AC_UL1500_.jpg,141.23
Michael Kors Jet Set Travel Top Zip Card Case Wallet Coin Pouch Powder Blush Multi Brown,Rated 4.7/5 from 23 Amazon shopper reviews.,https://m.media-amazon.com/images/I/71AH7WLueHL._AC_SL1437_.jpg,141.12
"Seiko Men's 'Special Value' Quartz Stainless Steel and Leather Dress Watch, Color:Black (Model: SKS495)",Rated 4.4/5 from 55 Amazon shopper reviews.,https://m.media-amazon.com/images/I/912qYND8kJL._AC_UL1500_.jpg,141.08
Ray-Ban Rb2132 New Wayfarer Sunglasses,Rated 4.6/5 from 426 Amazon shopper reviews.,https://m.media-amazon.com/images/I/51QGKHWLzHL._AC_UL1152_.jpg,140.80
Ray-Ban RB2132f New Wayfarer Asian Fit Sunglasses,Rated 3.5/5 from 3 Amazon shopper reviews.,https://m.media-amazon.com/images/I/41GsrdBYOJL._AC_UL1500_.jpg,140.70
Betsey Johnson Flower Drama Bid Necklace,Rated 4/5 from 7 Amazon shopper reviews.,https://m.media-amazon.com/images/I/81xpAmr38xL._AC_UL1500_.jpg,140.29
Citizen Mens Analogue Quartz Eco-Drive Watch Aviator,Rated 4.4/5 from 333 Amazon shopper reviews.,https://m.media-amazon.com/images/I/61T8TM9NmrL._AC_UL1105_.jpg,140.26
Fossil Scarlette Women's Sports Watch with Stainless Steel Bracelet or Genuine Leather Band,"Rated 4.6/5 from 2,010 Amazon shopper reviews.",https://m.media-amazon.com/images/I/715UHvZ7SSL._AC_UL1500_.jpg,140.09
Ray-Ban RB3025-001/57 Sunglasses AVIATOR LARGE METAL GOLD W/Crystal Brown Polarized 58mm,Rated 4.5/5 from 10 Amazon shopper reviews.,https://m.media-amazon.com/images/I/51cHWNONABL._AC_UL1200_.jpg,140.00
Nixon Men's A105 Sentry 42mm Stainless Steel Leather Quartz Movement Watch,"Rated 4.6/5 from 1,339 Amazon shopper reviews.",https://m.media-amazon.com/images/I/81GUjqz+aVL._AC_UL1500_.jpg,140.00
Ray-Ban Rb4165f Justin Low Bridge Fit Rectangular Sunglasses,Rated 4.5/5 from 562 Amazon shopper reviews.,https://m.media-amazon.com/images/I/41NwKq5+5xL._AC_UL1500_.jpg,140.00
Ray Ban RB4165 Justin 622/T3 Rubber Black Polarized Sunglasses 55mm,Rated 4.3/5 from 37 Amazon shopper reviews.,https://m.media-amazon.com/images/I/419t65RKpXS._AC_UL1500_.jpg,140.00
Ray-Ban RB4171f Erika Low Bridge Fit Round Sunglasses,Rated 4.4/5 from 608 Amazon shopper reviews.,https://m.media-amazon.com/images/I/51yZQttQEtL._AC_UL1500_.jpg,140.00
Nixon Kensington A099. 100m Water Resistant Women’s Watch (37mm Watch Face. 16mm Stainless Steel Band),Rated 4.5/5 from 350 Amazon shopper reviews.,https://m.media-amazon.com/images/I/81vUwj4okqL._AC_UL1500_.jpg,140.00
Oakley Men's Oo9448f Sylas Low Bridge Fit Rectangular Sunglasses,Rated 4.3/5 from 82 Amazon shopper reviews.,https://m.media-amazon.com/images/I/51DlzuaUfZL._AC_UL1500_.jpg,140.00
Ray-Ban RB4068 Sunglasses For Women + BUNDLE with Designer iWear Complimentary Eyewear Care Kit,Rated 4.6/5 from 36 Amazon shopper reviews.,https://m.media-amazon.com/images/I/4159tJpTAiL._AC_UL1023_.jpg,140.00
Ray-Ban Rb4387 Square Sunglasses,Rated 4.3/5 from 564 Amazon shopper reviews.,https://m.media-amazon.com/images/I/51L4no-5SgL._AC_UL1500_.jpg,140.00
Ray-Ban Men's Rb3526 Aviator Sunglasses,Rated 4.5/5 from 628 Amazon shopper reviews.,https://m.media-amazon.com/images/I/41M7O20j+gL._AC_UL1500_.jpg,140.00
Ray-Ban Men's Rb3457 Aviator Sunglasses,Rated 4.4/5 from 103 Amazon shopper reviews.,https://m.media-amazon.com/images/I/41Hk4zTXdzL._AC_UL1500_.jpg,140.00
Ray-Ban RB4347 Powderhorn Square Sunglasses,Rated 4.6/5 from 36 Amazon shopper reviews.,https://m.media-amazon.com/images/I/51YELfNm2OL._AC_UL1500_.jpg,140.00
Ray-Ban RB4171 Erica Classic Women Polarized Sunglasses 710/T5,Rated 4.6/5 from 33 Amazon shopper reviews.,https://m.media-amazon.com/images/I/81f-zW1mugL._AC_UL1500_.jpg,140.00
Ray-Ban Women's Rb4378 Square Sunglasses,Rated 4.2/5 from 22 Amazon shopper reviews.,https://m.media-amazon.com/images/I/51CLvm921OL._AC_UL1500_.jpg,140.00
Ray-Ban Men's Rb3527 Rectangular Sunglasses,Rated 4.2/5 from 201 Amazon shopper reviews.,https://m.media-amazon.com/images/I/51pYcQeAuJL._AC_UL1500_.jpg,140.00
Ray-Ban Rb4387f Low Bridge Fit Square Sunglasses,Rated 4.3/5 from 42 Amazon shopper reviews.,https://m.media-amazon.com/images/I/516EO32uHuL._AC_UL1500_.jpg,140.00
Oakley Men's Oo9245 Frogskins Low Bridge Fit Square Sunglasses,Rated 4.3/5 from 35 Amazon shopper reviews.,https://m.media-amazon.com/images/I/41ODT-AxQ9L._AC_UL1500_.jpg,140.00
Ray-Ban RB4068 Square Sunglasses+ Vision Group Accessories Bundle,Rated 4.5/5 from 25 Amazon shopper reviews.,https://m.media-amazon.com/images/I/51Xp++YQd-S._AC_UL1500_.jpg,140.00
"Calvin Klein Unisex Quartz Stainless Steel Case and Mesh Bracelet Watch, Color: Silver (Model: 25200152)",Rated 4.6/5 from 4 Amazon shopper reviews.,https://m.media-amazon.com/images/I/81YfkJhfLaL._AC_UL1500_.jpg,140.00
Oakley OO9013 Frogskins Sunglasses+ Vision Group Accessories Bundle,Rated 5/5 from 11 Amazon shopper reviews.,https://m.media-amazon.com/images/I/51EA7LFFcRL._AC_UL1500_.jpg,140.00
"Ray-Ban RB4165 Justin Rectangular Sunglasses, Rubber Black/Clear, 55 mm",Rated 4.3/5 from 61 Amazon shopper reviews.,https://m.media-amazon.com/images/I/51J3m+1bOzL._AC_UL1500_.jpg,140.00
"Oakley Batwolf Sunglasses (Black Ink Frame, Prizm Black Lens) with Lens Cleaning Kit and Country Flag Microbag",Rated 4.6/5 from 153 Amazon shopper reviews.,https://m.media-amazon.com/images/I/5148BkMaH2L._AC_UL1000_.jpg,139.99
Sunglasses Coach HC 8230 550487 Amber Chunky Glitter,Rated 3.9/5 from 5 Amazon shopper reviews.,https://m.media-amazon.com/images/I/71U-sy6TEyL._AC_UL1500_.jpg,139.99
"Michael Kors Women's Watch RITZ, 37 mm case size, Quartz Chronograph movement, Stainless Steel strap",Rated 4.6/5 from 290 Amazon shopper reviews.,https://m.media-amazon.com/images/I/81EpDG5yHIL._AC_UL1500_.jpg,139.99
"Oakley Holbrook Sunglasses (Matte Black Frame, Positive Red Iridium Lens) with Lens Cleaning Kit and Country Flag Microbag",Rated 4.7/5 from 444 Amazon shopper reviews.,https://m.media-amazon.com/images/I/61oXkS86XZL._AC_UL1500_.jpg,139.99
"Oakley Gascan Sunglasses (Polished Black Frame, Prizm Ruby Lens) with Lens Cleaning Kit and Country Flag Microbag",Rated 4.5/5 from 136 Amazon shopper reviews.,https://m.media-amazon.com/images/I/71KROKcPlnL._AC_UL1500_.jpg,139.99
Nautica Men's Quartz Resin Silicone Watch,"Rated 4.7/5 from 1,288 Amazon shopper reviews.",https://m.media-amazon.com/images/I/916da9DnkkL._AC_UL1500_.jpg,139.95
"Tommy Hilfiger Men's Stainless Steel Quartz Watch with Leather Strap, Dark Brown, 22 (Model: 1791940)",Rated 4.8/5 from 35 Amazon shopper reviews.,https://m.media-amazon.com/images/I/81Nm0aBZIJL._AC_UL1500_.jpg,139.50
Kate Spade New York Women's Metro Slim Stainless Steel Quartz Watch,Rated 4.6/5 from 422 Amazon shopper reviews.,https://m.media-amazon.com/images/I/51z0ESJU1ML._AC_UL1000_.jpg,139.49
Ray-Ban Women's Rb1973 Square Ii Sunglasses,Rated 4/5 from 314 Amazon shopper reviews.,https://m.media-amazon.com/images/I/61djCkJjxmS._AC_UL1500_.jpg,139.20
Ray-Ban Rb2248 Caribbean Rectangular Sunglasses,Rated 4.3/5 from 90 Amazon shopper reviews.,https://m.media-amazon.com/images/I/51Uk4T3TO9L._AC_UL1500_.jpg,139.20
Ray-Ban Rb2319 Olympian I Oval Sunglasses,Rated 4.5/5 from 69 Amazon shopper reviews.,https://m.media-amazon.com/images/I/51qu3XhlvYL._AC_UL1500_.jpg,139.20
Ray-Ban Rb4246 Clubround Round Sunglasses,Rated 4.5/5 from 468 Amazon shopper reviews.,https://m.media-amazon.com/images/I/61iQOO+77LL._AC_UL1500_.jpg,139.20
"Marc Jacobs Women's Round Slight Cat Eye Sunglasses, Black/Brown, One Size",Rated 5/5 from 1 Amazon shopper reviews.,https://m.media-amazon.com/images/I/61tvEfVC-DL._AC_UL1500_.jpg,139.00
Seiko White Dial Stainless Steel Leather Quartz Men's Watch SUR113,Rated 4.8/5 from 5 Amazon shopper reviews.,https://m.media-amazon.com/images/I/61mR7-9OUPL._AC_UL1024_.jpg,139.00
SEIKO Men's SNKK29 Stainless Steel Analog with Gold Dial Watch,Rated 3.8/5 from 49 Amazon shopper reviews.,https://m.media-amazon.com/images/I/616GvsPM60L._AC_UL1000_.jpg,139.00
Seiko Chronograph Grey Dial Stainless Steel Mens Watch SSB057,Rated 3.6/5 from 14 Amazon shopper reviews.,https://m.media-amazon.com/images/I/8106P7DO8XL._AC_UL1500_.jpg,139.00
Seiko Women's Japanese Quartz Dress Watch with Stainless Steel Strap.,Rated 4.4/5 from 23 Amazon shopper reviews.,https://m.media-amazon.com/images/I/61f0k3CMWhL._AC_UL1102_.jpg,139.00
"Tommy Hilfiger Men's Quartz Stainless Steel and Mesh Bracelet Sporty Watch, Color: Black (Model: 1791464)",Rated 4.4/5 from 440 Amazon shopper reviews.,https://m.media-amazon.com/images/I/71PJx7YSYrL._AC_UL1500_.jpg,138.75
"Ray-Ban Man Sunglasses Gold Frame, Polarized Green Classic G-15 Lenses, 55MM",Rated 4.5/5 from 26 Amazon shopper reviews.,https://m.media-amazon.com/images/I/51KoEdZJSRL._AC_UL1500_.jpg,138.60
Bulova Women's 96M000 Bracelet Watch,Rated 4.1/5 from 32 Amazon shopper reviews.,https://m.media-amazon.com/images/I/71Rh4pnMVRS._AC_UL1500_.jpg,138.50
Lacoste Men's L226s Aviator Sunglasses,Rated 5/5 from 4 Amazon shopper reviews.,https://m.media-amazon.com/images/I/61GYOjcdleL._AC_UL1500_.jpg,138.46
Oakley Men's Oo9101 Batwolf Rectangular Sunglasses,"Rated 4.7/5 from 2,643 Amazon shopper reviews.",https://m.media-amazon.com/images/I/61DzHJh4oHL._AC_UL1500_.jpg,138.40
Michael Kors Women's Jet Set Wallet,Rated 4.5/5 from 45 Amazon shopper reviews.,https://m.media-amazon.com/images/I/61EzoQ8DXYL._AC_UL1000_.jpg,138.00
HOBO Lauren Wallet,Rated 4.3/5 from 128 Amazon shopper reviews.,https://m.media-amazon.com/images/I/91E2GIucc6L._AC_UL1500_.jpg,138.00
Seiko Automatic White Dial Stainless Steel Men's Watch SNKL75,Rated 4.3/5 from 65 Amazon shopper reviews.,https://m.media-amazon.com/images/I/415MZ3MjenL._AC_.jpg,138.00
Michael Kors Women's Darci Gold-Tone Watch MK4326,Rated 3.9/5 from 9 Amazon shopper reviews.,https://m.media-amazon.com/images/I/91tfy0nllUL._AC_UL1500_.jpg,138.00
Coach Women's Corner Zip Leather Wallet,Rated 4.8/5 from 10 Amazon shopper reviews.,https://m.media-amazon.com/images/I/61xZVtKAJpL._AC_UL1002_.jpg,138.00
Ray-Ban Rb4371 Round Sunglasses,Rated 4.1/5 from 187 Amazon shopper reviews.,https://m.media-amazon.com/images/I/510x+B-XoAL._AC_UL1500_.jpg,138.00
Fossil Men's FS5066 Modern Machine Black Stainless Steel Watch with Blue Leather Band,Rated 4.7/5 from 10 Amazon shopper reviews.,https://m.media-amazon.com/images/I/91CxSCDr4tL._AC_UL1500_.jpg,138.00
Fenmore Midsize Multifunction Black Stainless Steel Watch,Rated 4.5/5 from 146 Amazon shopper reviews.,https://m.media-amazon.com/images/I/51s7eS+fH1L._AC_UL1000_.jpg,138.00
Ray-Ban Rb3562 Chromance Aviator Sunglasses,Rated 3.9/5 from 52 Amazon shopper reviews.,https://m.media-amazon.com/images/I/51xdDzFJzwL._AC_UL1500_.jpg,137.95
SEIKO Men's Automatic (Made in Japan) Watch # SNKD97J1,Rated 4.4/5 from 16 Amazon shopper reviews.,https://m.media-amazon.com/images/I/51ruOafySpS._AC_UL1200_.jpg,137.50
Seiko 5 Silver/Black Face Automatic Men's Analog Watch SNKN13J1,Rated 3.8/5 from 5 Amazon shopper reviews.,https://m.media-amazon.com/images/I/816PsMR02ML._AC_UL1500_.jpg,137.50
Betsey Johnson xox Trolls Gold-Tone Multi-Stone Bib Charm Necklace,Rated 5/5 from 1 Amazon shopper reviews.,https://m.media-amazon.com/images/I/71BAKNzILKL._AC_UL1500_.jpg,137.00
COACH Sunglasses HC 8295 F Asian fit 5620E2 Grey Burgundy Gradient,Rated 3.4/5 from 9 Amazon shopper reviews.,https://m.media-amazon.com/images/I/51x7JIfqKjL._AC_UL1500_.jpg,137.00
COACH HC6082 Rectangle Sunglasses for Women + BUNDLE with Designer iWear Complimentary Eyewear Care Kit,Rated 4.6/5 from 81 Amazon shopper reviews.,https://m.media-amazon.com/images/I/51kdeGeTI3L._AC_UL1500_.jpg,137.00
Polo Ralph Lauren Men's Ph3129 Aviator Sunglasses,Rated 4.1/5 from 15 Amazon shopper reviews.,https://m.media-amazon.com/images/I/71yLhX-NWBL._AC_UL1500_.jpg,136.99
"COACH Signature Leather Trifold ID Wallet - #F88024, Brown, Medium (Dark Sage)",Rated 4.5/5 from 232 Amazon shopper reviews.,https://m.media-amazon.com/images/I/413npeCcr+L._AC_SL1000_.jpg,136.90
Oakley Men's Oo9451 Apparition Square Sunglasses,Rated 4.3/5 from 118 Amazon shopper reviews.,https://m.media-amazon.com/images/I/51xUc1NiINL._AC_UL1500_.jpg,136.85
Michael Kors Women's Hartman Stainless Watch MK3489,Rated 4.3/5 from 44 Amazon shopper reviews.,https://m.media-amazon.com/images/I/81W0tn3K04L._AC_UL1500_.jpg,136.00
SEIKO SBTR026 Spirit Quartz Chronograph mens Watch Shipped from Japan,Rated 4.1/5 from 50 Amazon shopper reviews.,https://m.media-amazon.com/images/I/616+F4DyIRL._AC_UL1102_.jpg,135.99
GUESS Gold-Tone Multifunction Watch,Rated 4.6/5 from 31 Amazon shopper reviews.,https://m.media-amazon.com/images/I/81zLIMCsjqL._AC_UL1500_.jpg,135.99
Ray-Ban Rb3619 Olympian Ii Deluxe Rectangular Sunglasses,Rated 4.4/5 from 27 Amazon shopper reviews.,https://m.media-amazon.com/images/I/51PobJyWgsL._AC_UL1500_.jpg,135.46
"Citizen Quartz Mens Watch, Stainless Steel, Classic, Gold-Tone (Model: BI1032-58L)",Rated 4.2/5 from 29 Amazon shopper reviews.,https://m.media-amazon.com/images/I/81rP7vV9QgS._AC_UL1500_.jpg,135.46
Oakley Men's Oo9238 Fives Squared Rectangular Sunglasses,Rated 4.2/5 from 686 Amazon shopper reviews.,https://m.media-amazon.com/images/I/61p4CIl5DTL._AC_UL1500_.jpg,135.20
Ray-Ban Women's Rb1971 Square Evolve Photochromic Sunglasses,Rated 4.4/5 from 286 Amazon shopper reviews.,https://m.media-amazon.com/images/I/510o33fdrmL._AC_UL1500_.jpg,135.10
"Caravelle by Bulova Retro Quartz Mens Watch, Stainless Steel , Gold-Tone (Model: 44C110)",Rated 3.6/5 from 5 Amazon shopper reviews.,https://m.media-amazon.com/images/I/71qnp41wnpL._AC_UL1500_.jpg,135.00
Juicy Couture Women's JU537/S Oval Sunglasses,Rated 5/5 from 1 Amazon shopper reviews.,https://m.media-amazon.com/images/I/71UWmgKMm1L._AC_UL1500_.jpg,135.00
GUESS Men's Stainless Steel Casual Bracelet Watch with Day and Date Display,Rated 4.4/5 from 88 Amazon shopper reviews.,https://m.media-amazon.com/images/I/81yK7yij64L._AC_UL1500_.jpg,135.00
"Anne Klein Women's Premium Crystal Accented Watch and Bracelet Set, AK/3396",Rated 4.5/5 from 72 Amazon shopper reviews.,https://m.media-amazon.com/images/I/81mFnwn3hOL._AC_UL1500_.jpg,135.00
Michael Kors Women's Jaryn Black Watch MK2472,Rated 3.7/5 from 6 Amazon shopper reviews.,https://m.media-amazon.com/images/I/51WSRfqlmVL._AC_UL1002_.jpg,135.00
SEIKO 5 Automatic Watch SNKL45J1 Made in Japan,Rated 3.9/5 from 32 Amazon shopper reviews.,https://m.media-amazon.com/images/I/71QBmclKmkL._AC_UL1500_.jpg,135.00
COACH 14503982 Boyfriend Gold Tone Dial Green Leather Strap Women's 34mm Watch,Rated 5/5 from 5 Amazon shopper reviews.,https://m.media-amazon.com/images/I/61Y9xY5vU7L._AC_UL1500_.jpg,135.00
Nautica Men's N13556G Windseeker Multifunction Silver Dial Watch,Rated 4.6/5 from 4 Amazon shopper reviews.,https://m.media-amazon.com/images/I/81LinoGvBOL._AC_UL1500_.jpg,135.00
Armani Exchange Men's Grey IP Plated Stainless Steel Watch AX2086,Rated 4.6/5 from 193 Amazon shopper reviews.,https://m.media-amazon.com/images/I/71qiD2nBoJL._AC_UL1500_.jpg,135.00
Fossil Men's FS5348 44mm Townsman Analog Display Quartz Gold Watch,Rated 4.6/5 from 6 Amazon shopper reviews.,https://m.media-amazon.com/images/I/61E-d8mtbiL._AC_UL1000_.jpg,135.00
Ray-Ban Men's Rb4312ch Chromance Square Sunglasses,Rated 4.3/5 from 41 Amazon shopper reviews.,https://m.media-amazon.com/images/I/618uxMabkSL._AC_UL1500_.jpg,135.00
DKNY Bryant Park Rose Gold-Tone Wide Bangle Women's watch #NY2232,Rated 1/5 from 1 Amazon shopper reviews.,https://m.media-amazon.com/images/I/41AZzf-mOqL._AC_.jpg,135.00
Skagen Women's Gitte Two Hand Stainless Steel Watch,Rated 4.5/5 from 31 Amazon shopper reviews.,https://m.media-amazon.com/images/I/717-gyzgO2L._AC_UL1500_.jpg,135.00
Nautica Men's N24530M BFD 101 Dive Style Chrono Midsize Watch,Rated 5/5 from 1 Amazon shopper reviews.,https://m.media-amazon.com/images/I/81g5JLIKiAL._AC_UL1500_.jpg,135.00
Nautica Men's NAPPRH011 PRH Porthole Analog Display Japanese Quartz Black Watch,Rated 4.2/5 from 22 Amazon shopper reviews.,https://m.media-amazon.com/images/I/91RMQ6tJBqL._AC_UL1500_.jpg,134.99
Seiko Men's SNK607 Seiko 5 Automatic Black Dial Stainless-Steel Bracelet Watch,Rated 4/5 from 104 Amazon shopper reviews.,https://m.media-amazon.com/images/I/81BooF++pSL._AC_UL1500_.jpg,134.99
kate spade new york Women's 1YRU0107 Black Dot Metro Watch With Black Leather Band,Rated 3.3/5 from 37 Amazon shopper reviews.,https://m.media-amazon.com/images/I/81w7M4Cv4aL._AC_UL1500_.jpg,134.95
Michael Kors Blair Chronograph Stainless Steel Watch with Glitz Accents,Rated 4.6/5 from 630 Amazon shopper reviews.,https://m.media-amazon.com/images/I/91VbO-W0UuL._AC_UL1500_.jpg,134.95
Michael Kors Women's Parker Two-Tone Stainless Steel Watch MK6301,Rated 4.3/5 from 38 Amazon shopper reviews.,https://m.media-amazon.com/images/I/81YFb0+xYeL._AC_UL1500_.jpg,134.94
Michael Kors Women's Mindy Three-Hand Silver-Tone Alloy Watch MK7077,Rated 4.9/5 from 37 Amazon shopper reviews.,https://m.media-amazon.com/images/I/51KZpkInZ0L._AC_UL1000_.jpg,134.90
"Michael Kors Darci 3 Hand Watch with Glitz Accents, 39MM","Rated 4.6/5 from 7,203 Amazon shopper reviews.",https://m.media-amazon.com/images/I/61uXfCrSuSL._AC_UL1500_.jpg,134.71
"Tommy Hilfiger Men's Two Tone Stainless Steel Quartz Watch Strap, 22 (Model: 1791944)",Rated 4.3/5 from 11 Amazon shopper reviews.,https://m.media-amazon.com/images/I/81-RXpOlytL._AC_UL1500_.jpg,134.55
Calvin Klein One Piece Swimsuit 4 Way Stretch Pleated Front Maillot Gold Logo O-Ring Swimwear Black 14,Rated 5/5 from 1 Amazon shopper reviews.,https://m.media-amazon.com/images/I/51vhpxAXwgL._AC_UL1100_.jpg,134.52
Michael Kors Women's Mindy Three-Hand Gold-Tone Alloy Watch MK7078,Rated 4.6/5 from 69 Amazon shopper reviews.,https://m.media-amazon.com/images/I/61bogyIIlWL._AC_UL1000_.jpg,134.49
Michael Kors MK2113 CONDADO Cat Eye Sunglasses For Women + BUNDLE with Designer iWear Complimentary Eyewear Care Kit Care Kit,Rated 4.4/5 from 29 Amazon shopper reviews.,https://m.media-amazon.com/images/I/41Yum6uSYEL._AC_UL1010_.jpg,134.00
COACH Sunglasses HC 7122 93806G Matte Black,Rated 4.3/5 from 11 Amazon shopper reviews.,https://m.media-amazon.com/images/I/51VzE9gHPEL._AC_UL1500_.jpg,134.00
"Citizen Women's Classic Eco-Drive Watch, Stainless Steel",Rated 4.4/5 from 71 Amazon shopper reviews.,https://m.media-amazon.com/images/I/71hx38M3y+L._AC_UL1500_.jpg,134.00
Kate Spade New York Women's Annjanette Rectangular Sunglasses,Rated 4.5/5 from 27 Amazon shopper reviews.,https://m.media-amazon.com/images/I/61GiLe6-aSL._AC_UL1500_.jpg,134.00
Fossil Men's FS4918 Grant Chronograph Stainless Steel Watch with Tan Leather Band,Rated 3.8/5 from 22 Amazon shopper reviews.,https://m.media-amazon.com/images/I/8133lMDGNaL._AC_UL1500_.jpg,134.00
Nautica N21561M NST 02 Mid Classic Two-Tone Enamel Bezel Stainless Steel Watch,Rated 3.4/5 from 7 Amazon shopper reviews.,https://m.media-amazon.com/images/I/81v9AaPrx0L._AC_UL1500_.jpg,133.99
"Dolce&Gabbana Woman Sunglasses Havana Frame, Demo Lens Lenses, 53MM",Rated 3.6/5 from 12 Amazon shopper reviews.,https://m.media-amazon.com/images/I/61s4FPlEVIL._AC_UL1500_.jpg,133.90
Ray-Ban Rb8061 Titanium Octagonal Sunglasses,Rated 3.2/5 from 23 Amazon shopper reviews.,https://m.media-amazon.com/images/I/512PynyaHcL._AC_UL1500_.jpg,133.77
"Ray-Ban Unisex Sunglasses Gold Frame, Green Classic G-15 Lenses, 54MM",Rated 4.1/5 from 7 Amazon shopper reviews.,https://m.media-amazon.com/images/I/51lX1Q3NneL._AC_UL1500_.jpg,133.70
Ray-Ban Rb3547 Oval Evolve Photochromic Sunglasses,Rated 3.7/5 from 19 Amazon shopper reviews.,https://m.media-amazon.com/images/I/51hsgOlRbvL._AC_UL1500_.jpg,133.70
Tory Burch TY7161U Women's Sunglasses Dark Tortoise/Dark Brown Gradient 56,Rated 4.7/5 from 5 Amazon shopper reviews.,https://m.media-amazon.com/images/I/41cuzpBrzRL._AC_UL1200_.jpg,133.39
Michael Kors Mini Bradshaw Stainless Steel 36mm Chronograph Watch,"Rated 4.7/5 from 1,643 Amazon shopper reviews.",https://m.media-amazon.com/images/I/713qLmKYssL._AC_UL1500_.jpg,133.00
Citizen Watches Men's CA0621-05L Eco-Drive,Rated 4.6/5 from 529 Amazon shopper reviews.,https://m.media-amazon.com/images/I/81c6RQWXpDS._AC_UL1500_.jpg,133.00
Michael Kors Women's Lauryn Three Hand Quartz Movement Watch,Rated 4.6/5 from 589 Amazon shopper reviews.,https://m.media-amazon.com/images/I/51fo8-VRwkL._AC_UL1000_.jpg,132.98
Ray Ban Sunglasses RB4147 609585 Top Black On Brown Square 60mm Authentic,Rated 5/5 from 5 Amazon shopper reviews.,https://m.media-amazon.com/images/I/71RPb+yE1qL._AC_UL1500_.jpg,132.80
"Ray-Ban Mens Sunglasses (RB4274) Plastic,Nylon",Rated 4.3/5 from 163 Amazon shopper reviews.,https://m.media-amazon.com/images/I/61H93FNLMPL._AC_UL1500_.jpg,132.80
Ray-Ban Rb4258f Low Bridge Fit Square Sunglasses,Rated 4.3/5 from 559 Amazon shopper reviews.,https://m.media-amazon.com/images/I/51lP6l2FmIL._AC_UL1500_.jpg,132.80
Ray-Ban Men's Rb3445 Rectangular Sunglasses,Rated 4.4/5 from 182 Amazon shopper reviews.,https://m.media-amazon.com/images/I/51602ynnBTL._AC_UL1500_.jpg,132.80
Ray-Ban Men's Rb3593 Square Sunglasses,Rated 4.2/5 from 32 Amazon shopper reviews.,https://m.media-amazon.com/images/I/5111x-HKijL._AC_UL1500_.jpg,132.30
DKNY Women's Minetta Stainless Steel Dress Quartz Watch,Rated 4.1/5 from 62 Amazon shopper reviews.,https://m.media-amazon.com/images/I/71WXziiOOdL._AC_UL1500_.jpg,132.21
Ray-Ban RB4171 Erika Round Sunglasses,Rated 4.6/5 from 217 Amazon shopper reviews.,https://m.media-amazon.com/images/I/51WsIbpxTDL._AC_UL1500_.jpg,132.00
Kate SpadeKaralyn/S Square Sunglasses for Women + BUNDLE with Designer iWear Complimentary Eyewear Care Kit,Rated 4.3/5 from 23 Amazon shopper reviews.,https://m.media-amazon.com/images/I/61ZsmHchPBL._AC_UL1500_.jpg,132.00
Kenneth Cole New York Women's 10021763 Stainless Steel Bracelet Watch,Rated 4.7/5 from 7 Amazon shopper reviews.,https://m.media-amazon.com/images/I/81g2vcznUHL._AC_UL1500_.jpg,132.00
Michael Kors MK3219 Women's Watch,Rated 4.4/5 from 28 Amazon shopper reviews.,https://m.media-amazon.com/images/I/71esNoZ82PL._AC_UL1200_.jpg,132.00
Ray-Ban RB3716 Clubmaster Metal Square Sunglasses,"Rated 4.6/5 from 1,374 Amazon shopper reviews.",https://m.media-amazon.com/images/I/41oDbU7hQfL._AC_UL1500_.jpg,132.00
Kate Spade Marilee/P/S Rectangle Sunglasses for Women + BUNDLE with Designer iWear Complimentary Eyewear Care Kit,Rated 2/5 from 1 Amazon shopper reviews.,https://m.media-amazon.com/images/I/612rMpV666S._AC_UL1500_.jpg,132.00
"Tommy Hilfiger Men's Quartz Watch with Stainless Steel Strap, Silver, 21 (Model: 1791973)",Rated 3.6/5 from 8 Amazon shopper reviews.,https://m.media-amazon.com/images/I/81TWkhyvSjL._AC_UL1500_.jpg,132.00
Armani Exchange Men's AX1903 Analog Display Analog Quartz Brown Watch,Rated 2.6/5 from 6 Amazon shopper reviews.,https://m.media-amazon.com/images/I/81n+rgVeNQL._AC_UL1500_.jpg,132.00
Guess Frontier Quartz Crystal Silver Dial Men's Watch W0799G1,Rated 4.5/5 from 177 Amazon shopper reviews.,https://m.media-amazon.com/images/I/91IpgU3T2-L._AC_UL1500_.jpg,131.92
Tommy Hilfiger Men's Th1651/S Rectangular Sunglasses,Rated 4.1/5 from 10 Amazon shopper reviews.,https://m.media-amazon.com/images/I/61eNBt1g6OL._AC_UL1500_.jpg,131.91
"Ray-Ban Men,Women RB3747 50 Sunglasses 50mm",Rated 4.5/5 from 31 Amazon shopper reviews.,https://m.media-amazon.com/images/I/61iiIS9qDvL._AC_UL1500_.jpg,131.60
"Tommy Hilfiger Men's Quartz Stainless Steel and Mesh Bracelet Casual Watch, Color: Black (Model: 1791870)",Rated 4.3/5 from 19 Amazon shopper reviews.,https://m.media-amazon.com/images/I/81CFq29juUL._AC_UL1500_.jpg,131.46
"Ray-Ban RB2140 Sunglasses: Color - 901, Size 50-22-150",Rated 4.4/5 from 9 Amazon shopper reviews.,https://m.media-amazon.com/images/I/51M1jpWhfxL._AC_UL1500_.jpg,131.43
Bulova Jewelry Men's Latin GRAMMY Black Leather Leather Bracelet with Stainless Steel Tuning Fork Clasp,Rated 4.6/5 from 13 Amazon shopper reviews.,https://m.media-amazon.com/images/I/61sEvlXxN2L._AC_UL1500_.jpg,131.25
GUESS 45MM Stainless Steel Watch,"Rated 4.6/5 from 1,356 Amazon shopper reviews.",https://m.media-amazon.com/images/I/916XEtQwUzL._AC_UL1500_.jpg,131.25
"Tommy Hilfiger Women's Quartz Multifunction Stainless Steel and Link Bracelet Watch, Color: Two Tone (Model: 1782387)",Rated 4.2/5 from 56 Amazon shopper reviews.,https://m.media-amazon.com/images/I/71MUvVpAkQS._AC_UL1500_.jpg,131.25
Skagen Women's Ryle Three-Hand Black-Tone Stainless Steel Mesh Watch (Model: SKW2999),Rated 4.8/5 from 16 Amazon shopper reviews.,https://m.media-amazon.com/images/I/71cCvDh1XFL._AC_UL1500_.jpg,131.25
GUESS Ladies Sport Multifunction Glitz with Crystals 36mm Watch – Pink Dial Rose Gold-Tone Stainless Steel Case & Bracelet,Rated 4.1/5 from 21 Amazon shopper reviews.,https://m.media-amazon.com/images/I/81QT3i47WSL._AC_UL1500_.jpg,131.25
COACH HC7078-92936H Sunglasses L1012 Shiny Light Gold w/Gold Mirror 56mm,Rated 4.5/5 from 4 Amazon shopper reviews.,https://m.media-amazon.com/images/I/51sl6hRvToL._AC_UL1500_.jpg,131.00
Fossil Women's ES4260 Tailor Analog Display Quartz Blue Watch,Rated 4.1/5 from 47 Amazon shopper reviews.,https://m.media-amazon.com/images/I/71Mn6oc31pL._AC_UL1500_.jpg,131.00
Ray-Ban Rb3847n Oval Double Bridge Sunglasses,Rated 4.4/5 from 157 Amazon shopper reviews.,https://m.media-amazon.com/images/I/61IW-h0c8KL._AC_UL1500_.jpg,130.90
"Citizen Men's Eco-Drive Weekender Garrison Field Watch in Black IP Stainless Steel with Brown Leather strap, Navy Dial (Model: BM8478-01L)",Rated 4.5/5 from 229 Amazon shopper reviews.,https://m.media-amazon.com/images/I/81fbhxtD4hL._AC_UL1500_.jpg,130.90
Women's Gold Tone Seiko 5 Automatic Dress Watch,Rated 4.4/5 from 90 Amazon shopper reviews.,https://m.media-amazon.com/images/I/71ycC7dipiL._AC_UL1500_.jpg,130.90
Ray-Ban Rb2189 Benji Rectangular Sunglasses,Rated 4.2/5 from 68 Amazon shopper reviews.,https://m.media-amazon.com/images/I/61Avz6nWEfL._AC_UL1500_.jpg,130.90
Michael Kors Men's Blake Quartz Watch,Rated 4.6/5 from 462 Amazon shopper reviews.,https://m.media-amazon.com/images/I/81sp2bsrweL._AC_UL1500_.jpg,130.50
"Ray-Ban RB4105 Folding Wayfarer Unisex Sunglasses (Black Frame/Crystal Green Lens 601, 50)",Rated 4.2/5 from 10 Amazon shopper reviews.,https://m.media-amazon.com/images/I/41HGbEjX30L._AC_UL1098_.jpg,130.50
"Ray-Ban RB4105 Folding Wayfarer Square Sunglasses, Black/G-15 Green, 50 mm",Rated 4.6/5 from 836 Amazon shopper reviews.,https://m.media-amazon.com/images/I/516nO3r4JvL._AC_UL1500_.jpg,130.40
Ray-Ban RB3025 Classic Aviator Sunglasses,"Rated 4.6/5 from 19,890 Amazon shopper reviews.",https://m.media-amazon.com/images/I/51goCc6WB9L._AC_UL1500_.jpg,130.40
"Oakley Woman Sunglasses Matte Black Frame, Prizm Grey Lenses, 56MM",Rated 4.9/5 from 12 Amazon shopper reviews.,https://m.media-amazon.com/images/I/511HCF4rMsL._AC_UL1500_.jpg,130.40
Ray-Ban Rb2194 John Square Sunglasses,Rated 3.9/5 from 91 Amazon shopper reviews.,https://m.media-amazon.com/images/I/51BMp8qps2L._AC_UL1500_.jpg,130.40
Ray-Ban RB3016 Clubmaster Sunglasses/Eyewear Tortoise Size 49mm,Rated 4/5 from 20 Amazon shopper reviews.,https://m.media-amazon.com/images/I/51FOrBEpHeL._AC_UL1000_.jpg,130.40
Ray-Ban Men's Rb3498 Rectangular Sunglasses,"Rated 4.5/5 from 1,760 Amazon shopper reviews.",https://m.media-amazon.com/images/I/418NaNbn--L._AC_UL1500_.jpg,130.40
Ray Ban Sunglasses Aviator Gold Unisex RB3025 L0205,Rated 3.4/5 from 20 Amazon shopper reviews.,https://m.media-amazon.com/images/I/71IeV0KYl2L._AC_UL1500_.jpg,130.40
Ray-Ban RB4105 Folding Wayfarer Square Sunglasses,Rated 4.5/5 from 223 Amazon shopper reviews.,https://m.media-amazon.com/images/I/41W0sZ-cfwL._AC_UL1500_.jpg,130.40
Ray-Ban RB3498-002/71 Sunglasses,Rated 4.2/5 from 65 Amazon shopper reviews.,https://m.media-amazon.com/images/I/616I7-MM0cL._AC_UL1500_.jpg,130.40
Ray Ban RB3119 Olympian 001 Gold Sunglasses 62mm,Rated 4.7/5 from 33 Amazon shopper reviews.,https://m.media-amazon.com/images/I/6134O+-wNkL._AC_UL1280_.jpg,130.40
Ray-Ban Rb3447 Round Metal Sunglasses,"Rated 4.5/5 from 7,187 Amazon shopper reviews.",https://m.media-amazon.com/images/I/41giC3oiJZL._AC_UL1500_.jpg,130.06
SEIKO Men's SGEF47 Le Grand Sport Watch,Rated 2.8/5 from 4 Amazon shopper reviews.,https://m.media-amazon.com/images/I/71P+cNYGaGL._AC_UL1491_.jpg,130.00
"Calvin Klein Women's Quartz Two Tone Gold Plated Stainless Steel and Leather Strap Watch, Color: Black (Model: 25200093)",Rated 5/5 from 3 Amazon shopper reviews.,https://m.media-amazon.com/images/I/61e3+HLOPjL._AC_UL1500_.jpg,130.00
Tory Burch TY7143U Square Sunglasses for Women + BUNDLE with Designer iWear Complimentary Eyewear Care Kit,Rated 4.4/5 from 130 Amazon shopper reviews.,https://m.media-amazon.com/images/I/51QVi9GAl+L._AC_UL1200_.jpg,130.00
Tory Burch TY9070U Irregular Sunglasses for Women + BUNDLE With Designer iWear Complimentary Eyewear Kit,Rated 4.7/5 from 26 Amazon shopper reviews.,https://m.media-amazon.com/images/I/41hPOVLOyOL._AC_UL1200_.jpg,130.00
Bulova Women's 96L253 Swarovski Crystal Analog Display Quartz Silver Watch,Rated 4.6/5 from 102 Amazon shopper reviews.,https://m.media-amazon.com/images/I/81VF9JxzZnL._AC_UL1500_.jpg,130.00
Oakley Men's Oo9442 Radar Ev Advancer Rectangular Sunglasses,Rated 4.7/5 from 555 Amazon shopper reviews.,https://m.media-amazon.com/images/I/51ZJuGYjBFL._AC_UL1500_.jpg,130.00
"Fossil Women's Gabby Quartz Stainless Steel and Stainless Steel Three-Hand Date Watch, Color: Silver, Silver (Model: ES5114)",Rated 4.7/5 from 6 Amazon shopper reviews.,https://m.media-amazon.com/images/I/71pcCmZwQTL._AC_UL1500_.jpg,130.00
Michael Kors Mini Parker Stainless Steel Multifunction Watch,Rated 4.5/5 from 397 Amazon shopper reviews.,https://m.media-amazon.com/images/I/81K+9HFwj8L._AC_UL1500_.jpg,130.00
"Calvin Klein Women's Quartz Stainless Steel and Mesh Bracelet Watch, Color: Silver (Model: 25200001)",Rated 4.5/5 from 15 Amazon shopper reviews.,https://m.media-amazon.com/images/I/71cTd8arf3L._AC_UL1500_.jpg,130.00
Tory Burch TY6070 Pilot Sunglasses For Women + BUNDLE with Designer iWear Complimentary Eyewear Care Kit,Rated 4.4/5 from 51 Amazon shopper reviews.,https://m.media-amazon.com/images/I/418mykcg0DL._AC_UL1010_.jpg,130.00
COACH Sunglasses HC 7094 90018G Silver,Rated 4.2/5 from 19 Amazon shopper reviews.,https://m.media-amazon.com/images/I/61462URzWTL._AC_UL1500_.jpg,129.99
Sieko Women's SYMD94 Two Tone Stainless Steel Analog with Black Dial Watch,Rated 3.8/5 from 5 Amazon shopper reviews.,https://m.media-amazon.com/images/I/71H+MyhWqML._AC_UL1468_.jpg,129.99
Oakley Holbrook Sunglasses (Matte Black Frame/Positive Red Iridium Lens) with USA Flag Lens Cleaning Kit,Rated 4.5/5 from 106 Amazon shopper reviews.,https://m.media-amazon.com/images/I/510tmlNX5cL._AC_UL1158_.jpg,129.99
Michael Kors Women's Cinthia Blue Watch MK2661,Rated 3.9/5 from 3 Amazon shopper reviews.,https://m.media-amazon.com/images/I/81WakVwqbyL._AC_UL1500_.jpg,129.99
Oakley Women's Oo9406 Sutro Kokoro Collection Rectangular Sunglasses,Rated 4.5/5 from 59 Amazon shopper reviews.,https://m.media-amazon.com/images/I/51w7yxBy-MS._AC_UL1500_.jpg,129.99
Kenneth Cole New York Men's KC9313 Classic Viena Analog Display Japanese Quartz Black Watch,Rated 3.9/5 from 10 Amazon shopper reviews.,https://m.media-amazon.com/images/I/91gFImVB6VL._AC_UL1500_.jpg,129.99
Kenneth Cole New York Women's KC4966 Transparency Analog Display Japanese Quartz Black Watch,Rated 3.3/5 from 2 Amazon shopper reviews.,https://m.media-amazon.com/images/I/71QItbbz6VL._AC_UL1477_.jpg,129.99
Seiko Blue Dial Stainless Steel Men's Watch SUR207,Rated 4.2/5 from 22 Amazon shopper reviews.,https://m.media-amazon.com/images/I/71FI19A+VBL._AC_UL1470_.jpg,129.99
AX1401 Armani Exchange Black Silicone Chronograph Mens Watch,Rated 4/5 from 6 Amazon shopper reviews.,https://m.media-amazon.com/images/I/51fDygf+IOL._AC_.jpg,129.99
"Oakley Holbrook Sunglasses (Matte Black Prizmatic Frame, Prizm Sapphire Polarized Lens) with Country Flag Microbag, Casual",Rated 4.8/5 from 188 Amazon shopper reviews.,https://m.media-amazon.com/images/I/61b65MsgrjL._AC_UL1500_.jpg,129.99
"Oakley Batwolf Sunglasses (Polished Black Frame, Prizm Sapphire Lens) with Lens Cleaning Kit and Country Flag Microbag",Rated 4.7/5 from 162 Amazon shopper reviews.,https://m.media-amazon.com/images/I/61HZ2nqU2fL._AC_UL1500_.jpg,129.99
Bulova Women's 97P108 Diamond Gallery Rose Gold-Tone Stainless Steel Watch,Rated 4/5 from 11 Amazon shopper reviews.,https://m.media-amazon.com/images/I/81IMXq6v4NL._AC_UL1500_.jpg,129.99
Peyton Signature Slim Zip Wallet F49964 Khaki/Violet,Rated 5/5 from 2 Amazon shopper reviews.,https://m.media-amazon.com/images/I/81XjRCoeoWL._AC_UL1500_.jpg,129.99
AX ARMANI EXCHANGE Men's AX2500 Silver Watch,Rated 4.6/5 from 133 Amazon shopper reviews.,https://m.media-amazon.com/images/I/91S9UOhl27L._AC_UL1500_.jpg,129.99
GUESS Women's U0565L4 Gold-Tone Multi-Function Watch with Iconic Blue Moonphase Dial,Rated 4.2/5 from 9 Amazon shopper reviews.,https://m.media-amazon.com/images/I/81q29jLI6QL._AC_UL1500_.jpg,129.98
Oakley Men's Oo9331 Straightlink Rectangular Sunglasses,Rated 4.5/5 from 795 Amazon shopper reviews.,https://m.media-amazon.com/images/I/61SUSxDcH8L._AC_UL1500_.jpg,129.95
"Kenneth Cole New York Women's Quartz Stainless Steel Case Stainless Steel Bracelet Silver,(Model:KC4971)",Rated 4.7/5 from 19 Amazon shopper reviews.,https://m.media-amazon.com/images/I/81CHp6Dv9vL._AC_UL1500_.jpg,129.95
Michael Kors Women's Abela II Black/White Sunglasses+ BUNDLE with Designer iWear Complimentary Eyewear Care Kit,Rated 4.5/5 from 80 Amazon shopper reviews.,https://m.media-amazon.com/images/I/61mHl27VdcL._AC_UL1500_.jpg,129.95
COACH Signature Medium Corner Zip Wallet (IM/Black Cherry),"Rated 4.7/5 from 1,374 Amazon shopper reviews.",https://m.media-amazon.com/images/I/51gQscVQZHL._AC_SL1500_.jpg,129.90
Michael Kors Women's MK4335 Sofie Analog Display Quartz Rose Gold Watch,Rated 4.5/5 from 153 Amazon shopper reviews.,https://m.media-amazon.com/images/I/51RUPfnlBFL._AC_UL1000_.jpg,129.85
Michael Kors Wide Crystal Path Bangle Bracelet,Rated 5/5 from 1 Amazon shopper reviews.,https://m.media-amazon.com/images/I/71BoDgc5ReL._AC_UL1500_.jpg,129.77
Ted Baker MIMOSAA Men's Blue T Pattern Leather Strap Watch (Model: BKPMMF910),Rated 2.1/5 from 2 Amazon shopper reviews.,https://m.media-amazon.com/images/I/81J-w1W-eCS._AC_UL1500_.jpg,129.66
Oakley Men's Oo9372 Flak Beta Low Bridge Fit Rectangular Sunglasses,Rated 4.2/5 from 182 Amazon shopper reviews.,https://m.media-amazon.com/images/I/51sIGyHVj9L._AC_UL1500_.jpg,129.60
Oakley Men's Oo9244 Holbrook Low Bridge Fit Rectangular Sunglasses,Rated 4.5/5 from 718 Amazon shopper reviews.,https://m.media-amazon.com/images/I/51VV9zMbgfL._AC_UL1500_.jpg,129.60
Anne Klein Women's Premium Crystal Accented Watch and Bracelet Set,"Rated 4.5/5 from 1,224 Amazon shopper reviews.",https://m.media-amazon.com/images/I/815aR4Pdl8L._AC_UL1500_.jpg,129.52
Lacoste Men's L927s Aviator Sunglasses,Rated 4.1/5 from 40 Amazon shopper reviews.,https://m.media-amazon.com/images/I/61wykiQdnyL._AC_UL1500_.jpg,129.41
Kate Spade Staci Large Continental Saffiano Leather Wallet,Rated 4.7/5 from 24 Amazon shopper reviews.,https://m.media-amazon.com/images/I/6112Q-bJ9xL._AC_UL1500_.jpg,129.00
Seiko 5 SNKL15 Men's Stainless Steel Silver Dial Self Winding Automatic Watch,Rated 4.3/5 from 83 Amazon shopper reviews.,https://m.media-amazon.com/images/I/61C7Wul8r6L._AC_UL1000_.jpg,129.00
COACH Small Wallet In Colorblock Signature Canvas,Rated 5/5 from 1 Amazon shopper reviews.,https://m.media-amazon.com/images/I/51HzTLdu4vL._AC_SL1080_.jpg,129.00
Seiko SNKL55 Mens Stainless Steel Case and Bracelet Automatic Black Tone Dial Watch,Rated 3.8/5 from 12 Amazon shopper reviews.,https://m.media-amazon.com/images/I/818PLDE1tYL._AC_UL1500_.jpg,129.00
NauticalMart Armor Dark Drake Tasset Belt Armour Black,Rated 2.5/5 from 2 Amazon shopper reviews.,https://m.media-amazon.com/images/I/71Vew+mSwkL._AC_UL1000_.jpg,129.00
Patricia Nash Lauria Zip-Around Leather Wallet with RFID Technology - British Tan Tooled,Rated 5/5 from 1 Amazon shopper reviews.,https://m.media-amazon.com/images/I/51mMnGi7V+L._AC_.jpg,129.00
Ray-Ban RB2016 DADDY-O Sunglasses For Men For Women + BUNDLE with Designer iWear Complimentary Eyewear Care Kit,Rated 4.3/5 from 46 Amazon shopper reviews.,https://m.media-amazon.com/images/I/41Bzg7hmk2L._AC_UL1000_.jpg,129.00
"Ray-Ban Unisex Sunglasses Gold Frame, Photochromic Yellow Gradient Green Lenses, 55MM",Rated 3.7/5 from 13 Amazon shopper reviews.,https://m.media-amazon.com/images/I/51if46vQGZL._AC_UL1500_.jpg,129.00
Seiko 5 Men's SNKA07 Automatic Black Dial Stainless Steel Watch,Rated 4/5 from 130 Amazon shopper reviews.,https://m.media-amazon.com/images/I/71c8iTo4ryL._AC_UL1500_.jpg,129.00
Tory Burch TY7159U Women's Sunglasses Black/Grey Solid 52,Rated 4.1/5 from 9 Amazon shopper reviews.,https://m.media-amazon.com/images/I/41iPinWYk8L._AC_UL1200_.jpg,129.00
Michael Kors Women's Ritz Chronograph Gold Tone Stainless Steel Watch MK6597,Rated 4.5/5 from 151 Amazon shopper reviews.,https://m.media-amazon.com/images/I/91iIWEqy1fL._AC_UL1500_.jpg,128.91
"Ray-Ban Unisex Sunglasses Black Frame, Green Classic G-15 Lenses, 55MM",Rated 2.6/5 from 6 Amazon shopper reviews.,https://m.media-amazon.com/images/I/518A2PgMijS._AC_UL1500_.jpg,128.80
"Fossil Men's Minimalist Quartz Stainless Steel Chronograph Watch, Color: Black (Model: FS5848)",Rated 4.2/5 from 68 Amazon shopper reviews.,https://m.media-amazon.com/images/I/71EdkUYCICL._AC_UL1500_.jpg,128.77
Ray-Ban Rb3614n Round Sunglasses,Rated 4.4/5 from 82 Amazon shopper reviews.,https://m.media-amazon.com/images/I/51qVyF75ulL._AC_UL1500_.jpg,128.41
Tory Burch TY7155U Women's Sunglasses Pink Pearl Tortoise/Rose Brown Gradient 56,Rated 4.5/5 from 31 Amazon shopper reviews.,https://m.media-amazon.com/images/I/61bcG0JRaqL._AC_UL1500_.jpg,128.10
"Dolce&Gabbana Woman Sunglasses Black Frame, Demo Lens Lenses, 53MM",Rated 3.7/5 from 49 Amazon shopper reviews.,https://m.media-amazon.com/images/I/61PZVd0+I-L._AC_UL1500_.jpg,128.00
Tory Burch Women's Kira Pave Pearl Drop Earrings,Rated 4.6/5 from 52 Amazon shopper reviews.,https://m.media-amazon.com/images/I/81by4Eo4abL._AC_UL1500_.jpg,128.00
"Tory Burch TY7106 Sunglasses 16528F-57 - Blue Moonstone Frame, Blue Gradient TY7106-16528F-57",Rated 3.1/5 from 3 Amazon shopper reviews.,https://m.media-amazon.com/images/I/61u0R2Gn76L._AC_UL1500_.jpg,128.00
Michael Kors Women's Norie Gold-Tone Watch MK3560,Rated 4.8/5 from 17 Amazon shopper reviews.,https://m.media-amazon.com/images/I/9182HlyTJIL._AC_UL1500_.jpg,128.00
Frye Women's Melissa Medium Wallet,Rated 3.7/5 from 13 Amazon shopper reviews.,https://m.media-amazon.com/images/I/51IoolPJk+L._AC_UL1500_.jpg,128.00
COACH HC7079 Aviator Sunglasses for Women + BUNDLE with Designer iWear Complimentary Eyewear Care Kit,Rated 4.6/5 from 149 Amazon shopper reviews.,https://m.media-amazon.com/images/I/41AKj-cdMVL._AC_UL1010_.jpg,128.00
COACH HC7115 Pilot Sunglasses for Women + BUNDLE with Designer iWear Complimentary Eyewear Kit,Rated 4.4/5 from 21 Amazon shopper reviews.,https://m.media-amazon.com/images/I/31GSbQEddtS._AC_UL1200_.jpg,128.00
Michael Kors MK3220 Women's Watch,Rated 4.2/5 from 88 Amazon shopper reviews.,https://m.media-amazon.com/images/I/719Q+JWiM9L._AC_UL1500_.jpg,128.00
COACH HC8298U Rectangle Sunglasses for Women + BUNDLE with Designer iWear Complimentary Eyewear Care Kit,Rated 4.3/5 from 21 Amazon shopper reviews.,https://m.media-amazon.com/images/I/41kVuj4NvZS._AC_UL1200_.jpg,128.00
"Dooney & Bourke Wallet, Gretta Small Flap Credit Card Wallet",Rated 5/5 from 4 Amazon shopper reviews.,https://m.media-amazon.com/images/I/61iynYRFNzL._AC_UL1500_.jpg,128.00
Michael Kors Women's Blair Rose Gold-Tone Watch MK5613,Rated 4.4/5 from 377 Amazon shopper reviews.,https://m.media-amazon.com/images/I/81d-STgGJgL._AC_UL1500_.jpg,128.00
COACH HC7128 Pilot Sunglasses for Women + BUNDLE With Designer iWear Complimentary Eyewear Kit,Rated 3.5/5 from 6 Amazon shopper reviews.,https://m.media-amazon.com/images/I/41ph-pkdtLL._AC_UL1200_.jpg,128.00
"Caravelle by Bulova Sport Chronograph Mens Watch, Stainless Steel Sport , Silver-Tone (Model: 43A147)",Rated 4.8/5 from 18 Amazon shopper reviews.,https://m.media-amazon.com/images/I/91SdKdw2CyL._AC_UL1500_.jpg,127.73
Oakley Men's Oo6038 Gauge 6 Titanium Square Sunglasses,Rated 4.2/5 from 102 Amazon shopper reviews.,https://m.media-amazon.com/images/I/41gIPdL6j1L._AC_UL1500_.jpg,127.50
"Caravelle by Bulova Ladies' Modern Quartz Gold-Tone Stainless Steel Watch, Crystal Accents Style: 44L253",Rated 5/5 from 3 Amazon shopper reviews.,https://m.media-amazon.com/images/I/61IQx-Bd8qL._AC_UL1500_.jpg,127.50
Fossil Everett Men's Watch with Stainless Steel or Leather Band,Rated 4.5/5 from 381 Amazon shopper reviews.,https://m.media-amazon.com/images/I/81zhFy+3LtL._AC_UL1500_.jpg,127.50
"Caravelle by Bulova Retro Quartz Mens Watch, Stainless Steel , Silver-Tone (Model: 43C120)",Rated 3.4/5 from 14 Amazon shopper reviews.,https://m.media-amazon.com/images/I/71oKZ9OI08S._AC_UL1500_.jpg,127.50
Oakley Men's Oo9479 Manorburn Square Sunglasses,Rated 4.6/5 from 86 Amazon shopper reviews.,https://m.media-amazon.com/images/I/51PN99WAycL._AC_UL1500_.jpg,127.31
SEIKO Women's SYMK38 5 Black/Gold Stainless Steel Watch,Rated 3.4/5 from 11 Amazon shopper reviews.,https://m.media-amazon.com/images/I/71-VLdz1LpL._AC_UL1500_.jpg,127.30
"Prada Sunglasses Black Frame, Transparent Lenses, 54MM",Rated 5/5 from 3 Amazon shopper reviews.,https://m.media-amazon.com/images/I/51-CGGcAMJL._AC_UL1500_.jpg,127.22
Michael Kors Women's Abbey Quartz Watch with Stainless Steel Strap,Rated 4.5/5 from 37 Amazon shopper reviews.,https://m.media-amazon.com/images/I/81iAX7m4PAL._AC_UL1500_.jpg,127.05
Lacoste Lacoste 12.12 White Quartz Watch 2030017,Rated 4.2/5 from 77 Amazon shopper reviews.,https://m.media-amazon.com/images/I/61I-8xODfFL._AC_UL1500_.jpg,127.00
"Kate Spade New York 'Leroy Street' Stacy Leather Continental Wallet, Black",Rated 5/5 from 3 Amazon shopper reviews.,https://m.media-amazon.com/images/I/51uU+J28PcL._AC_UL1001_.jpg,127.00
kate spade new york Cobble Hill Stacy Bifold Wallet,Rated 4.1/5 from 74 Amazon shopper reviews.,https://m.media-amazon.com/images/I/91x2TUWegTL._AC_UL1500_.jpg,127.00
Polo Ralph Lauren PH3112 Pilot Sunglasses For Men+ BUNDLE With Designer iWear Complimentary Eyewear Kit,Rated 4.6/5 from 20 Amazon shopper reviews.,https://m.media-amazon.com/images/I/41kMvmfZ+fL._AC_UL1200_.jpg,127.00
Fossil Men's FS5344 Grant Analog Display Quartz Brown Watch,Rated 4.3/5 from 18 Amazon shopper reviews.,https://m.media-amazon.com/images/I/8119kRlpLCL._AC_UL1500_.jpg,127.00
Calvin Klein womens Chiffon Sleeves Self Belt Jumpsuit,Rated 4.8/5 from 6 Amazon shopper reviews.,https://m.media-amazon.com/images/I/41LvHrnDvzL._AC_UL1200_.jpg,126.77
Ray-Ban Men's RB3604ch Chromance Square Sunglasses,Rated 4.5/5 from 62 Amazon shopper reviews.,https://m.media-amazon.com/images/I/51-7y-1iN1L._AC_UL1500_.jpg,126.50
NIXON Women's Quartz Watch A1081045-00 A1081045-00 with Leather Strap,Rated 3.8/5 from 31 Amazon shopper reviews.,https://m.media-amazon.com/images/I/71p-X6INtQL._AC_UL1500_.jpg,126.50
Michael Kors Watches Slim Runway Three Hand Stainless Steel Watch (Gold/White),Rated 2.9/5 from 10 Amazon shopper reviews.,https://m.media-amazon.com/images/I/51DSV4AFqcL._AC_UL1200_.jpg,126.29
"DKNY Women's DK539S Rectangular Sunglasses, Tortoise/Pearlized Blush, One Size",Rated 5/5 from 1 Amazon shopper reviews.,https://m.media-amazon.com/images/I/614wtRcnU9L._AC_UL1500_.jpg,126.14
Nautica Men's Battery Park Navy Genuine Leather Strap Watch (Model: NAPBPS010),Rated 3.6/5 from 3 Amazon shopper reviews.,https://m.media-amazon.com/images/I/81DQDEjwWTL._AC_UL1500_.jpg,126.00
"GUESS Men's Quartz Analog Watch with Silicone Strap W0971G3, Blue, 44MM, Strip",Rated 4.2/5 from 45 Amazon shopper reviews.,https://m.media-amazon.com/images/I/81GORBvGvML._AC_UL1500_.jpg,125.99
Ray Ban Erika Women's Wayfarer Sunglasses (Brown Frame Solid G15 Lens),Rated 4.3/5 from 23 Amazon shopper reviews.,https://m.media-amazon.com/images/I/41M87AjWkKL._AC_UL1000_.jpg,125.98
"Fossil Bronson Men's Watch with Stainless Steel Bracelet or Genuine Leather Band, Chronograph or Three-Hand Analog Display",Rated 4.4/5 from 821 Amazon shopper reviews.,https://m.media-amazon.com/images/I/715y5FHZRcL._AC_UL1500_.jpg,125.73
AX Armani Exchange Men's Quartz Watch with Stainless Steel Strap,Rated 4.4/5 from 23 Amazon shopper reviews.,https://m.media-amazon.com/images/I/51lXRl9TALL._AC_UL1000_.jpg,125.51
Michael Kors Women's Mini Pyper Two Hand Stainless Steel Watch,Rated 4.3/5 from 182 Amazon shopper reviews.,https://m.media-amazon.com/images/I/81OE5FQJFoL._AC_UL1500_.jpg,125.40
Tommy Hilfiger Men's 1791074 Silver Stainless-Steel Analog Quartz Watch,Rated 3.6/5 from 3 Amazon shopper reviews.,https://m.media-amazon.com/images/I/81+LCX2-yoL._AC_UL1500_.jpg,125.00
Coach Women's 14502417 Boyfriend Signature Fabric Leather Strap Glitz Watch,Rated 3.7/5 from 11 Amazon shopper reviews.,https://m.media-amazon.com/images/I/91zIbXbvU0L._AC_UL1500_.jpg,125.00
Michael Kors Women's Jayne Three-Hand Rose Gold-Tone Alloy Watch MK7124,Rated 4.2/5 from 21 Amazon shopper reviews.,https://m.media-amazon.com/images/I/51zEggg7JDL._AC_UL1000_.jpg,125.00
Guess Multi Functions Date Leather Band Mens Watch - U12515G1,Rated 5/5 from 1 Amazon shopper reviews.,https://m.media-amazon.com/images/I/61GZwpdYAhL._AC_UL1000_.jpg,125.00
Michael Kors Women's Mini Blair Rose Gold-Tone Watch MK6175,Rated 4.4/5 from 6 Amazon shopper reviews.,https://m.media-amazon.com/images/I/51jlmAIOKYL._AC_.jpg,125.00
"Tommy Hilfiger Women's Stainless Steel Case and Nylon Strap Watch, Color: Navy (Model: 1782511)",Rated 4.7/5 from 9 Amazon shopper reviews.,https://m.media-amazon.com/images/I/81QZyddwUkL._AC_UL1500_.jpg,125.00
NIXON Time Teller A045. 100m Water Resistant Watch (37mm Stainless Steel Watch Face),"Rated 4.6/5 from 5,090 Amazon shopper reviews.",https://m.media-amazon.com/images/I/81xa-TBGzWL._AC_UL1500_.jpg,125.00
The Beach Ball Bracelet from Cape Cod 925 Sterling Silver and 14k Solid Gold Ball,Rated 4.6/5 from 157 Amazon shopper reviews.,https://m.media-amazon.com/images/I/41zFCy2epaL._AC_UL1024_.jpg,125.00
Fossil Women's ES4291 Jacqueline Analog Display Quartz Blue Watch,Rated 4.7/5 from 54 Amazon shopper reviews.,https://m.media-amazon.com/images/I/71A3NsgA5PL._AC_UL1500_.jpg,125.00
Nixon Porter Leather A1058 50m Water Resistant Men’s Watch (20-18mm Leather Band and 40mm Watch Face),Rated 4.6/5 from 437 Amazon shopper reviews.,https://m.media-amazon.com/images/I/61TVFcjYOOL._AC_UL1282_.jpg,125.00
"NIXON Siren A1210-100m Water Resistant Women's Digital Sport Watch (38mm Watch Face, 18mm-16mm Pu/Rubber/Silicone Band)",Rated 4.3/5 from 139 Amazon shopper reviews.,https://m.media-amazon.com/images/I/51z7jEUWh5L._AC_UL1282_.jpg,125.00
"NIXON Siren A1311-100m Water Resistant Women's Digital Sport Watch (38mm Watch Face, 18mm-16mm Pu/Rubber/Silicone Band) - Made with #Tide Recycled Ocean Plastics",Rated 4.2/5 from 89 Amazon shopper reviews.,https://m.media-amazon.com/images/I/51O+vCfnMbL._AC_UL1282_.jpg,125.00
Kate Spade Sylvia Slim Continental Leather Wallet -,Rated 5/5 from 3 Amazon shopper reviews.,https://m.media-amazon.com/images/I/715-hoD+WFL._AC_UL1500_.jpg,125.00
Guess 39MM Diamond Dial Watch,Rated 4.5/5 from 221 Amazon shopper reviews.,https://m.media-amazon.com/images/I/91fqJnUb6WL._AC_UL1500_.jpg,125.00
Steve Madden Women's Bracelet Watch,Rated 4.5/5 from 11 Amazon shopper reviews.,https://m.media-amazon.com/images/I/71ntLxx+BYL._AC_UL1500_.jpg,125.00
SEIKO Men's SNKL29 Stainless Steel Analog with White Dial Watch,Rated 4.2/5 from 28 Amazon shopper reviews.,https://m.media-amazon.com/images/I/615P5oyW45L._AC_UL1044_.jpg,125.00
Guess 38MM Sport Watch,Rated 4.6/5 from 794 Amazon shopper reviews.,https://m.media-amazon.com/images/I/81AMVEe5esL._AC_UL1500_.jpg,125.00
"NIXON Staple A1309-100m Water Resistant Men's Digital Sport Watch (38mm Face, 22mm PU/Rubber/Silicone Band) - Made with #Tide Recycled Ocean Plastics",Rated 4.3/5 from 135 Amazon shopper reviews.,https://m.media-amazon.com/images/I/51Alj3W57CL._AC_UL1282_.jpg,125.00
Seiko SXD675 Women's Watch Premier Silver Dial,Rated 5/5 from 1 Amazon shopper reviews.,https://m.media-amazon.com/images/I/61LmSJASL0L._AC_UL1050_.jpg,125.00
COACH Color-Block Coated Canvas Signature Wyn Small Wallet,Rated 3.8/5 from 3 Amazon shopper reviews.,https://m.media-amazon.com/images/I/81hHWn4alPL._AC_UL1500_.jpg,125.00
Kenneth Cole New York Men's KC8063 Classic Analog Display Japanese Quartz Red Watch,Rated 4/5 from 8 Amazon shopper reviews.,https://m.media-amazon.com/images/I/91yQp9sNBjL._AC_UL1500_.jpg,125.00
NIXON Dork Too Men's Watch,Rated 4.2/5 from 315 Amazon shopper reviews.,https://m.media-amazon.com/images/I/71ZYiwxH3uL._AC_UL1282_.jpg,125.00
Tommy Hilfiger Preston Multifunction Men's watch #1790834,Rated 2.6/5 from 4 Amazon shopper reviews.,https://m.media-amazon.com/images/I/61zDteq6oZL._AC_UL1500_.jpg,125.00
Coach Women's 84061 Wool Cashmere Aran Legacy Knit Infinity Scarf,Rated 5/5 from 1 Amazon shopper reviews.,https://m.media-amazon.com/images/I/71ttcBI1G-L._AC_UL1500_.jpg,124.99
GUESS 36mm Stainless Steel Day-Date Watch with Coin Edge Bezel,Rated 4.4/5 from 20 Amazon shopper reviews.,https://m.media-amazon.com/images/I/61I-h9y-pgL._AC_UL1400_.jpg,124.99
Armani Exchange Men's AX2321 Gold Quartz Watch,Rated 4.6/5 from 256 Amazon shopper reviews.,https://m.media-amazon.com/images/I/814f22kPGVL._AC_UL1500_.jpg,124.99
Michael Kors Men's Gage Black Watch MK8442,Rated 4.6/5 from 61 Amazon shopper reviews.,https://m.media-amazon.com/images/I/91Lj+mJZu3L._AC_UL1500_.jpg,124.99
"Oakley Holbrook Sunglasses Matte Black/Warm Grey, One Size",Rated 4.6/5 from 324 Amazon shopper reviews.,https://m.media-amazon.com/images/I/4182aSj1C9L._AC_UL1200_.jpg,124.99
Kate Spade New York White Interchangeable Acetate 40mm Apple Watch Cover Bumper and White Acetate 38/40mm Band Set for Apple Watch compatiable with Series 5-7 (Model: KSS0118SET),Rated 1/5 from 3 Amazon shopper reviews.,https://m.media-amazon.com/images/I/51pBkocIhKL._AC_UL1500_.jpg,124.99
Michael Kors Runway Stainless Steel Watch,Rated 4.6/5 from 533 Amazon shopper reviews.,https://m.media-amazon.com/images/I/812iD+Vlx6L._AC_UL1500_.jpg,124.95
UGG Women's W Seamed Tech Glove,Rated 4.5/5 from 2 Amazon shopper reviews.,https://m.media-amazon.com/images/I/71FoiwH19jL._AC_SL1500_.jpg,124.95
Armani Exchange Mens Black Wellworn Watch,Rated 4.6/5 from 73 Amazon shopper reviews.,https://m.media-amazon.com/images/I/81+v0G7pOnL._AC_UL1500_.jpg,124.89
Ray-Ban Women's Rb1971 Square Sunglasses,"Rated 4.4/5 from 1,595 Amazon shopper reviews.",https://m.media-amazon.com/images/I/51jlvyc-YCL._AC_UL1500_.jpg,124.60
COACH Sunglasses HC 8303 B 512074 Dark Tortoise,Rated 3/5 from 2 Amazon shopper reviews.,https://m.media-amazon.com/images/I/61hpGp-HXbS._AC_UL1500_.jpg,124.50
Oakley Men's Oo9463 Sutro Lite Rectangular Sunglasses,Rated 4.7/5 from 904 Amazon shopper reviews.,https://m.media-amazon.com/images/I/515QwAPxFyS._AC_UL1500_.jpg,124.31
Oakley Men's Oo6047 Savitar Rectangular Sunglasses,Rated 4.3/5 from 65 Amazon shopper reviews.,https://m.media-amazon.com/images/I/61aFmZDXSKL._AC_UL1500_.jpg,124.02
COACH Sunglasses HC 8219 500211 Black,Rated 4.2/5 from 13 Amazon shopper reviews.,https://m.media-amazon.com/images/I/41z4SOqmB+L._AC_UL1100_.jpg,124.00
Michael Kors MK5007 HVAR Aviator Sunglasses For Women + BUNDLE with Designer iWear Complimentary Eyewear Care Kit,Rated 4.5/5 from 309 Amazon shopper reviews.,https://m.media-amazon.com/images/I/41YIEIjSghL._AC_UL1000_.jpg,124.00
Caravelle Classic Quartz Ladies Dress Watch,Rated 4.4/5 from 49 Amazon shopper reviews.,https://m.media-amazon.com/images/I/61YXPqVuaRL._AC_UL1500_.jpg,124.00
SEIKO Women's SXDG98 Analog Display Japanese Quartz Brown Watch,Rated 4.4/5 from 66 Amazon shopper reviews.,https://m.media-amazon.com/images/I/810tC-WhzcL._AC_UL1500_.jpg,124.00
Ray-Ban Rb4202 Andy Rectangular Sunglasses,Rated 4.4/5 from 642 Amazon shopper reviews.,https://m.media-amazon.com/images/I/61-Eadcx+5L._AC_UL1500_.jpg,124.00
Ray-Ban Rb3539 Erika Metal Round Sunglasses,"Rated 4.6/5 from 1,295 Amazon shopper reviews.",https://m.media-amazon.com/images/I/51WbLtYIerL._AC_UL1500_.jpg,124.00
kate spade new york Cameron Street Stacy Wallet,Rated 4.5/5 from 148 Amazon shopper reviews.,https://m.media-amazon.com/images/I/91mqdxjewUL._AC_UL1500_.jpg,124.00
SEIKO 5 Men's Stainless Steel Watch,"Rated 4.4/5 from 10,791 Amazon shopper reviews.",https://m.media-amazon.com/images/I/81EESWiGmyL._AC_UL1500_.jpg,124.00
Ray-Ban Chris RB 4187 Sunglasses Rubber Black / Grey Gradient 2-Pack (Quantity of 2 frames),Rated 5/5 from 1 Amazon shopper reviews.,https://m.media-amazon.com/images/I/51qatr0TF4L._AC_UL1000_.jpg,124.00
SEIKO Men's SNK615 Automatic Stainless Steel Watch,Rated 4.4/5 from 625 Amazon shopper reviews.,https://m.media-amazon.com/images/I/71EIMNE8REL._AC_UL1500_.jpg,124.00
Kate Spade New York Women's Cameron Street Adalyn BiFold Wallet,Rated 4.4/5 from 3 Amazon shopper reviews.,https://m.media-amazon.com/images/I/71hPSWdikVL._AC_UL1000_.jpg,124.00
Ray-Ban Men's Rb4222 Round Sunglasses,Rated 4.4/5 from 142 Amazon shopper reviews.,https://m.media-amazon.com/images/I/61iQ1MHT6YL._AC_UL1500_.jpg,124.00
Ray-Ban Women's Rb4378f Low Bridge Fit Square Sunglasses,Rated 3.2/5 from 14 Amazon shopper reviews.,https://m.media-amazon.com/images/I/41-pWdKEKgL._AC_UL1500_.jpg,124.00
Michael Kors Maci Stainless Steel Three-Hand Watch,Rated 4.7/5 from 77 Amazon shopper reviews.,https://m.media-amazon.com/images/I/81Z8fYR-hPL._AC_UL1500_.jpg,123.98
"Citizen Quartz Mens Watch, Stainless Steel, Classic, Two-Tone (Model: BF2005-54A)",Rated 4.5/5 from 88 Amazon shopper reviews.,https://m.media-amazon.com/images/I/81g1NgiybZL._AC_UL1500_.jpg,123.95
"Mens Seiko Watch 8""",Rated 2/5 from 2 Amazon shopper reviews.,https://m.media-amazon.com/images/I/61a+KAO4NxL._AC_UL1065_.jpg,123.75
"Tommy Hilfiger Women's Qtz Multifunction Stainless Steel and Bracelet Casual Watch, Color: Silver (Model: 1782348)",Rated 4.9/5 from 15 Amazon shopper reviews.,https://m.media-amazon.com/images/I/71MGpUYiPEL._AC_UL1500_.jpg,123.75
"Tommy Hilfiger Men's Quartz Stainless Steel and Bracelet Dressy Watch, Color: Silver (Model: 1710382) Packaging may vary",Rated 4.5/5 from 139 Amazon shopper reviews.,https://m.media-amazon.com/images/I/81gdwFLRleL._AC_UL1500_.jpg,123.75
Calvin Klein Grid Women's Quartz Watch K8322107,Rated 5/5 from 1 Amazon shopper reviews.,https://m.media-amazon.com/images/I/61QPooiiwIL._AC_UL1200_.jpg,123.73
Guess Dash Mens Analog Quartz Watch with Silicone Bracelet W1256G3,Rated 4.4/5 from 33 Amazon shopper reviews.,https://m.media-amazon.com/images/I/71sIyne2fcL._AC_UL1500_.jpg,123.72
Skagen Men's Ancher Stainless Steel and Mesh Quartz Watch,"Rated 4.3/5 from 1,243 Amazon shopper reviews.",https://m.media-amazon.com/images/I/81+KYeA9+kL._AC_UL1500_.jpg,123.28
Ray-Ban Women's Rb4325f Low Bridge Fit Square Sunglasses,Rated 4.3/5 from 43 Amazon shopper reviews.,https://m.media-amazon.com/images/I/61FFJCXeOsL._AC_UL1500_.jpg,123.05
Michael Kors Men's Auden Three-Hand Gunmetal-Tone Alloy Watch MK7151,Rated 4.5/5 from 37 Amazon shopper reviews.,https://m.media-amazon.com/images/I/81JQUa84lrL._AC_UL1500_.jpg,123.00
Oakley Women's Oo9433 Low Key Round Sunglasses,Rated 4.3/5 from 153 Amazon shopper reviews.,https://m.media-amazon.com/images/I/51mEZc2nK8L._AC_UL1500_.jpg,122.97
Oakley Men's Oo9424 Mercenary Rectangular Sunglasses,Rated 4.5/5 from 358 Amazon shopper reviews.,https://m.media-amazon.com/images/I/514z+TVEj1L._AC_UL1500_.jpg,122.94
Citizen Men's Analogue Quartz Watch with Leather Strap BF2011-01EE,Rated 4.3/5 from 63 Amazon shopper reviews.,https://m.media-amazon.com/images/I/61KlTBHLKsL._AC_UL1333_.jpg,122.84
Michael Kors Women Outlet Parker Quartz Watch,Rated 4.7/5 from 95 Amazon shopper reviews.,https://m.media-amazon.com/images/I/61qw9JBZJAL._AC_UL1001_.jpg,122.70
SEIKO Men's SNKK71 5 Stainless Steel Black Dial Watch,Rated 4.4/5 from 106 Amazon shopper reviews.,https://m.media-amazon.com/images/I/61TrzZXXTrL._AC_UL1000_.jpg,122.60
Michael Kors Lexington Chronograph Stainless Steel Watch,"Rated 4.7/5 from 6,448 Amazon shopper reviews.",https://m.media-amazon.com/images/I/81sqseMo7hL._AC_UL1500_.jpg,122.40
Oakley Men's Oo9380 Double Edge Rectangular Sunglasses,Rated 4.6/5 from 955 Amazon shopper reviews.,https://m.media-amazon.com/images/I/51zmF40ZzsL._AC_UL1500_.jpg,122.40
Grant Chronograph Navy Leather Watch,Rated 4.2/5 from 42 Amazon shopper reviews.,https://m.media-amazon.com/images/I/71A+82xBxCL._AC_UL1500_.jpg,122.40
Seiko Women's SYME46 Seiko 5 Automatic Gold-Tone Stainless-Steel Bracelet Watch,Rated 3.8/5 from 31 Amazon shopper reviews.,https://m.media-amazon.com/images/I/41+HrUqjsgL._AC_.jpg,122.38
Bulova Men's 98B013 Marine Star Diver's Chronograph Watch,Rated 3.8/5 from 52 Amazon shopper reviews.,https://m.media-amazon.com/images/I/81nq26zJ1eL._AC_UL1500_.jpg,122.22
Ray-Ban Men's RB4267 Square Sunglasses,Rated 2.9/5 from 4 Amazon shopper reviews.,https://m.media-amazon.com/images/I/513MoVu5CxL._AC_UL1500_.jpg,122.20
Ray-Ban Men's Rb3429m Square Sunglasses,Rated 3/5 from 3 Amazon shopper reviews.,https://m.media-amazon.com/images/I/519wGm72LDL._AC_UL1500_.jpg,122.20
Oakley Men's Oo9401 Flight Jacket Rectangular Sunglasses,Rated 4.7/5 from 908 Amazon shopper reviews.,https://m.media-amazon.com/images/I/61Tbo4+dGhL._AC_UL1500_.jpg,122.00
Michael Kors Men's Slim Runway Stainless Steel Quartz Watch,"Rated 4.7/5 from 10,498 Amazon shopper reviews.",https://m.media-amazon.com/images/I/81OKsV5A-nL._AC_UL1500_.jpg,121.98
"Michael Kors DESTIN MK2067 Sunglasses 334313-56 - Light Brown-Crystal Frame, MK2067-334313-56",Rated 4.2/5 from 7 Amazon shopper reviews.,https://m.media-amazon.com/images/I/71PYBnKTECL._AC_UL1500_.jpg,121.96
Bulova Jewelry Men's Classic Double Wrap Leather and Box Chain Bracelet,Rated 3.8/5 from 26 Amazon shopper reviews.,https://m.media-amazon.com/images/I/61usDV0nNNL._AC_UL1500_.jpg,121.75
Ray-Ban RB4419 Square Sunglasses,Rated 5/5 from 1 Amazon shopper reviews.,https://m.media-amazon.com/images/I/61iCmu74odL._AC_UL1500_.jpg,121.55
Bulova Mens Classic Cuff Bracelet,Rated 4.3/5 from 146 Amazon shopper reviews.,https://m.media-amazon.com/images/I/51GID-JfzVL._AC_UL1500_.jpg,121.41
Karl Lagerfeld Paris Women's Satin Crepe Tie Neck Midi,Rated 3.7/5 from 9 Amazon shopper reviews.,https://m.media-amazon.com/images/I/611dzvbP13S._AC_UL1500_.jpg,121.29
Ray-Ban Men's RB8056 Titanium Square Sunglasses,Rated 3.3/5 from 44 Amazon shopper reviews.,https://m.media-amazon.com/images/I/51yF7URh2eS._AC_UL1500_.jpg,121.10
Michael Kors Women's MK3368 - Darci Gold Tone Watch,Rated 4/5 from 29 Amazon shopper reviews.,https://m.media-amazon.com/images/I/814ASAdjVoL._AC_UL1500_.jpg,121.01
GUESS Womens Analogue Watch Crush with Silicone Strap,Rated 4.2/5 from 53 Amazon shopper reviews.,https://m.media-amazon.com/images/I/51lV83KSWwL._AC_UL1000_.jpg,121.00
Ray-Ban Men's Rb2132 New Wayfarer Square Sunglasses,"Rated 4.5/5 from 12,960 Amazon shopper reviews.",https://m.media-amazon.com/images/I/51Kn1n3eY1L._AC_UL1500_.jpg,120.80
Ray-Ban Rb4306 Hexagonal Sunglasses,Rated 4.6/5 from 931 Amazon shopper reviews.,https://m.media-amazon.com/images/I/61OCDsXixKL._AC_UL1500_.jpg,120.80
Ray-Ban Rb4305 Round Sunglasses,Rated 4.6/5 from 497 Amazon shopper reviews.,https://m.media-amazon.com/images/I/6196zmKkvCL._AC_UL1500_.jpg,120.80
"Michael Kors ABELA II MK6039 Sunglasses 314713-56 - Dk Tortoise/Blue Frame, Smoke Gradient, 56mm",Rated 4.4/5 from 53 Amazon shopper reviews.,https://m.media-amazon.com/images/I/61FWRhJ-fkL._AC_UL1500_.jpg,120.75
"Citizen Quartz Mens Watch, Stainless Steel, Classic",Rated 4.8/5 from 87 Amazon shopper reviews.,https://m.media-amazon.com/images/I/81GztwqeILL._AC_UL1500_.jpg,120.59
Michael Kors Parker Stainless Steel Watch With Glitz Accents,"Rated 4.6/5 from 13,281 Amazon shopper reviews.",https://m.media-amazon.com/images/I/81eOyT49NAL._AC_UL1500_.jpg,120.08
Bulova Women's Crystal Accent Two-Tone Stainless Steel Watch 98L203,Rated 4.6/5 from 5 Amazon shopper reviews.,https://m.media-amazon.com/images/I/61qEqV26LQL._AC_UL1000_.jpg,120.00
"Oakley Man Sunglasses, Black Lenses Injected Frame, 61mm",Rated 4.6/5 from 37 Amazon shopper reviews.,https://m.media-amazon.com/images/I/61hZh5jySzL._AC_UL1500_.jpg,120.00
NIXON Women's A1090001-00 Arrow Analog Display Quartz Gold Watch,Rated 5/5 from 6 Amazon shopper reviews.,https://m.media-amazon.com/images/I/612FjzKfgPL._AC_UL1282_.jpg,120.00
Cole Haan Women's C 617 70 Oval Sunglasses,Rated 4/5 from 1 Amazon shopper reviews.,https://m.media-amazon.com/images/I/51Lmp-qHM7L._AC_UL1264_.jpg,120.00
GUESS 38MM Crystal Accented Square Watch,Rated 3.8/5 from 7 Amazon shopper reviews.,https://m.media-amazon.com/images/I/61daOvJeTPL._AC_UL1000_.jpg,120.00
"Oakley Gascan OO9014 Sunglasses Bundle with original case, and accessories (5 items)",Rated 4.7/5 from 214 Amazon shopper reviews.,https://m.media-amazon.com/images/I/41SpIusWW6L._AC_UL1343_.jpg,120.00
Nautica Men's N15658G BFD 101 Multi Casual Classic Watch,Rated 4.5/5 from 6 Amazon shopper reviews.,https://m.media-amazon.com/images/I/8156olNlrKL._AC_UL1500_.jpg,120.00
Nautica Men's N11575G NAC 102 Date Classic Analog Watch,Rated 5/5 from 5 Amazon shopper reviews.,https://m.media-amazon.com/images/I/61nUtHIx2TL._AC_UL1000_.jpg,120.00
Coach Women's 14502402 Madison Silver Tone Stainless Steel Crystal Glitz Watch,Rated 5/5 from 3 Amazon shopper reviews.,https://m.media-amazon.com/images/I/71hHs9N7L6L._AC_UL1500_.jpg,119.99
Kenneth Cole New York Stainless Steel - Black Women's watch #KC4967,Rated 4.8/5 from 6 Amazon shopper reviews.,https://m.media-amazon.com/images/I/715MDr0evZL._AC_UL1500_.jpg,119.99
COACH Women's Tech Phone Wallet (Crossgrain Leather - Chalk),Rated 4.6/5 from 299 Amazon shopper reviews.,https://m.media-amazon.com/images/I/51YJEO5w1WL._AC_SL1000_.jpg,119.99
Michael Kors Women's Mini Darci Gold-Tone Watch MK3444,Rated 4.7/5 from 22 Amazon shopper reviews.,https://m.media-amazon.com/images/I/81m5ysOKjaL._AC_UL1500_.jpg,119.99
Coach Men's Accordion Wallet,Rated 4.5/5 from 33 Amazon shopper reviews.,https://m.media-amazon.com/images/I/4124RcpHIOL._AC_.jpg,119.99
Michael Vincent Michaud Glass Faceted Bracelet #2007F,Rated 5/5 from 1 Amazon shopper reviews.,https://m.media-amazon.com/images/I/51TJzq32RBL._AC_UL1003_.jpg,119.99
"Kate Spade New York Neda Penn Place Embossed Leather Zip Around Continental Wallet Black, Large",Rated 4.7/5 from 26 Amazon shopper reviews.,https://m.media-amazon.com/images/I/51DFxZAqDOL._AC_SL1008_.jpg,119.99
"Anne Klein Women's Japanese-Quartz Watch with Alloy Strap, Rose Gold, 22 (Model: AK/2636RGST)",Rated 3.4/5 from 6 Amazon shopper reviews.,https://m.media-amazon.com/images/I/81kfOLiT+FL._AC_UL1500_.jpg,119.99
Armani Exchange Men's AX1752 Gold Watch,Rated 4.7/5 from 126 Amazon shopper reviews.,https://m.media-amazon.com/images/I/81ZAodzxfsL._AC_UL1500_.jpg,119.99
"Anne Klein Women's Quartz Metal and Alloy Dress Watch, Color:Gold-Toned (Model: AK/2636GBST)",Rated 2.5/5 from 3 Amazon shopper reviews.,https://m.media-amazon.com/images/I/91OpHtsjB0L._AC_UL1500_.jpg,119.99
Michael Kors Women's MK3198 - Slim Runway Two Tone Watch,Rated 4.5/5 from 142 Amazon shopper reviews.,https://m.media-amazon.com/images/I/51LtxmTHd+L._AC_UL1200_.jpg,119.99
Armani Exchange Men's AX1818 Analog Display Analog Quartz Black Watch,Rated 4.8/5 from 14 Amazon shopper reviews.,https://m.media-amazon.com/images/I/61swWNGtVyL._AC_UL1000_.jpg,119.99
Lacoste Montreal Men's Black and Silver Watch 2010616,Rated 2/5 from 2 Amazon shopper reviews.,https://m.media-amazon.com/images/I/81dHS4tSa5L._AC_UL1500_.jpg,119.99
GUESS Lady B Grey Stainless Steel Chronograph Ladies Watch W0016L3,Rated 4.1/5 from 21 Amazon shopper reviews.,https://m.media-amazon.com/images/I/71nnwSr-oBL._AC_UL1500_.jpg,119.98
Nixon Sentry 38 SS A450. 100m Water Resistant Men’s Watch (38mm Watch Case. 21-18mm Stainless Steel Band),Rated 4.5/5 from 153 Amazon shopper reviews.,https://m.media-amazon.com/images/I/61bhOI8M09L._AC_UL1282_.jpg,119.98
"GUESS Women's U0556L2 Sporty Gold-Tone Watch with White Dial , Crystal-Accented Bezel and White Center Link Pilot Buckle",Rated 4/5 from 9 Amazon shopper reviews.,https://m.media-amazon.com/images/I/81bQtA8TGGL._AC_UL1500_.jpg,119.98
Oakley Oo9245 Frogskins Low Bridge Fit Square Sunglasses,Rated 4.4/5 from 374 Amazon shopper reviews.,https://m.media-amazon.com/images/I/61yLg+yHd-L._AC_UL1500_.jpg,119.95
Guess 35mm Bracelet Watch,Rated 4.5/5 from 43 Amazon shopper reviews.,https://m.media-amazon.com/images/I/81HECcQIauL._AC_UL1500_.jpg,119.95
AX ARMANI EXCHANGE Men's Black Leather Strap Watch (Model: AX2705),Rated 4.4/5 from 94 Amazon shopper reviews.,https://m.media-amazon.com/images/I/71qEgONVzIL._AC_UL1500_.jpg,119.95
Ray-Ban Women's RB4122 Rectangular Sunglasses,Rated 4.6/5 from 420 Amazon shopper reviews.,https://m.media-amazon.com/images/I/61Jpnr2JIZL._AC_UL1500_.jpg,119.95
SEIKO 5 Automatic Mens Watch Grey × Gold SNKL19J1,Rated 5/5 from 2 Amazon shopper reviews.,https://m.media-amazon.com/images/I/71b2y7Ls51L._AC_SL1500_.jpg,119.90
Nixon Women's Arrow Leather Analog Display Quartz Watch,Rated 4.5/5 from 60 Amazon shopper reviews.,https://m.media-amazon.com/images/I/91TIZYwAcWL._AC_UL1500_.jpg,119.90
Michael Kors Women's Blair Rose Gold-Tone Watch MK5263,"Rated 4.6/5 from 2,083 Amazon shopper reviews.",https://m.media-amazon.com/images/I/61UdXq5BJiL._AC_UL1000_.jpg,119.80
Calvin Klein Rise Women's Adjustable Bangle Watch,Rated 4.5/5 from 47 Amazon shopper reviews.,https://m.media-amazon.com/images/I/81oNVJ+HYXL._AC_UL1500_.jpg,119.74
"COACH Woman Sunglasses Black Frame, Grey Gradient Polar Lenses, 56MM",Rated 4.4/5 from 71 Amazon shopper reviews.,https://m.media-amazon.com/images/I/51FMVgkifFL._AC_UL1500_.jpg,119.45
Skagen Horizont Quartz Stainless Steel Dual Timezone Casual Watch,Rated 4.2/5 from 85 Amazon shopper reviews.,https://m.media-amazon.com/images/I/819cRhfeZAL._AC_UL1500_.jpg,119.43
Marc Jacobs Women's Marc 497/G/S Oval Sunglasses,Rated 4.5/5 from 19 Amazon shopper reviews.,https://m.media-amazon.com/images/I/41GjhgyvaFL._AC_UL1000_.jpg,119.31
Ray-Ban Rb2447f Round Low Bridge Fit Sunglasses,Rated 4.1/5 from 46 Amazon shopper reviews.,https://m.media-amazon.com/images/I/615Ww6MpTfL._AC_UL1500_.jpg,119.28
Ray-Ban RB3447jm Metal Square Sunglasses,Rated 4.1/5 from 31 Amazon shopper reviews.,https://m.media-amazon.com/images/I/71SQ4tAF8HL._AC_UL1500_.jpg,119.00
Ray-Ban Rb8353 Square Sunglasses,Rated 4.1/5 from 33 Amazon shopper reviews.,https://m.media-amazon.com/images/I/51kSYMstaHL._AC_UL1500_.jpg,119.00
Tommy Hilfiger Men's 1790770 Sport Black Ionized Plated Case and Bracelet Watch,Rated 3.6/5 from 4 Amazon shopper reviews.,https://m.media-amazon.com/images/I/71-MzVt3FCL._AC_UL1500_.jpg,119.00
GUESS Women's U0016L5 Dazzling Hi-Energy Rose Gold-Tone Chronograph Sport Watch with Genuine Crystal Accents,Rated 4.6/5 from 12 Amazon shopper reviews.,https://m.media-amazon.com/images/I/913arPyimcL._AC_UL1500_.jpg,119.00
"Kenneth Cole New York Men's Automatic Self Wind Stainless Steel Case Stainless Steel Bracelet Silver,(Model:KC3898)",Rated 2.6/5 from 18 Amazon shopper reviews.,https://m.media-amazon.com/images/I/81J2+WWTXMS._AC_UL1500_.jpg,119.00
GUESS Men's W0366G1 Black Multi-Function Sporty Watch with Silver Interlinks,Rated 4.6/5 from 32 Amazon shopper reviews.,https://m.media-amazon.com/images/I/81ky9xkoEaS._AC_UL1500_.jpg,119.00
Kate Spade Wallets for Women Shimmy Glitter Wallet (Deep nova),Rated 5/5 from 2 Amazon shopper reviews.,https://m.media-amazon.com/images/I/61OWzSz-PDL._AC_SL1001_.jpg,119.00
Seiko 5 Mens Automatic Watch SNK369,Rated 4.3/5 from 173 Amazon shopper reviews.,https://m.media-amazon.com/images/I/71GmWA-Tt9L._AC_UL1500_.jpg,119.00
COACH 14503408 Khaki (Tan) Dial Red Leather Strap Grand Collection Women's 36 MM Watch,Rated 4.3/5 from 32 Amazon shopper reviews.,https://m.media-amazon.com/images/I/61iPTg-DePL._AC_UL1431_.jpg,119.00
Patricia Nash Cauchy Wallet British Tan One Size,Rated 5/5 from 3 Amazon shopper reviews.,https://m.media-amazon.com/images/I/81hfClDADWL._AC_SL1500_.jpg,119.00
Michael Kors Women's Fulton - Flap Continental Wallet,Rated 4.6/5 from 6 Amazon shopper reviews.,https://m.media-amazon.com/images/I/71S8GJnlOIL._AC_UL1500_.jpg,118.99
Kate Spade New York Women's Morningside Stainless Steel Scallop Topring Quartz Watch,Rated 4.4/5 from 450 Amazon shopper reviews.,https://m.media-amazon.com/images/I/81-ZeVBzDPL._AC_UL1500_.jpg,118.99
Marc Jacobs Women's Marc203/S Cat Eye Sunglasses,Rated 4.4/5 from 63 Amazon shopper reviews.,https://m.media-amazon.com/images/I/61S1BXwVXNL._AC_UL1500_.jpg,118.97
Michael Kors Women's Melissa Three-Hand Gold-Tone Stainless Steel Watch MK4368,Rated 5/5 from 11 Amazon shopper reviews.,https://m.media-amazon.com/images/I/81wcz56mokL._AC_UL1500_.jpg,118.90
Ray-Ban Rb3946 Clubmaster Oval Sunglasses,Rated 4.6/5 from 7 Amazon shopper reviews.,https://m.media-amazon.com/images/I/61LlgZO-fsL._AC_UL1500_.jpg,118.85
Tommy Hilfiger Men's 1790877 Silver-Tone Stainless Steel Watch,Rated 4.6/5 from 527 Amazon shopper reviews.,https://m.media-amazon.com/images/I/71gzGp6DncL._AC_UL1500_.jpg,118.77
COACH Women's Madison Fashion 36mm Bracelet Watch White/Stainless Steel Watch,Rated 4.6/5 from 61 Amazon shopper reviews.,https://m.media-amazon.com/images/I/81oN7xERThL._AC_UL1500_.jpg,118.57
Ray-Ban Men's RB3532 Round Metal Folding Sunglasses,Rated 5/5 from 2 Amazon shopper reviews.,https://m.media-amazon.com/images/I/51p+GfxNGcL._AC_UL1500_.jpg,118.56
Calvin Klein Midi A-Line Dress with Tie Belt,Rated 4.1/5 from 7 Amazon shopper reviews.,https://m.media-amazon.com/images/I/41pRx645S7L._AC_UL1221_.jpg,118.54
Seiko Women's SUJG32 Crystal Bangle White Dial Watch,Rated 3.3/5 from 6 Amazon shopper reviews.,https://m.media-amazon.com/images/I/510uddUs26L._AC_UL1000_.jpg,118.25
Ray-Ban Women's Rb4101f Jackie Ohh Low Bridge Fit Butterfly Sunglasses,Rated 4.5/5 from 130 Amazon shopper reviews.,https://m.media-amazon.com/images/I/51M+prcnJ8L._AC_UL1500_.jpg,118.00
SEIKO Men's SNK375K Automatic Stainless Steel Watch,Rated 4.3/5 from 230 Amazon shopper reviews.,https://m.media-amazon.com/images/I/815fUrZcRaL._AC_UL1500_.jpg,118.00
Oakley Gascan OO9014 Sunglasses+BUNDLE Leash+ BUNDLE with Designer iWear Care Kit,"Rated 4.6/5 from 1,441 Amazon shopper reviews.",https://m.media-amazon.com/images/I/41ALrrqmOcL._AC_UL1323_.jpg,118.00
Michael Kors Women's Liliane Quartz Watch with Stainless Steel Strap,Rated 4.3/5 from 52 Amazon shopper reviews.,https://m.media-amazon.com/images/I/814OYoDBbjL._AC_UL1500_.jpg,118.00
Fossil Women's ES3463 Riley Analog Display Analog Quartz White Watch,Rated 4.5/5 from 4 Amazon shopper reviews.,https://m.media-amazon.com/images/I/81HjaDZ2SWL._AC_UL1500_.jpg,118.00
SEIKO Men's SNK393K Automatic Stainless Steel Watch,Rated 4.3/5 from 196 Amazon shopper reviews.,https://m.media-amazon.com/images/I/817+Gydb9KL._AC_UL1500_.jpg,118.00
UGG174 Womens Sheepskin Turned Bow Glove,Rated 4.5/5 from 15 Amazon shopper reviews.,https://m.media-amazon.com/images/I/51hqeTv8A8L._AC_SL1000_.jpg,117.96
Calvin Klein Women's Double Breasted Wool Coat with Belt,Rated 4.4/5 from 158 Amazon shopper reviews.,https://m.media-amazon.com/images/I/91rjIO1VY7L._AC_UL1500_.jpg,117.90
Seiko Series 5 Automatic Black Dial Men's Watch SNK393,Rated 3.8/5 from 10 Amazon shopper reviews.,https://m.media-amazon.com/images/I/515jvabtGwL._AC_UL1000_.jpg,117.70
Ray-Ban Men's Rb4234 Rectangular Sunglasses,Rated 3.9/5 from 33 Amazon shopper reviews.,https://m.media-amazon.com/images/I/61+RAic2l4L._AC_UL1500_.jpg,117.69
Ray-Ban RB2195 Thalia Square Sunglasses,Rated 4/5 from 63 Amazon shopper reviews.,https://m.media-amazon.com/images/I/51l0XNIijrL._AC_UL1500_.jpg,117.66
Ray-Ban Rb3916 Clubmaster Square Sunglasses,Rated 4.5/5 from 109 Amazon shopper reviews.,https://m.media-amazon.com/images/I/51NrulSF5wL._AC_UL1500_.jpg,117.66
Ray-Ban Men's Rb4290f Asian Fit Square Sunglasses,Rated 3.5/5 from 7 Amazon shopper reviews.,https://m.media-amazon.com/images/I/71nnw4NJ4tL._AC_UL1500_.jpg,117.60
"Ray-Ban Unisex Sunglasses Black Frame, Green Classic G-15 Lenses, 57MM",Rated 4.3/5 from 23 Amazon shopper reviews.,https://m.media-amazon.com/images/I/51xNgxexjqL._AC_UL1500_.jpg,117.50
"Armani Exchange Men's Chronograph Dress Watch With Leather, Steel or Silicone Band","Rated 4.6/5 from 7,460 Amazon shopper reviews.",https://m.media-amazon.com/images/I/71kfN5eDv+L._AC_UL1500_.jpg,117.26
FRYE Men's Logan Antique Pull-Up Billfold Wallet,Rated 4.4/5 from 105 Amazon shopper reviews.,https://m.media-amazon.com/images/I/811ViWdsh+L._AC_UL1500_.jpg,117.17
"Marc Jacobs Men's Marc 388/S Rectangular Sunglasses, Black/Gray Gold Mirrored, 58mm, 16mm",Rated 4/5 from 4 Amazon shopper reviews.,https://m.media-amazon.com/images/I/617TDvM5RVL._AC_UL1500_.jpg,117.12
Ray-Ban Rb2132 New Wayfarer Mirrored Square Sunglasses,Rated 4.5/5 from 150 Amazon shopper reviews.,https://m.media-amazon.com/images/I/61aoF+i8TOL._AC_UL1500_.jpg,117.04
"Oakley Man Sunglasses Matte Black Frame, Prizm Black Polarized Lenses, 65MM",Rated 2.9/5 from 2 Amazon shopper reviews.,https://m.media-amazon.com/images/I/41J+MTKGYmL._AC_UL1000_.jpg,117.00
Fossil Men's Nate Stainless Steel Quartz Chronograph Watch,"Rated 4.6/5 from 18,635 Amazon shopper reviews.",https://m.media-amazon.com/images/I/815D2GmF-kL._AC_UL1500_.jpg,117.00
Oakley Women's 0oo9362 Reverie Rectangular Sunglasses,Rated 4.3/5 from 219 Amazon shopper reviews.,https://m.media-amazon.com/images/I/51UQhHfJmpL._AC_UL1500_.jpg,117.00
"Kenneth Cole New York Women's Japanese Quartz Stainless Steel Case Stainless Steel Bracelet Multi Color,(Model:KC4905)",Rated 3.7/5 from 9 Amazon shopper reviews.,https://m.media-amazon.com/images/I/81tKxJKXN6L._AC_UL1500_.jpg,117.00
Oakley Men's Oo9313 Evzero Path Low Bridge Fit Rectangular Sunglasses,Rated 4.6/5 from 403 Amazon shopper reviews.,https://m.media-amazon.com/images/I/414bwUa6TyS._AC_UL1500_.jpg,117.00
Oakley Men's Oo9397 Targetline Rectangular Sunglasses,Rated 4.5/5 from 497 Amazon shopper reviews.,https://m.media-amazon.com/images/I/51Bl9sfGWxL._AC_UL1500_.jpg,117.00
"Caravelle by Bulova Retro Chronograph Mens Watch, Stainless Steel , Silver-Tone (Model: 43K100)",Rated 3.1/5 from 8 Amazon shopper reviews.,https://m.media-amazon.com/images/I/91FAF6hI9hL._AC_UL1500_.jpg,117.00
Calvin Klein Women's Long Sleeve Dress with Tie Neck Detail,Rated 4.2/5 from 216 Amazon shopper reviews.,https://m.media-amazon.com/images/I/618hJSHBoFL._AC_UL1500_.jpg,116.99
Bulova Women's 97P106 Diamond Gallery Analog Display Japanese Quartz Rose Gold Watch,Rated 4/5 from 5 Amazon shopper reviews.,https://m.media-amazon.com/images/I/71l8Af1-SYL._AC_UL1500_.jpg,116.99
Fossil Scarlette Mini Three-Hand Date Stainless Steel Watch - ES5061,Rated 4.1/5 from 22 Amazon shopper reviews.,https://m.media-amazon.com/images/I/81QWTj5WucL._AC_UL1500_.jpg,116.74
Oakley Men's Oo4143 Parlay Rectangular Sunglasses,Rated 4.3/5 from 33 Amazon shopper reviews.,https://m.media-amazon.com/images/I/61hzM41-j+L._AC_UL1500_.jpg,116.50
"Lacoste Men's Quartz Watch with Silicone Strap, White, 21 (Model: 2011180)",Rated 4.6/5 from 27 Amazon shopper reviews.,https://m.media-amazon.com/images/I/71tTtrmAQrL._AC_UL1500_.jpg,116.25
"Tommy Hilfiger Men's Quartz Stainless Steel and Link Bracelet Watch, Color: Gold (Model: 1791903)",Rated 4.7/5 from 31 Amazon shopper reviews.,https://m.media-amazon.com/images/I/81y4Dh8WHiS._AC_UL1500_.jpg,116.25
"COACH Men's 3 in 1 Wallet (Signature Leather, Dark Shamrock)",Rated 4.5/5 from 471 Amazon shopper reviews.,https://m.media-amazon.com/images/I/71lfkFLfM-L._AC_SL1500_.jpg,116.07
Kate Spade Daesha/S Cat Eye Sunglasses for Women + BUNDLE with Designer iWear Complimentary Eyewear Kit,Rated 4.5/5 from 33 Amazon shopper reviews.,https://m.media-amazon.com/images/I/71VgB41r6gL._AC_UL1500_.jpg,116.00
Kate Spade Angelique Butterfly Sunglasses for Women + BUNDLE with Designer iWear Complimentary Eyewear Care Kit,Rated 4.2/5 from 21 Amazon shopper reviews.,https://m.media-amazon.com/images/I/51sGUY6waAL._AC_UL1475_.jpg,116.00
Ray-Ban RB2132-755/40 Sunglasses Light Blue w/Silver Mirror Lens 52mm,Rated 3.6/5 from 11 Amazon shopper reviews.,https://m.media-amazon.com/images/I/51AYZVAKR4L._AC_UL1278_.jpg,115.94
Seiko Seiko 5 Automatic Blue Dial Men's Watch SNKE51J1,Rated 4/5 from 6 Amazon shopper reviews.,https://m.media-amazon.com/images/I/71GyoMA4XnL._AC_UL1500_.jpg,115.93
Seiko import Black SND399P men's SEIKO watch imports overseas models,Rated 3.8/5 from 101 Amazon shopper reviews.,https://m.media-amazon.com/images/I/61ifArBgp0L._AC_UL1200_.jpg,115.81
"Citizen Quartz Mens Watch, Stainless Steel, Classic, Two-Tone (Model: AN3394-59L)",Rated 4.5/5 from 955 Amazon shopper reviews.,https://m.media-amazon.com/images/I/61eUPeDflkL._AC_UL1500_.jpg,115.48
COACH Sunglasses HC 7128 900556 Shiny Light Gold,Rated 4.8/5 from 6 Amazon shopper reviews.,https://m.media-amazon.com/images/I/51JzKuWfJtL._AC_UL1500_.jpg,115.45
Michael Kors Women's Fulton Zip Continental Leather Wallet Baguette - Navy,Rated 5/5 from 1 Amazon shopper reviews.,https://m.media-amazon.com/images/I/71Dg4V9XFsL._AC_UL1000_.jpg,115.00
Michael Kors MK3353 Ladies Darci Two Tone Watch,Rated 4.7/5 from 17 Amazon shopper reviews.,https://m.media-amazon.com/images/I/812fsmPRyNL._AC_UL1500_.jpg,115.00
Michael Kors Women's Parker Rose Gold Tone Stainless Steel Watch MK5781,Rated 4.5/5 from 210 Amazon shopper reviews.,https://m.media-amazon.com/images/I/91xXeJlKdIL._AC_UL1500_.jpg,115.00
Michael Kors Petite Sofie Stainless Steel Watch,Rated 4.5/5 from 266 Amazon shopper reviews.,https://m.media-amazon.com/images/I/71w8IOGp2WL._AC_UL1500_.jpg,115.00
Nautica Men's N17612G NST 02 Classic Analog Watch,Rated 3.9/5 from 5 Amazon shopper reviews.,https://m.media-amazon.com/images/I/61qdLoj045L._AC_UL1000_.jpg,115.00
Bulova Women's 96L147 Dress Classic Round Stainless Steel Watch,Rated 4/5 from 48 Amazon shopper reviews.,https://m.media-amazon.com/images/I/81xb7MdC8GL._AC_UL1500_.jpg,114.99
GUESS Men's U0479G2 Sporty Silver-Tone Stainless Steel Watch with Multi-function Dial and Silver-Tone Deployment Buckle,Rated 3.7/5 from 17 Amazon shopper reviews.,https://m.media-amazon.com/images/I/81ZRNO7zQBL._AC_UL1500_.jpg,114.98
Ray-Ban Rb4225 Square Sunglasses,Rated 3.8/5 from 38 Amazon shopper reviews.,https://m.media-amazon.com/images/I/51Xa8LdXEXL._AC_UL1500_.jpg,114.94
Fossil Men's FB-03 Stainless Steel Dive-Inspired Casual Quartz Watch,Rated 4.6/5 from 619 Amazon shopper reviews.,https://m.media-amazon.com/images/I/81B0sUYI6aL._AC_UL1500_.jpg,114.50
"Ray-Ban RB2185 Wayfarer II Round Sunglasses, Transparent Blue/Blue, 55 mm",Rated 4.2/5 from 14 Amazon shopper reviews.,https://m.media-amazon.com/images/I/51ymf2tQMVL._AC_UL1500_.jpg,114.10
Ray-Ban Men's Rb3557 Square Sunglasses,Rated 4.3/5 from 50 Amazon shopper reviews.,https://m.media-amazon.com/images/I/61DlW0gXgnL._AC_UL1500_.jpg,114.10
Ray-Ban Women's Icons Classic Metal Sunglasses,Rated 4.8/5 from 8 Amazon shopper reviews.,https://m.media-amazon.com/images/I/51jyj5QdYEL._AC_UL1500_.jpg,114.10
Michael Kors Jet Set Women's Smartphone Wallet Pocket Book Blue,Rated 3.3/5 from 5 Amazon shopper reviews.,https://m.media-amazon.com/images/I/61pqK8MRLDL._AC_UL1001_.jpg,114.00
"Skagen Men's Ancher Quartz Stainless Steel Mesh Casual Watch, Color: Silver-Tone (Model: SKW6290)",Rated 3.8/5 from 52 Amazon shopper reviews.,https://m.media-amazon.com/images/I/61mV4QOPb1L._AC_UL1000_.jpg,113.99
Polo Ralph Lauren Men's Ph3137 Square Sunglasses,Rated 3.9/5 from 5 Amazon shopper reviews.,https://m.media-amazon.com/images/I/51MX4PnMzGL._AC_UL1500_.jpg,113.85
Calvin Klein Mens Fleece Lined Touchscreen Leather Gloves Black L,Rated 3.6/5 from 5 Amazon shopper reviews.,https://m.media-amazon.com/images/I/71ux+63CQeL._AC_UL1500_.jpg,113.81
Guess Vertex Mens Analog Japanese Quartz Watch with Leather Bracelet W1217G2,Rated 4.6/5 from 39 Amazon shopper reviews.,https://m.media-amazon.com/images/I/81v0iuTZNRL._AC_UL1500_.jpg,113.80
Kate Spade New York Women's Jahnam/S Cat Eye Sunglasses,Rated 4/5 from 12 Amazon shopper reviews.,https://m.media-amazon.com/images/I/612Wq85eOPL._AC_UL1500_.jpg,113.68
Armani Exchange Men's Stainless Steel Dive Inspired Watch with Silicone Band or Steel Bracelet,Rated 4.6/5 from 45 Amazon shopper reviews.,https://m.media-amazon.com/images/I/61YgfWwhpnL._AC_UL1000_.jpg,113.62
kate spade new york watch HOLLAND KSW1157 Ladies Watch,Rated 4.8/5 from 8 Amazon shopper reviews.,https://m.media-amazon.com/images/I/71PRp4d6viL._AC_UL1500_.jpg,113.32
Michael Kors Women's Portia Three-Hand Stainless Steel Watch,"Rated 4.6/5 from 2,247 Amazon shopper reviews.",https://m.media-amazon.com/images/I/61BE2fRMqvL._AC_UL1000_.jpg,113.26
Michael Kors Men's Vonn Brown Leather Watch MK8651,Rated 5/5 from 25 Amazon shopper reviews.,https://m.media-amazon.com/images/I/6182EkrE7jL._AC_UL1100_.jpg,113.25
Seiko 5 #SNKL84 Men's Two Tone Stainless Steel White Dial Automatic Watch by Seiko Watches,Rated 4.2/5 from 10 Amazon shopper reviews.,https://m.media-amazon.com/images/I/617udoq4bKL._AC_UL1200_.jpg,112.85
Ray-Ban Men's Retro Round Sunglasses,Rated 3.8/5 from 16 Amazon shopper reviews.,https://m.media-amazon.com/images/I/51CKZHbwAgL._AC_UL1500_.jpg,112.81
Ray-Ban Rb1970 Oval Sunglasses,Rated 4.4/5 from 57 Amazon shopper reviews.,https://m.media-amazon.com/images/I/511PkSiigUL._AC_UL1500_.jpg,112.70
Caravelle Traditional Quartz Ladies Bracelet Watch,Rated 4.3/5 from 18 Amazon shopper reviews.,https://m.media-amazon.com/images/I/61jDKS3QJzL._AC_UL1500_.jpg,112.50
Michael Kors Blake Three-Hand Stainless Steel Watch with Leather Strap,Rated 4.6/5 from 526 Amazon shopper reviews.,https://m.media-amazon.com/images/I/819p6yNXyAL._AC_UL1500_.jpg,112.50
"Calvin Klein Unisex Quartz Two Tone Stainless Steel and Mesh Bracelet Watch, Color: Silver (Model: 25200033)",Rated 4.3/5 from 15 Amazon shopper reviews.,https://m.media-amazon.com/images/I/71Bd7bnlImL._AC_UL1500_.jpg,112.50
GUESS 45MM Sport Watch,Rated 4.6/5 from 853 Amazon shopper reviews.,https://m.media-amazon.com/images/I/91MUWL1WbKL._AC_UL1500_.jpg,112.50
Ray-Ban Rb4540 Wayfarer Double Bridge Square Sunglasses,Rated 5/5 from 20 Amazon shopper reviews.,https://m.media-amazon.com/images/I/61oL4qZgytL._AC_UL1500_.jpg,112.46
Polo Ralph Lauren Men's Ph3126 Aviator Sunglasses,Rated 4.3/5 from 40 Amazon shopper reviews.,https://m.media-amazon.com/images/I/61xY3edzGSL._AC_UL1500_.jpg,112.33
Ray-Ban Rb4640 Square Sunglasses,Rated 4.3/5 from 67 Amazon shopper reviews.,https://m.media-amazon.com/images/I/61mRZeDtLmL._AC_UL1500_.jpg,112.29
Tommy Hilfiger Men's 1791141 Cool Sport Analog Display Quartz Silver Watch,Rated 4.7/5 from 433 Amazon shopper reviews.,https://m.media-amazon.com/images/I/81gqUVFD5fL._AC_UL1500_.jpg,112.04
Ray-Ban Rb4335 Rectangular Sunglasses,Rated 4.1/5 from 242 Amazon shopper reviews.,https://m.media-amazon.com/images/I/51XeO8CRiVL._AC_UL1500_.jpg,112.00
Oakley Men's Oo9236 Valve Rectangular Sunglasses,"Rated 4.5/5 from 2,163 Amazon shopper reviews.",https://m.media-amazon.com/images/I/51oPTx+2P6L._AC_UL1500_.jpg,112.00
Luther Chronograph Brown Leather Watch,Rated 4.3/5 from 24 Amazon shopper reviews.,https://m.media-amazon.com/images/I/61a2OAkcjTL._AC_UL1500_.jpg,112.00
"Ray-Ban Mens Sunglasses (RB4232) Plastic,Nylon",Rated 3.9/5 from 16 Amazon shopper reviews.,https://m.media-amazon.com/images/I/61+RAic2l4L._AC_UL1500_.jpg,112.00
Michael Kors Women's Mini Parker Rose Gold-Tone Watch MK6470,Rated 4.5/5 from 26 Amazon shopper reviews.,https://m.media-amazon.com/images/I/61BLie48sEL._AC_UL1000_.jpg,111.99
SEIKO Men's SNKL17 Stainless Steel Analog with Silver Dial Watch,Rated 4.1/5 from 31 Amazon shopper reviews.,https://m.media-amazon.com/images/I/31Iy3R+a29L._AC_.jpg,111.97
Armani Exchange Ladies Stainless Steel Three Hand Dress Watch,Rated 4.4/5 from 324 Amazon shopper reviews.,https://m.media-amazon.com/images/I/71BTY-Mz8-L._AC_UL1500_.jpg,111.91
Kate Spade New York Large Continental Wallet Zip Around (Black),Rated 5/5 from 36 Amazon shopper reviews.,https://m.media-amazon.com/images/I/61MuQeYkHjL._AC_SL1500_.jpg,111.50
Kenneth Cole New York Women Uhr Watch Leather digital KCC0168002,Rated 3.8/5 from 15 Amazon shopper reviews.,https://m.media-amazon.com/images/I/51zw2rqZ4xL._AC_UL1500_.jpg,111.49
SEIKO Men's SNKK67 Stainless Steel Analog with Grey Dial Watch,Rated 4.1/5 from 34 Amazon shopper reviews.,https://m.media-amazon.com/images/I/51e8xsK0V2L._AC_UL1000_.jpg,111.43
Oakley Men's Oo9429 Siphon Rectangular Sunglasses,Rated 4.4/5 from 614 Amazon shopper reviews.,https://m.media-amazon.com/images/I/41VanfcWYDL._AC_UL1500_.jpg,111.00
Bulova Women's 96R200 Diamond Gallery Analog Display Japanese Quartz White Watch,Rated 4.3/5 from 19 Amazon shopper reviews.,https://m.media-amazon.com/images/I/81c-ZLP-oIL._AC_UL1500_.jpg,110.99
Citizen Quartz Crystal White Dial Two-Tone Ladies Watch EU6084-57A,Rated 4.2/5 from 3 Amazon shopper reviews.,https://m.media-amazon.com/images/I/51VpNa050dL._AC_UL1200_.jpg,110.96
Polo Ralph Lauren Men's Ph4184 Round Sunglasses,Rated 4.3/5 from 3 Amazon shopper reviews.,https://m.media-amazon.com/images/I/41ExYf02uCL._AC_UL1500_.jpg,110.46
Arnette Supplier Unisex Sunglasses - 2310/8G Black/Grey Havana/Grey Gradient,Rated 3.3/5 from 14 Amazon shopper reviews.,https://m.media-amazon.com/images/I/51aCuj+QnvL._AC_UL1080_.jpg,110.44
"Dooney & Bourke Wallet, Florentine Small Zip Around Wallet",Rated 3/5 from 1 Amazon shopper reviews.,https://m.media-amazon.com/images/I/61Wg-KgqNrL._AC_UL1500_.jpg,110.30
Coach Pebble Leather Snap Wallet Black,Rated 4.6/5 from 463 Amazon shopper reviews.,https://m.media-amazon.com/images/I/61nhG7R+jsS._AC_SL1001_.jpg,110.20
Calvin Klein Men's Car Coat with Scarf,Rated 4.2/5 from 85 Amazon shopper reviews.,https://m.media-amazon.com/images/I/71NyJbYL3GL._AC_UL1500_.jpg,110.08
Michael Kors Allie Three-Hand Stainless Steel Watch with Glitz Topring,Rated 4.1/5 from 23 Amazon shopper reviews.,https://m.media-amazon.com/images/I/8112H0lFvIL._AC_UL1500_.jpg,110.05
Anne Klein Women's Premium Crystal Accented Ceramic Bracelet Watch,Rated 4.4/5 from 307 Amazon shopper reviews.,https://m.media-amazon.com/images/I/81uYBfSMZgL._AC_UL1500_.jpg,110.00
Anne Klein Women's Genuine Diamond Dial Ceramic Bracelet Watch,Rated 4.6/5 from 94 Amazon shopper reviews.,https://m.media-amazon.com/images/I/71iU2L28jtL._AC_UL1500_.jpg,110.00
"SEIKO Men's Quartz Watch with Stainless-Steel Strap, Silver, 22 (Model: SNKA23K1S)",Rated 4/5 from 60 Amazon shopper reviews.,https://m.media-amazon.com/images/I/71qjoziRbVL._AC_UL1500_.jpg,110.00
Ray-Ban Men's Rb4232 Square Sunglasses,Rated 3.9/5 from 40 Amazon shopper reviews.,https://m.media-amazon.com/images/I/51pvCYskztL._AC_UL1500_.jpg,110.00
Guess 30MM Crystal Bangle Watch,Rated 4.6/5 from 152 Amazon shopper reviews.,https://m.media-amazon.com/images/I/71aKUdug-4L._AC_UL1500_.jpg,110.00
"GUESS Factory Women's Rose Gold-Tone Multifunction Watch, NS",Rated 3.7/5 from 3 Amazon shopper reviews.,https://m.media-amazon.com/images/I/71sCEFVZb4L._AC_UL1500_.jpg,109.99
GUESS Women's U0573L3 Classic Rose Gold-Tone Watch with Genuine Crystals,Rated 5/5 from 8 Amazon shopper reviews.,https://m.media-amazon.com/images/I/91SWSj+vGHL._AC_UL1500_.jpg,109.98
"GUESS Stainless Steel White Stain Resistant Silicone Watch with Mother-of-Pearl Dial, Day, Date + 24 Hour Military/Int'l Time. Color: White (Model: U1234L1)",Rated 3.3/5 from 4 Amazon shopper reviews.,https://m.media-amazon.com/images/I/81z3RzEevfL._AC_UL1500_.jpg,109.98
GUESS Women's U0775L2 Sporty Gold-Tone Stainless Steel Watch with Multi-function Dial and Tan Strap Buckle,Rated 3.9/5 from 5 Amazon shopper reviews.,https://m.media-amazon.com/images/I/91jypF2GARL._AC_UL1500_.jpg,109.98
GUESS Women's U0333L1 Animal Print Mesh Gold-Tone Watch,Rated 4.4/5 from 10 Amazon shopper reviews.,https://m.media-amazon.com/images/I/91hB3BzI4jL._AC_UL1500_.jpg,109.98
Mini Wallet On A Chain In Signature Canvas,Rated 3.8/5 from 89 Amazon shopper reviews.,https://m.media-amazon.com/images/I/61+ya2yvt7L._AC_SL1232_.jpg,109.97
Kenneth Cole New York Men's Stainless Steel and Genuine Leather Strap Analog Display Quartz Casual Watch(KC50689005/03/04/02),Rated 4.2/5 from 7 Amazon shopper reviews.,https://m.media-amazon.com/images/I/91T26R+xJ5L._AC_UL1500_.jpg,109.95
"Ray-Ban Women's Rb4061 Oval Sunglasses, Havana/Polarized Brown, 55 mm",Rated 4.5/5 from 424 Amazon shopper reviews.,https://m.media-amazon.com/images/I/51-pZnR7JwL._AC_UL1500_.jpg,109.95
Kenneth Cole New York Women's 10019755 Stainless Steel Chronograph Watch (Amazon Exclusive),Rated 3.8/5 from 16 Amazon shopper reviews.,https://m.media-amazon.com/images/I/91ND9Hi2LNL._AC_UL1500_.jpg,109.95
"Ray-Ban Man Sunglasses Black Frame, Polarized Green Classic G-15 Lenses, 61MM",Rated 4.6/5 from 11 Amazon shopper reviews.,https://m.media-amazon.com/images/I/41KO+PuwkCL._AC_UL1500_.jpg,109.95
Tommy Hilfiger Men's Gold-Tone Bracelet Watch 40mm,Rated 4/5 from 17 Amazon shopper reviews.,https://m.media-amazon.com/images/I/51RX2eEtqsL._AC_UL1000_.jpg,109.61
Ray-Ban RB3611 Square Metal Sunglasses,Rated 4.3/5 from 9 Amazon shopper reviews.,https://m.media-amazon.com/images/I/51PD4fQWflL._AC_UL1500_.jpg,109.50
Seiko Essential Quartz Blue Dial Men's Watch SUR399,Rated 4.8/5 from 20 Amazon shopper reviews.,https://m.media-amazon.com/images/I/71XWcw9bmiL._AC_UL1500_.jpg,109.46
Fossil Men's Neutra Stainless Steel Quartz Chronograph Watch,"Rated 4.6/5 from 5,591 Amazon shopper reviews.",https://m.media-amazon.com/images/I/71jyQOtNCDL._AC_UL1500_.jpg,109.42
Oakley Men's Oo9102 Holbrook Square Sunglasses,"Rated 4.7/5 from 1,068 Amazon shopper reviews.",https://m.media-amazon.com/images/I/51+5a4EZLUL._AC_UL1500_.jpg,109.20
"Tommy Hilfiger Women's Ionic Plated Blue Steel Quartz Watch Strap, 15 (Model: 1782470)",Rated 4.8/5 from 8 Amazon shopper reviews.,https://m.media-amazon.com/images/I/81H2VpW8KML._AC_UL1500_.jpg,109.11
Michael Kors Layton Stainless Steel Watch,Rated 4.7/5 from 881 Amazon shopper reviews.,https://m.media-amazon.com/images/I/81mnrs20TfL._AC_UL1500_.jpg,109.03
Rye Automatic Rose Gold-Tone Stainless Steel Watch,Rated 5/5 from 1 Amazon shopper reviews.,https://m.media-amazon.com/images/I/81v-H4TSRaL._AC_UL1500_.jpg,109.00
Armani Exchange AX2012S Pilot Sunglasses For Men + BUNDLE with Designer iWear Complimentary Eyewear Care Kit,Rated 4.5/5 from 127 Amazon shopper reviews.,https://m.media-amazon.com/images/I/410HKgGPROL._AC_UL1200_.jpg,109.00
SEIKO Men's SNK355K 5 Automatic Silver Dial Stainless Steel Watch,Rated 4.3/5 from 303 Amazon shopper reviews.,https://m.media-amazon.com/images/I/81VjWKZajSL._AC_UL1500_.jpg,109.00
Oakley OO9238 FIVES SQUARED Sunglasses + Vision Group Accessories Bundle,Rated 4.2/5 from 114 Amazon shopper reviews.,https://m.media-amazon.com/images/I/51go-K-xWXL._AC_UL1500_.jpg,109.00
"Oakley Men's 0OO9079 Fives Squared Polarized Sunglasses, Polished Black/Grey, 54 mm",Rated 4.3/5 from 244 Amazon shopper reviews.,https://m.media-amazon.com/images/I/71qq5ipfvRL._AC_UL1500_.jpg,109.00
Coach Women`s Five Ring Key Case In Signature Canvas,Rated 4.4/5 from 27 Amazon shopper reviews.,https://m.media-amazon.com/images/I/61dn3H9hMfL._AC_UL1001_.jpg,108.99
Juicy Couture Women's 1900756 Pedigree Black Ceramic Chronograph Watch,Rated 5/5 from 4 Amazon shopper reviews.,https://m.media-amazon.com/images/I/71XC+0B1PtL._AC_UL1500_.jpg,108.96
"Caravelle by Bulova Retro Quartz Mens Watch, Stainless Steel with Blue Nylon Strap, Silver-Tone (Model: 43B167)",Rated 4.4/5 from 64 Amazon shopper reviews.,https://m.media-amazon.com/images/I/81yTX+SmiAL._AC_UL1500_.jpg,108.93
"Lacoste Women's 'Ladies 12.12' Quartz Resin and Silicone Watch, Color:White (Model: 2000954)",Rated 4.6/5 from 154 Amazon shopper reviews.,https://m.media-amazon.com/images/I/81E8RdJH8ML._AC_UL1500_.jpg,108.75
Ray-Ban Men's Rb3561 The General Square Sunglasses,Rated 4.2/5 from 53 Amazon shopper reviews.,https://m.media-amazon.com/images/I/51Kvey+71EL._AC_UL1500_.jpg,108.63
Michael Kors Women's Stainless Steel Quartz Watch with Leather Calfskin Strap,Rated 4/5 from 47 Amazon shopper reviews.,https://m.media-amazon.com/images/I/81OGk44pQHL._AC_UL1500_.jpg,108.17
Ray-Ban Rb3136 Caravan Square Sunglasses,"Rated 4.6/5 from 2,313 Amazon shopper reviews.",https://m.media-amazon.com/images/I/51MPOvEjLCL._AC_UL1500_.jpg,108.04
"Cameron Street Lacey Wallet, Lilac Petal",Rated 4.3/5 from 5 Amazon shopper reviews.,https://m.media-amazon.com/images/I/617Ph9jf4xL._AC_UL1000_.jpg,108.00
Relic by Fossil Men's Damon Automatic Stainless Steel Dress Watch,"Rated 4.3/5 from 1,903 Amazon shopper reviews.",https://m.media-amazon.com/images/I/71lidXYVbnL._AC_UL1500_.jpg,108.00
COACH Bleecker Coated Canvas Slim Zip Checkbook Wallet Silver/White Multicolor One Size,Rated 5/5 from 1 Amazon shopper reviews.,https://m.media-amazon.com/images/I/31206MzeEuL._AC_.jpg,108.00
Michael Kors Whitney Stainless Steel Watch With Glitz Accents,Rated 4.6/5 from 341 Amazon shopper reviews.,https://m.media-amazon.com/images/I/81I2Kjm2ObL._AC_UL1500_.jpg,107.98
"Michael Kors Carmen Medium Flap Wallet (Leather, Black)",Rated 4.3/5 from 28 Amazon shopper reviews.,https://m.media-amazon.com/images/I/51jTUDddlBL._AC_SL1001_.jpg,107.98
"Lacoste Women's Moon Ultra Slim Quartz IP and Mesh Bracelet Casual Watch, Rose Gold, 2001080",Rated 4.4/5 from 39 Amazon shopper reviews.,https://m.media-amazon.com/images/I/91q9VvBnoNL._AC_UL1500_.jpg,107.92
Skagen Active Grey Dial Grey Mesh Mens Watch SKW6007,Rated 4.3/5 from 653 Amazon shopper reviews.,https://m.media-amazon.com/images/I/61pEsgVwsqL._AC_UL1000_.jpg,107.80
Calvin Klein Ck21528s Rectangular Sunglasses,Rated 4/5 from 2 Amazon shopper reviews.,https://m.media-amazon.com/images/I/61diu7cOb+L._AC_UL1500_.jpg,107.40
Kate Spade New York Knott Pebbled Leather Slim Continental Wallet Black One Size,Rated 5/5 from 6 Amazon shopper reviews.,https://m.media-amazon.com/images/I/717MCSKohhL._AC_SL1500_.jpg,107.25
Oakley Women's Oo9432 Rev Up Square Sunglasses,Rated 4.5/5 from 208 Amazon shopper reviews.,https://m.media-amazon.com/images/I/51NuD0DXKaL._AC_UL1500_.jpg,107.00
"Citizen Quartz Mens Watch, Stainless Steel, Classic, Two-Tone (Model: BF2018-52E)",Rated 4.6/5 from 381 Amazon shopper reviews.,https://m.media-amazon.com/images/I/81y2d87Ma+L._AC_UL1500_.jpg,106.95
Oakley Men's Oo9349 Latch Low Bridge Fit Round Sunglasses,Rated 4.5/5 from 21 Amazon shopper reviews.,https://m.media-amazon.com/images/I/611ECfX-DkL._AC_UL1500_.jpg,106.82
Citizen Men's 41mm Two-Tone Stainless Steel Watch,Rated 3.5/5 from 4 Amazon shopper reviews.,https://m.media-amazon.com/images/I/610dJ8UuQaL._AC_UL1000_.jpg,106.70
Ray-Ban Rb3611 Square Sunglasses,Rated 4.3/5 from 45 Amazon shopper reviews.,https://m.media-amazon.com/images/I/51Xnm0UjldL._AC_UL1500_.jpg,106.50
Oakley Women's Oo9357 Hold Out Cat Eye Sunglasses,Rated 4.5/5 from 174 Amazon shopper reviews.,https://m.media-amazon.com/images/I/61cReDAsczL._AC_UL1500_.jpg,106.50
Oakley Mens Canteen Sunglasses (OO9225) Plastic,Rated 4.4/5 from 325 Amazon shopper reviews.,https://m.media-amazon.com/images/I/41QdkvWqelL._AC_UL1500_.jpg,106.50
Michael Kors Outrigger Mens Watch MK8376,Rated 2.4/5 from 3 Amazon shopper reviews.,https://m.media-amazon.com/images/I/71jrAPu0jSL._AC_UL1217_.jpg,106.21
Bulova Corporate Collection Watch,Rated 4.8/5 from 20 Amazon shopper reviews.,https://m.media-amazon.com/images/I/5113bUCV+RS._AC_UL1000_.jpg,106.20
"Fossil Men's Everett Quartz Stainless Steel and Eco Leather Chronograph Watch, Color: Smoke, Brown (Model: FS5799)",Rated 4.4/5 from 69 Amazon shopper reviews.,https://m.media-amazon.com/images/I/81dPlPzOMHL._AC_UL1500_.jpg,106.01
Oakley Women's Oo9301 Cohort Rectangular Sunglasses,"Rated 4.5/5 from 1,630 Amazon shopper reviews.",https://m.media-amazon.com/images/I/519+A-NcFrL._AC_UL1500_.jpg,106.00
GUESS Women's Satinless Steel Crystal Accented Watch,Rated 4.4/5 from 136 Amazon shopper reviews.,https://m.media-amazon.com/images/I/81BvCKIkZFL._AC_UL1500_.jpg,106.00
Citizen Ladies' Dress Quartz Stainless Steel Bracelet with Crystals and Day Date,Rated 4.7/5 from 31 Amazon shopper reviews.,https://m.media-amazon.com/images/I/617cHUgwKhL._AC_UL1500_.jpg,105.99
Calvin Klein Ck21527s Panto Sunglasses,Rated 4/5 from 1 Amazon shopper reviews.,https://m.media-amazon.com/images/I/51rsbzvhuDL._AC_UL1500_.jpg,105.71
Oakley Men's Oo9374 Frogskins Lite Square Sunglasses,Rated 4.4/5 from 124 Amazon shopper reviews.,https://m.media-amazon.com/images/I/41tM2aD5znL._AC_UL1500_.jpg,105.70
Karl Lagerfeld Paris Women's Long Sleeve Sheath Dress with Pearl Necklace,Rated 3.6/5 from 25 Amazon shopper reviews.,https://m.media-amazon.com/images/I/61l6NP0pjLL._AC_UL1500_.jpg,105.40
Nixon A045-1696 The Time Teller Green Sunray Watch,Rated 3.8/5 from 38 Amazon shopper reviews.,https://m.media-amazon.com/images/I/71F7hy5MQgL._AC_UL1200_.jpg,105.34
Ray-Ban RB3471 Shield Sunglasses,"Rated 4.5/5 from 1,644 Amazon shopper reviews.",https://m.media-amazon.com/images/I/61vxx+DHbvL._AC_UL1500_.jpg,105.08
Fossil Men's Dayliner Stainless Steel and Leather Slim Minimalist Quartz Watch,Rated 4.4/5 from 70 Amazon shopper reviews.,https://m.media-amazon.com/images/I/51MShM-UfmL._AC_UL1000_.jpg,105.00
Kate Spade New York Pendant Necklace,Rated 4.5/5 from 259 Amazon shopper reviews.,https://m.media-amazon.com/images/I/71wn+jXNMkL._AC_UL1500_.jpg,105.00
"Fossil Men's Quartz Rubber and Silicone Casual Watch, Color:Black (Model: FS5222)",Rated 3.9/5 from 6 Amazon shopper reviews.,https://m.media-amazon.com/images/I/91E5LOJbuNL._AC_UL1500_.jpg,105.00
"GUESS Women's Quartz Stainless-Steel Strap, Silver, Casual Watch",Rated 4.5/5 from 364 Amazon shopper reviews.,https://m.media-amazon.com/images/I/81gD2HsARGL._AC_UL1500_.jpg,105.00
GUESS 39MM Silicone Watch,Rated 4.6/5 from 867 Amazon shopper reviews.,https://m.media-amazon.com/images/I/81Orig00dQL._AC_UL1500_.jpg,105.00
Ray-Ban Women's Rb8066 Titanium Butterfly Sunglasses,Rated 4.7/5 from 13 Amazon shopper reviews.,https://m.media-amazon.com/images/I/51bngo1mbbL._AC_UL1500_.jpg,105.00
NauticalMart Hung Middle Age Knights Tasset Battle Armor Plated Steel Waist Fauld Belt,Rated 4.2/5 from 41 Amazon shopper reviews.,https://m.media-amazon.com/images/I/61Mp4ZgvnhL._AC_UL1000_.jpg,105.00
Tommy Hilfiger Olivia White Dial White Leather Ladies Watch 1781220,Rated 3.4/5 from 9 Amazon shopper reviews.,https://m.media-amazon.com/images/I/41D9NrNorFL._AC_.jpg,105.00
GUESS 44mm Stainless Steel Watch with Day & Date,Rated 4.1/5 from 29 Amazon shopper reviews.,https://m.media-amazon.com/images/I/81luTSGWxfL._AC_UL1500_.jpg,105.00
"GUESS US Women's Two-Tone Analog Watch, one",Rated 4.3/5 from 6 Amazon shopper reviews.,https://m.media-amazon.com/images/I/41TBz3NSUhL._AC_UL1500_.jpg,105.00
Bulova Men's Latin Grammy Round Box Link Chain Necklace with Rose Gold Dog Tag Black Carbon Fiber Inlay Pendant Style: J98N006,Rated 5/5 from 4 Amazon shopper reviews.,https://m.media-amazon.com/images/I/61kNfIDkV5L._AC_UL1500_.jpg,104.99
Guess 45MM Classic Bracelet Watch,Rated 4.6/5 from 184 Amazon shopper reviews.,https://m.media-amazon.com/images/I/81iDHt+nqvL._AC_UL1500_.jpg,104.96
"Citizen Quartz Womens Watch, Stainless Steel, Crystal",Rated 4.3/5 from 35 Amazon shopper reviews.,https://m.media-amazon.com/images/I/71nSpSgCfOL._AC_UL1500_.jpg,104.95
Michael Kors Bridgette Stainless Steel Watch With Glitz Accents,Rated 4.6/5 from 625 Amazon shopper reviews.,https://m.media-amazon.com/images/I/711vHkMfxRL._AC_UL1500_.jpg,104.66
Ray-Ban RB8309 Steel Aviator Sunglasses,Rated 4.3/5 from 142 Amazon shopper reviews.,https://m.media-amazon.com/images/I/71MbTI0waML._AC_UL1500_.jpg,104.60
"Citizen Quartz Womens Watch, Stainless Steel, Classic, Gold-Tone (Model: EQ0603-59P)",Rated 4.5/5 from 148 Amazon shopper reviews.,https://m.media-amazon.com/images/I/71uxgMcGmHL._AC_UL1500_.jpg,104.00
"NIXON Light-Wave A1322-100m Water Resistant Men's Solar Powered Analog Watch (37mm Watch Face, 20mm Custom Recycled Ocean Plastic Woven Strap with Quick Release Spring Bar)",Rated 3/5 from 10 Amazon shopper reviews.,https://m.media-amazon.com/images/I/61iNTOgaDLL._AC_UL1282_.jpg,103.99
"Citizen Men's Quartz Stainless Steel Watch with Day/Date, BF2011-51E",Rated 4.3/5 from 188 Amazon shopper reviews.,https://m.media-amazon.com/images/I/81mrG+AG1HL._AC_UL1500_.jpg,103.94
Kate Spade New York Staci Medium Compact Bifold Wallet In Red Currant,Rated 4.7/5 from 249 Amazon shopper reviews.,https://m.media-amazon.com/images/I/41eyJf5zVLL._AC_.jpg,103.88
GUESS Women's Dressy Stainless Steel Multi-Function Watch with Day & Date Dial and Pilot Buckle,Rated 4.1/5 from 10 Amazon shopper reviews.,https://m.media-amazon.com/images/I/917BakFJ1KL._AC_UL1500_.jpg,103.50
Fossil Grant Men's Watch with Chronograph Display and Genuine Leather or Stainless Steel Band,"Rated 4.7/5 from 18,982 Amazon shopper reviews.",https://m.media-amazon.com/images/I/61hmriw8ImL._AC_UL1500_.jpg,103.40
GUESS 39mm Multifunction Sport Watch,Rated 4.7/5 from 408 Amazon shopper reviews.,https://m.media-amazon.com/images/I/61bEk5L3CLL._AC_UL1333_.jpg,103.38
"Tommy Hilfiger Men's Quartz Stainless Steel and Leather Strap Casual Watch, Color: Brown (Model: 1791561)",Rated 4.6/5 from 610 Amazon shopper reviews.,https://m.media-amazon.com/images/I/61rHbHJvvYL._AC_UL1105_.jpg,103.28
Ray-Ban Men's Rb2016 Daddy-o Rectangular Sunglasses,Rated 4.3/5 from 111 Amazon shopper reviews.,https://m.media-amazon.com/images/I/51eZM0q+oSL._AC_UL1500_.jpg,103.20
Ray-Ban RB3596 Metal Square Round Sunglasses,Rated 4.1/5 from 17 Amazon shopper reviews.,https://m.media-amazon.com/images/I/51hTYdfn5+L._AC_UL1500_.jpg,103.00
Ray-Ban RB4210 Wayfarer Light Ray Sunglasses,Rated 3.8/5 from 45 Amazon shopper reviews.,https://m.media-amazon.com/images/I/61y2QGC8ZrL._AC_UL1500_.jpg,103.00
Tommy Hilfiger Men's 1791348 Cool Sport Analog Display Quartz Silver Watch,Rated 4.5/5 from 242 Amazon shopper reviews.,https://m.media-amazon.com/images/I/61UMVmq3h7L._AC_UL1045_.jpg,102.66
Ray-Ban Rb1969 Rectangle Evolve Photochromic Rectangular Sunglasses,Rated 3.7/5 from 19 Amazon shopper reviews.,https://m.media-amazon.com/images/I/51JkCzxHNZL._AC_UL1500_.jpg,102.48
Fossil Dean Men's Dress Watch with Chronograph Display and Stainless Steel Bracelet Band,"Rated 4.7/5 from 2,921 Amazon shopper reviews.",https://m.media-amazon.com/images/I/81q-86EVPBL._AC_UL1500_.jpg,102.38
Armani Exchange AX Men's Stainless Steel Quartz Dress Watch,"Rated 4.7/5 from 5,557 Amazon shopper reviews.",https://m.media-amazon.com/images/I/71swNy2F-vL._AC_UL1500_.jpg,102.18
Kate Spade New York Staci Large Slim Bifold Wallet In Chalk Pink (wlr00145-cpk),Rated 4.8/5 from 40 Amazon shopper reviews.,https://m.media-amazon.com/images/I/51jQtQ8gq+L._AC_SL1001_.jpg,102.15
"Caravelle by Bulova Dress Quartz Mens Watch, Stainless Steel , Two-Tone (Model: 45B154)",Rated 3.3/5 from 6 Amazon shopper reviews.,https://m.media-amazon.com/images/I/71cJSPFjv5L._AC_UL1500_.jpg,102.15
"Lacoste Stainless Steel Quartz Watch with Leather Strap, 19.5 (Model: 2010976), Brown",Rated 4.5/5 from 95 Amazon shopper reviews.,https://m.media-amazon.com/images/I/71Ji01Egm8L._AC_UL1500_.jpg,102.02
Kate Spade Citiani/G/S Square Sunglasses for Women + BUNDLE with Designer iWear Complimentary Eyewear Care Kit,Rated 4.3/5 from 4 Amazon shopper reviews.,https://m.media-amazon.com/images/I/61MCDtZY49L._AC_UL1500_.jpg,102.00
Fenmore Midsize Multifunction Luggage Leather Watch,Rated 4.5/5 from 25 Amazon shopper reviews.,https://m.media-amazon.com/images/I/51FAfVZq3eL._AC_UL1200_.jpg,102.00
COACH 5 Ring Leather Key Case Holder - #F73992 - Black,Rated 4/5 from 18 Amazon shopper reviews.,https://m.media-amazon.com/images/I/61WVm8wJL+L._AC_UL1001_.jpg,102.00
Oakley Women's Oo9232 Drop-in Cat Eye Sunglasses,"Rated 4.7/5 from 1,103 Amazon shopper reviews.",https://m.media-amazon.com/images/I/511kNDF32WL._AC_UL1500_.jpg,101.50
"Oakley Woman Sunglasses Matte Black Frame, Prizm Rose Gold Polarized Lenses, 65MM",Rated 4.1/5 from 15 Amazon shopper reviews.,https://m.media-amazon.com/images/I/51dXALRro4L._AC_UL1500_.jpg,101.50
"Tommy Hilfiger Men's Quartz Multifunction Stainless Steel and Mesh Bracelet Watch, Color: Silver (Model: 1791881)",Rated 4.6/5 from 30 Amazon shopper reviews.,https://m.media-amazon.com/images/I/81H+HrSRiZS._AC_UL1500_.jpg,101.45
"Tommy Hilfiger Men's Quartz Stainless Steel and Bracelet Casual Watch, Color: Silver (Model: 1791713)",Rated 4.6/5 from 263 Amazon shopper reviews.,https://m.media-amazon.com/images/I/71f5D4+SvwL._AC_UL1500_.jpg,101.25
GUESS 39MM Crystal Silicone Watch,"Rated 4.7/5 from 2,403 Amazon shopper reviews.",https://m.media-amazon.com/images/I/91QCbe9bRrL._AC_UL1500_.jpg,101.25
Kenneth Cole Men's KC3658 Reaction Watch,Rated 4/5 from 3 Amazon shopper reviews.,https://m.media-amazon.com/images/I/4131G49BMCL._AC_.jpg,101.25
"Lacoste Women's Stainless Steel Quartz Watch with Silicone Strap, Red, 17 (Model: 2001199)",Rated 4.5/5 from 60 Amazon shopper reviews.,https://m.media-amazon.com/images/I/71Y+9iCZ6YS._AC_UL1500_.jpg,101.25
GUESS 36MM Multi-Chain Bracelet Watch,Rated 4.6/5 from 915 Amazon shopper reviews.,https://m.media-amazon.com/images/I/410pJmLStlL._AC_.jpg,101.25
Nautica Men's NAPGLS113 Glenrock Lagoon Grey/Blue/Green Silicone Watch,Rated 3.6/5 from 4 Amazon shopper reviews.,https://m.media-amazon.com/images/I/81EXA4jtUVL._AC_UL1500_.jpg,101.16
"Caravelle by Bulova Ladies' Sport Chronograph Quartz Two-Tone Ceramic Watch, White Dial Style: 45L174",Rated 4.7/5 from 70 Amazon shopper reviews.,https://m.media-amazon.com/images/I/61cD6GsCISL._AC_UL1500_.jpg,101.14
Ray-Ban Men's Rb4313 Square Sunglasses,Rated 3.8/5 from 51 Amazon shopper reviews.,https://m.media-amazon.com/images/I/61H0pIqlKLL._AC_UL1500_.jpg,101.08
"Oakley Man Sunglasses Matte Black Frame, Grey Lenses, 57MM",Rated 4.6/5 from 522 Amazon shopper reviews.,https://m.media-amazon.com/images/I/51h39xh3ERL._AC_UL1500_.jpg,101.00
"GUESS Womens Analogue Classic Quartz Watch with Stainless Steel Strap W0989L3, Pink, Bracelet",Rated 4.5/5 from 54 Amazon shopper reviews.,https://m.media-amazon.com/images/I/71casF9s8JL._AC_UL1500_.jpg,101.00
Michael Kors Petite Norie Watch With Mother Of Pearl Dial,Rated 4.5/5 from 386 Amazon shopper reviews.,https://m.media-amazon.com/images/I/71s6MDUsiKS._AC_UL1500_.jpg,101.00
DKNY Women's Crosswalk Stainless Steel Jewelry-Inspired Dress Watch,Rated 4.4/5 from 228 Amazon shopper reviews.,https://m.media-amazon.com/images/I/711GU59QHnL._AC_UL1500_.jpg,100.85
Ray-Ban Men's Rb2027 Predator 2 Rectangular Sunglasses,"Rated 4.6/5 from 4,440 Amazon shopper reviews.",https://m.media-amazon.com/images/I/51xCRTzIPjL._AC_UL1500_.jpg,100.58
Oakley Men's OO9096 Fuel Cell Wrap Sunglasses,"Rated 4.7/5 from 3,969 Amazon shopper reviews.",https://m.media-amazon.com/images/I/51qCyMEBsnL._AC_UL1500_.jpg,100.50
"Michael Kors Women's Kacie Quartz Watch with Stainless Steel Strap, Rose Gold, 18 (Model: MK6930)",Rated 4.7/5 from 19 Amazon shopper reviews.,https://m.media-amazon.com/images/I/61TMpTBYF3L._AC_UL1000_.jpg,100.23
Frye Women's Reed Slim Wallet,Rated 4.8/5 from 71 Amazon shopper reviews.,https://m.media-amazon.com/images/I/81JFspJWxXL._AC_UL1500_.jpg,100.13
"Lacoste Traveler Men's Quartz Stainless Steel and Bracelet Casual Watch, Color: Silver (Model: 2011108)",Rated 4.3/5 from 31 Amazon shopper reviews.,https://m.media-amazon.com/images/I/81nbpttY9iL._AC_UL1500_.jpg,100.06
"COACH MPLQ LEATHER CUT TO SIZE REVERSIBLE BELT W/ GIFT BOX, Charcoal Black, One Size",Rated 4.1/5 from 24 Amazon shopper reviews.,https://m.media-amazon.com/images/I/61Z7nsq6n-L._AC_UL1200_.jpg,100.00
Watch,Rated 4.3/5 from 438 Amazon shopper reviews.,https://m.media-amazon.com/images/I/81HkZ4NSt6L._AC_UL1500_.jpg,100.00
"NIXON Time Teller Acetate 100m Water Resistant Women's Analog Fashion Watch (37mm Watch Face, 20mm Acetate Band)",Rated 4.4/5 from 381 Amazon shopper reviews.,https://m.media-amazon.com/images/I/61lmi5Wk3rL._AC_UL1282_.jpg,100.00
GUESS 46mm Multifunction Stainless Steel Watch,Rated 4.6/5 from 71 Amazon shopper reviews.,https://m.media-amazon.com/images/I/81Y46TUpkML._AC_UL1500_.jpg,100.00
Nixon Re-Run A158. 100m Water Resistant Men’s Digital Watch (38.5mm Digital Watch Face. 13-18mm Stainless Steel Band),Rated 4.4/5 from 604 Amazon shopper reviews.,https://m.media-amazon.com/images/I/61UZ5jqbjpL._AC_UL1282_.jpg,100.00
Nixon Women's Mini B Stainless Steel Watch with Genuine Leather Band,Rated 4.1/5 from 30 Amazon shopper reviews.,https://m.media-amazon.com/images/I/714mkwI+EEL._AC_UL1500_.jpg,100.00
Kenneth Cole New York Men's 'Transparency' Quartz Dress Watch,Rated 4.5/5 from 85 Amazon shopper reviews.,https://m.media-amazon.com/images/I/910PojUvX7L._AC_UL1500_.jpg,100.00
"NIXON Time Teller OPP A1361-100m Water Resistant Unisex Analog Fashion Watch (40mm Watch Face, 20mm PU/Rubber/Silicone Band)",Rated 5/5 from 5 Amazon shopper reviews.,https://m.media-amazon.com/images/I/51pR9mSugXL._AC_UL1282_.jpg,100.00
"Calvin Klein Jewelry Women's Chain Necklaces, Color: Silver (Model: 35700002)",Rated 5/5 from 1 Amazon shopper reviews.,https://m.media-amazon.com/images/I/71bIH9LlUDL._AC_UL1500_.jpg,100.00
GUESS 21mm Petite Vintage-Inspired Watch,"Rated 4.6/5 from 1,069 Amazon shopper reviews.",https://m.media-amazon.com/images/I/711DYC9j4XL._AC_UL1500_.jpg,100.00
COACH 14503876 Boyfriend Silver Logo Dial Pink Silicone Band Women's 34mm Watch,Rated 4.4/5 from 12 Amazon shopper reviews.,https://m.media-amazon.com/images/I/51LyZguaTBL._AC_UL1406_.jpg,100.00
UGG174 Womens Tenney Glove,Rated 4.3/5 from 21 Amazon shopper reviews.,https://m.media-amazon.com/images/I/81H6Uf5-2+L._AC_UL1500_.jpg,100.00
GUESS Stainless Steel Black Ionic Plated Bracelet Watch with Rose Gold-Tone Markers. Color: Black (Model: U1072G3),Rated 4.3/5 from 70 Amazon shopper reviews.,https://m.media-amazon.com/images/I/81c2ianUa6L._AC_UL1500_.jpg,100.00
Seiko Women's SUJ281 Vivace Diamond Accented Watch,Rated 4/5 from 1 Amazon shopper reviews.,https://m.media-amazon.com/images/I/41J20R9WZPL._AC_.jpg,100.00
NIXON A045-2075 Men's Time Teller (Mint/Navy) Analog Quartz Watch,Rated 3.4/5 from 2 Amazon shopper reviews.,https://m.media-amazon.com/images/I/61PwcWJk6cL._AC_UL1000_.jpg,100.00
Nine West NW533S Sunglasses 511 Eggplant 58 15 130,Rated 5/5 from 2 Amazon shopper reviews.,https://m.media-amazon.com/images/I/41cTs7eLpJL._AC_UL1024_.jpg,99.99
Kenneth Cole KCW4029 Womens Classic Wrist Watches,Rated 5/5 from 2 Amazon shopper reviews.,https://m.media-amazon.com/images/I/61JU0KNGpKL._AC_UL1460_.jpg,99.99
Coach Grand Silver Stainless Steel Mesh Band Silver Glitz Dial Watch,Rated 4.3/5 from 20 Amazon shopper reviews.,https://m.media-amazon.com/images/I/61-pLEXUD1S._AC_UL1500_.jpg,99.99
Coach Crossgrain Leather Small Wallet 53768 Black,Rated 3.9/5 from 6 Amazon shopper reviews.,https://m.media-amazon.com/images/I/61fQv4zTTzL._AC_UL1001_.jpg,99.99
COACH Sunglasses HC 8270 U 555787 Transparent Burgundy,Rated 4/5 from 10 Amazon shopper reviews.,https://m.media-amazon.com/images/I/61GqaikNm8L._AC_UL1500_.jpg,99.99
Kate Spade New York Cameron Large Slim Bifold Wallet (Rosso),Rated 4.5/5 from 142 Amazon shopper reviews.,https://m.media-amazon.com/images/I/71ParNWYJAL._AC_UL1500_.jpg,99.99
"Anne Klein Women's Premium Crystal Accented Bangle Watch and Bracelet Set, AK/3572",Rated 4.5/5 from 285 Amazon shopper reviews.,https://m.media-amazon.com/images/I/81gQpVBJK2L._AC_UL1500_.jpg,99.99
Oakley Men's Oo4136 Chrystl Rectangular Sunglasses,Rated 4.5/5 from 33 Amazon shopper reviews.,https://m.media-amazon.com/images/I/51FvHYL-sJL._AC_UL1500_.jpg,99.99
Kenneth Cole New York Men's KC1632 Skeleton Dial Automatic Analog Leather Strap Watch,Rated 4.3/5 from 102 Amazon shopper reviews.,https://m.media-amazon.com/images/I/91l7kJCAvkL._AC_UL1500_.jpg,99.99
Kenneth Cole New York 3-Hand with Date Men's watch #KC1913,Rated 4/5 from 1 Amazon shopper reviews.,https://m.media-amazon.com/images/I/61V29LkXNSL._AC_UL1500_.jpg,99.99
Kenneth Cole New York Croco Leather White Dial Women's watch #KC2677,Rated 4.5/5 from 5 Amazon shopper reviews.,https://m.media-amazon.com/images/I/41Amtul4qRL._AC_.jpg,99.99
Michael Kors Women's Silver Stainless Steel Metal Earring MKJ5946040,Rated 4.7/5 from 14 Amazon shopper reviews.,https://m.media-amazon.com/images/I/518xqwbdh3L._AC_UL1414_.jpg,99.99
"AX Armani Exchange Men's Chronograph Watch with Leather, Silicone, or Steel Band","Rated 4.6/5 from 1,716 Amazon shopper reviews.",https://m.media-amazon.com/images/I/81unT8lXboL._AC_UL1500_.jpg,99.99
"Citizen Quartz Mens Watch, Stainless Steel, Classic, Silver-Tone (Model: BH3001-57A)",Rated 5/5 from 5 Amazon shopper reviews.,https://m.media-amazon.com/images/I/817EFbEoznL._AC_UL1500_.jpg,99.99
Caravelle Men's 44A110 Analog Display Quartz Gold Watch,Rated 4.5/5 from 27 Amazon shopper reviews.,https://m.media-amazon.com/images/I/61vBl1PbslL._AC_UL1500_.jpg,99.99
Michael's Jewelers-Provincetown Beach Ball Necklace from Cape Cod 925 Sterling Silver and 14k Solid Gold Ball,Rated 4.7/5 from 88 Amazon shopper reviews.,https://m.media-amazon.com/images/I/6147hUXj4bL._AC_UL1500_.jpg,99.99
GUESS Silver-Tone Mesh Analog Watch,Rated 4.1/5 from 26 Amazon shopper reviews.,https://m.media-amazon.com/images/I/81ReaR+b3XL._AC_UL1500_.jpg,99.99
Kenneth Cole New York Leather Silver-Tone Dial Women's Watch #KC2675,Rated 5/5 from 3 Amazon shopper reviews.,https://m.media-amazon.com/images/I/41+yHJ0-d-L._AC_.jpg,99.99
Calvin Klein Women's V Neck Flutter Sleeve Dress with Self Belt,Rated 4.2/5 from 3 Amazon shopper reviews.,https://m.media-amazon.com/images/I/81Mb-+n349S._AC_UL1500_.jpg,99.99
Fossil Townsman Mens watch - Blue,Rated 4.6/5 from 7 Amazon shopper reviews.,https://m.media-amazon.com/images/I/81hU+6ZBfvL._AC_UL1500_.jpg,99.98
Guess Women's Watch W16017L1,Rated 3.7/5 from 7 Amazon shopper reviews.,https://m.media-amazon.com/images/I/61uWEtj7ovL._AC_UL1440_.jpg,99.98
"MICHAEL Michael Kors Womens Jet Set Travel ZA Continental Wallet, Luggage/White/Black, One Size",Rated 5/5 from 3 Amazon shopper reviews.,https://m.media-amazon.com/images/I/61-hSfttAxL._AC_UL1500_.jpg,99.98
GUESS Women's U0327L1 White Silicone Multi-Function Watch with Gold-Tone Case and Genuine Crystal Accents,Rated 4/5 from 4 Amazon shopper reviews.,https://m.media-amazon.com/images/I/81UKfj1nIoL._AC_UL1500_.jpg,99.98
Coach L152 HC8171 Sunglasses 536817-56 - Dark Gray Crystal/Black Crystal Mosaic HC8171-536817-56,Rated 4.3/5 from 6 Amazon shopper reviews.,https://m.media-amazon.com/images/I/711dqPB8aBL._AC_UL1500_.jpg,99.95
"Ted Baker Women's TE4107 ""Vintage Glam"" Rose-Gold Tone Stainless Steel Rhinestone-Accented Watch",Rated 5/5 from 7 Amazon shopper reviews.,https://m.media-amazon.com/images/I/51mQkgwIjkL._AC_.jpg,99.95
Kate Spade New York Continental Wallet Flock Party,Rated 4.8/5 from 10 Amazon shopper reviews.,https://m.media-amazon.com/images/I/81vm62a4DoL._AC_SL1500_.jpg,99.95
"Kenneth Cole New York Women's Quartz Stainless Steel Case Stainless Steel Bracelet Gold Casual Watch,(Model:KC4876)",Rated 3.4/5 from 7 Amazon shopper reviews.,https://m.media-amazon.com/images/I/81HvkcKFhgL._AC_UL1500_.jpg,99.95
Pulsar Women's PXT832 Expansion Collection Watch,Rated 2/5 from 2 Amazon shopper reviews.,https://m.media-amazon.com/images/I/410aHs3a4XL._AC_.jpg,99.95
"Citizen Women's Quartz Watch with Crystal Accents and Date, EU6030-56E",Rated 4/5 from 16 Amazon shopper reviews.,https://m.media-amazon.com/images/I/815xSYzXGGL._AC_UL1500_.jpg,99.95
"Kenneth Cole New York Women's Japanese quartz Stainless Steel Case Stainless Steel Bracelet Grey,(Model: KC4819)",Rated 3.7/5 from 10 Amazon shopper reviews.,https://m.media-amazon.com/images/I/71JL9ppYkTL._AC_UL1500_.jpg,99.95
Michael Kors MKJ2742 Silver Pave Stud Earrings,Rated 4.1/5 from 19 Amazon shopper reviews.,https://m.media-amazon.com/images/I/41FTICt07rL._AC_.jpg,99.90
Michael Kors Watch Alignment Hinge Bangle Bracelet,Rated 4/5 from 3 Amazon shopper reviews.,https://m.media-amazon.com/images/I/71Mfd8zCK6L._AC_UL1500_.jpg,99.88
Kate Spade New York Bay Street Stacy Leather Wallet,Rated 4.7/5 from 34 Amazon shopper reviews.,https://m.media-amazon.com/images/I/71y0LkA1b7L._AC_UL1500_.jpg,99.88
"Skagen Men's SKW6114 ""Grenen"" Stainless Steel Watch with Brown Leather band",Rated 3.3/5 from 10 Amazon shopper reviews.,https://m.media-amazon.com/images/I/81LIw0Yt2RL._AC_UL1500_.jpg,99.81
Skagen Men's SKW6066 Holst Quartz/Multi Stainless Steel Dark Brown Watch,Rated 4.1/5 from 100 Amazon shopper reviews.,https://m.media-amazon.com/images/I/61RnaNomJ9L._AC_UL1000_.jpg,99.81
"Citizen Quartz Men's Watch, Stainless Steel, Classic",Rated 4.6/5 from 8 Amazon shopper reviews.,https://m.media-amazon.com/images/I/7174vTaJqcL._AC_UL1500_.jpg,99.61
Men's Polo Ralph Lauren Pony Plaque Leather Belt-Black (34),Rated 4.5/5 from 22 Amazon shopper reviews.,https://m.media-amazon.com/images/I/61F6rJ3ExaL._AC_UL1500_.jpg,99.50
"Coach Womens Signature Buckle Belt, 38mm (M)",Rated 4.6/5 from 16 Amazon shopper reviews.,https://m.media-amazon.com/images/I/51u2czZXHxL._AC_.jpg,99.50
Lacoste Mens Chronograph Quartz Watch with Silicone Strap 2010974,Rated 4.6/5 from 39 Amazon shopper reviews.,https://m.media-amazon.com/images/I/61QIbQRcZ3L._AC_UL1500_.jpg,99.39
COACH Sunglasses HC 8295 512074 Dark Tortoise,Rated 4.8/5 from 7 Amazon shopper reviews.,https://m.media-amazon.com/images/I/61RM2zEwhVL._AC_UL1500_.jpg,99.39
"Hugo Boss BOSS Men's 0992/F/S Oval Polarized Sunglasses, MTT BLACK, 58 mm",Rated 1/5 from 3 Amazon shopper reviews.,https://m.media-amazon.com/images/I/41L5fiZtzrL._AC_UL1000_.jpg,99.30
Oakley Oj9006 Frogskins Xs Square Sunglasses,Rated 4.1/5 from 23 Amazon shopper reviews.,https://m.media-amazon.com/images/I/51j-frr14yL._AC_UL1500_.jpg,99.20
Oakley Men's OO9014 Gascan Rectangular Sunglasses,Rated 4.4/5 from 61 Amazon shopper reviews.,https://m.media-amazon.com/images/I/41sW4LIIlJL._AC_UL1500_.jpg,99.11
Ray-Ban Men's Rb4307 Square Sunglasses,Rated 4.2/5 from 58 Amazon shopper reviews.,https://m.media-amazon.com/images/I/51v8j8lz8PL._AC_UL1500_.jpg,99.00
Coach Womens 14502093 Mini Boyfriend Signature White Strap Silver Tone Watch,Rated 4.5/5 from 93 Amazon shopper reviews.,https://m.media-amazon.com/images/I/71+jRt50kZL._AC_UL1500_.jpg,99.00
"Fossil Men's Commuter Quartz Leather Chronograph Watch, Color: Silver, Brown (Model: FS5402)","Rated 4.6/5 from 1,186 Amazon shopper reviews.",https://m.media-amazon.com/images/I/513a+BCDWyL._AC_UL1000_.jpg,99.00
Kate Spade New York Women's Park Row Stainless Steel and Silicone Quartz Watch,Rated 4.6/5 from 919 Amazon shopper reviews.,https://m.media-amazon.com/images/I/71wM9LEnphL._AC_UL1500_.jpg,99.00
Calvin Klein Authentic Women's Mesh Bracelet Watch,Rated 4.8/5 from 14 Amazon shopper reviews.,https://m.media-amazon.com/images/I/71ufovk2oyL._AC_UL1500_.jpg,99.00
Ray-Ban RB4304f Low Bridge Fit Round Sunglasses,Rated 3.4/5 from 20 Amazon shopper reviews.,https://m.media-amazon.com/images/I/61JCzZbW3YL._AC_UL1500_.jpg,99.00
GUESS Men's Watch W0870G1,Rated 3.9/5 from 18 Amazon shopper reviews.,https://m.media-amazon.com/images/I/61W2Nr6Ml5L._AC_UL1000_.jpg,99.00
Roman Legionnaire Belt,Rated 5/5 from 1 Amazon shopper reviews.,https://m.media-amazon.com/images/I/71rvarrFnSL._AC_UL1500_.jpg,99.00
Kenneth Cole New York Mens Dress Two Tone Dial Gunmetal IP Stainless Steel Bracelet Watch KC9097,Rated 2.1/5 from 2 Amazon shopper reviews.,https://m.media-amazon.com/images/I/51XecP7ACNL._AC_.jpg,99.00
"MICHAEL Michael Kors Bedford Double Zip Wallet in Black, 32H3GBFZ2L",Rated 4.3/5 from 9 Amazon shopper reviews.,https://m.media-amazon.com/images/I/61WfthOcStL._AC_UL1000_.jpg,98.99
DKNY Women's The Modernist Stainless Steel Dress Quartz Watch,Rated 4.4/5 from 81 Amazon shopper reviews.,https://m.media-amazon.com/images/I/51DtQJnCtPL._AC_UL1000_.jpg,98.99
Michael Kors 32H4GTVE9L_001_BLACK Wallets,Rated 4.5/5 from 13 Amazon shopper reviews.,https://m.media-amazon.com/images/I/71+8jiK6P5L._AC_SL1500_.jpg,98.98
"Juicy Couture Women's JU 551/S Rectangular Sunglasses, Dark Havana Dot/Brown Gradient, 54mm, 16mm",Rated 4.2/5 from 5 Amazon shopper reviews.,https://m.media-amazon.com/images/I/71BaDUgKEzL._AC_UL1500_.jpg,98.74
Citizen Watches Women's FB2000-11A Eco-Drive,Rated 4.5/5 from 63 Amazon shopper reviews.,https://m.media-amazon.com/images/I/617lB4QCatL._AC_UL1000_.jpg,98.73
Men's Polo Ralph Lauren Pony Plaque Leather Belt-Brown (Sz 38),Rated 3.4/5 from 7 Amazon shopper reviews.,https://m.media-amazon.com/images/I/61dXKMq4KbL._AC_UL1500_.jpg,98.50
Nautica Men's 'Portofino' Quartz Stainless Steel and Blue Navy Nylon Textile Casual Waterproof 100 m Marine Watch Model: NAPPRF001,Rated 4.2/5 from 30 Amazon shopper reviews.,https://m.media-amazon.com/images/I/813VqyjRsoL._AC_UL1500_.jpg,98.20
DKNY Bryant Carryall Wallet,Rated 5/5 from 1 Amazon shopper reviews.,https://m.media-amazon.com/images/I/81sSIpa0TqL._AC_UL1500_.jpg,98.01
MICHAEL MICHAEL KORS Juliana Large Wallet (Signature Brown),Rated 3.9/5 from 3 Amazon shopper reviews.,https://m.media-amazon.com/images/I/61NETt9IqtL._AC_UL1000_.jpg,98.00
Tory Burch Women's Kira Pave Stud Earrings,Rated 4.6/5 from 16 Amazon shopper reviews.,https://m.media-amazon.com/images/I/81fxmtBDdVL._AC_UL1500_.jpg,98.00
Frye Women's 38mm Leather Belt,Rated 4.3/5 from 35 Amazon shopper reviews.,https://m.media-amazon.com/images/I/711rxzM0XKL._AC_UL1500_.jpg,98.00
Kate Spade New York Women's Cobble Hill Stacy Wallet,Rated 3.8/5 from 12 Amazon shopper reviews.,https://m.media-amazon.com/images/I/91PdxAeFXzL._AC_UL1500_.jpg,98.00
UGG Mens 3 Point Leather Glove,Rated 4.3/5 from 31 Amazon shopper reviews.,https://m.media-amazon.com/images/I/81KMjU93fwL._AC_UL1500_.jpg,98.00
Tory Burch Women's Crystal Pearl Drop Earrings,Rated 4.8/5 from 12 Amazon shopper reviews.,https://m.media-amazon.com/images/I/51KM57TSIDL._AC_UL1500_.jpg,98.00
Coach Signature Slim Wallet in Light Khaki Chalk,Rated 4/5 from 7 Amazon shopper reviews.,https://m.media-amazon.com/images/I/91PGWdWeIHL._AC_SL1500_.jpg,98.00
"Kenneth Cole KC7213 Sunglasses - Light Brown Frame, Green Polarized Lenses, 52 mm Lens KC72135247R",Rated 4.2/5 from 3 Amazon shopper reviews.,https://m.media-amazon.com/images/I/51vQrlmputL._AC_UL1500_.jpg,97.95
"Ray-Ban Women's Rb8065 Titanium Butterfly Sunglasses, Black On Sanding Gunmetal/Dark Green, 62 mm",Rated 5/5 from 2 Amazon shopper reviews.,https://m.media-amazon.com/images/I/51eYYCcdgDL._AC_UL1500_.jpg,97.50
Ray-Ban RB3387 Aviator Sunglasses,Rated 4.5/5 from 220 Amazon shopper reviews.,https://m.media-amazon.com/images/I/41BUbCFy+fL._AC_UL1500_.jpg,97.50
Kate Spade New York Women's Beryl Aviator Sunglasses,Rated 4.4/5 from 466 Amazon shopper reviews.,https://m.media-amazon.com/images/I/61Xy+iX5bNL._AC_UL1500_.jpg,97.29
"Caravelle by Bulova Retro Quartz Mens Watch, Stainless Steel with Multiple Nylon Strap, Silver-Tone (Model: 43B168)",Rated 3.9/5 from 17 Amazon shopper reviews.,https://m.media-amazon.com/images/I/81LNMKJ1HOL._AC_UL1500_.jpg,97.28
Nautica Men's N5137s Rectangular Sunglasses,Rated 5/5 from 2 Amazon shopper reviews.,https://m.media-amazon.com/images/I/51xoMJfLUuL._AC_UL1000_.jpg,97.28
Fossil Women's Stella Stainless Steel Crystal-Accented Multifunction Quartz Watch,"Rated 4.5/5 from 1,337 Amazon shopper reviews.",https://m.media-amazon.com/images/I/819XN1MEc+L._AC_UL1500_.jpg,97.09
Calvin Klein Women's Standard Printed Plunge Neck Halter One Piece Swimsuit with Tie Back,Rated 3.2/5 from 7 Amazon shopper reviews.,https://m.media-amazon.com/images/I/815fj-R4jeL._AC_UL1500_.jpg,96.99
COACH Women's Tech Wallet in Colorblock Signature Canvas (Khaki - Black),Rated 4.7/5 from 99 Amazon shopper reviews.,https://m.media-amazon.com/images/I/61qCDDU-7bL._AC_SL1000_.jpg,96.99
"Michael Kors Women's Pyper Stainless Steel Quartz Watch with Stainless-Steel-Plated Strap, Multi, 16 (Model: MK3901)",Rated 4.5/5 from 84 Amazon shopper reviews.,https://m.media-amazon.com/images/I/71X5dWpuafL._AC_UL1500_.jpg,96.89
"Fossil Women's Gabby Quartz Stainless Steel Three-Hand Watch, Color: Silver (Model: ES5069)",Rated 3.8/5 from 20 Amazon shopper reviews.,https://m.media-amazon.com/images/I/819Pu+2L9yL._AC_UL1500_.jpg,96.75
Ray-Ban Rb4332 Rectangular Sunglasses,Rated 4.2/5 from 88 Amazon shopper reviews.,https://m.media-amazon.com/images/I/617cNMTF+OL._AC_UL1500_.jpg,96.56
Fossil Townsman Men's Watch with Chronograph Display and Genuine Leather Band,"Rated 4.7/5 from 4,349 Amazon shopper reviews.",https://m.media-amazon.com/images/I/81J80MqIAfL._AC_UL1500_.jpg,96.42
COACH Belt Signature Leather Black CC Logo 91286 M19 44 42,Rated 4.4/5 from 34 Amazon shopper reviews.,https://m.media-amazon.com/images/I/51BDSQc5hhL._AC_UL1000_.jpg,96.06
"Fossil Women's Izzy Quartz Stainless Steel Multifunction Watch, Color: Gold/Silver (Model: ES4784)",Rated 4.6/5 from 184 Amazon shopper reviews.,https://m.media-amazon.com/images/I/81YjAaKaU6L._AC_UL1500_.jpg,96.00
GUESS Women's U0638L9 Analog Display Quartz Pink Watch,Rated 5/5 from 5 Amazon shopper reviews.,https://m.media-amazon.com/images/I/81oJZpbSi5L._AC_UL1500_.jpg,96.00
GUESS 25MM Petite Diamond Watch,Rated 4.5/5 from 53 Amazon shopper reviews.,https://m.media-amazon.com/images/I/71o6rVQoWcS._AC_UL1500_.jpg,95.87
Sunglasses Tory Burch TY 6089 33056V Black,Rated 3.3/5 from 4 Amazon shopper reviews.,https://m.media-amazon.com/images/I/416VVzX6KGL._AC_UL1000_.jpg,95.87
Ray-Ban Rb4286 Square Sunglasses,Rated 3.7/5 from 16 Amazon shopper reviews.,https://m.media-amazon.com/images/I/613ouJSKepL._AC_UL1500_.jpg,95.80
Michael Kors Women MK6040 Sunglasses,Rated 4.6/5 from 24 Amazon shopper reviews.,https://m.media-amazon.com/images/I/61yya9bQYuL._AC_UL1500_.jpg,95.78
Michael Kors Women's Rose Gold-Tone Beaded Stainless Steel Slider Bracelet (Model:MKJ5220791),Rated 4.5/5 from 329 Amazon shopper reviews.,https://m.media-amazon.com/images/I/612bm5XLBvL._AC_UL1500_.jpg,95.70
Seiko neo sports SUR658P1 Mens quartz watch,Rated 2.3/5 from 3 Amazon shopper reviews.,https://m.media-amazon.com/images/I/71r5uJ-cyOL._AC_UL1500_.jpg,95.68
"COACH Woman Sunglasses Light Gold Frame, Brown Gradient Lenses, 57MM",Rated 4.6/5 from 143 Amazon shopper reviews.,https://m.media-amazon.com/images/I/61rrLYhi15L._AC_UL1500_.jpg,95.66
Tommy Hilfiger Womens Surplus Neckline Tie Scuba Crepe Straightleg Jumpsuit,Rated 4.7/5 from 7 Amazon shopper reviews.,https://m.media-amazon.com/images/I/61PJ+YJ1-FL._AC_UL1500_.jpg,95.65
Polo Ralph Lauren Ph4151 Round Sunglasses,Rated 4.6/5 from 34 Amazon shopper reviews.,https://m.media-amazon.com/images/I/510n4yCy4GL._AC_UL1500_.jpg,95.59
Vince Camuto Men's Multi-Function Gold-Tone and Black Croco-Grain Leather Strap Watch,Rated 3.4/5 from 3 Amazon shopper reviews.,https://m.media-amazon.com/images/I/81HZKn6gaEL._AC_UL1500_.jpg,95.20
Michael Kors MKC1013AA040 Silver Woman Earrings,Rated 3.6/5 from 9 Amazon shopper reviews.,https://m.media-amazon.com/images/I/61BnIOuZOpL._AC_UL1500_.jpg,95.00
Michael Kors Women's Slim Runway Three-Hand Stainless Steel Quartz Watch,"Rated 4.6/5 from 11,822 Amazon shopper reviews.",https://m.media-amazon.com/images/I/71-idgDfcML._AC_UL1500_.jpg,95.00
Tommy Hilfiger Women's 1781138 Sport Stainless Steel Bracelet Watch,Rated 3.5/5 from 23 Amazon shopper reviews.,https://m.media-amazon.com/images/I/714OTKcTC+L._AC_UL1500_.jpg,95.00
Coach Women's 14502095 Mini Boyfriend Signature Blue Strap Rose Gold Tone Watch,Rated 4.5/5 from 120 Amazon shopper reviews.,https://m.media-amazon.com/images/I/51oKOR5YVpL._AC_UL1000_.jpg,95.00
Michael Kors Women's Jayne Three-Hand Alloy Watch MK7104,Rated 4.6/5 from 143 Amazon shopper reviews.,https://m.media-amazon.com/images/I/71ETDJzNGFL._AC_UL1500_.jpg,95.00
Lacoste.12.12 Men's Quartz Plastic and Silicone Strap Watch,"Rated 4.6/5 from 2,103 Amazon shopper reviews.",https://m.media-amazon.com/images/I/718M2GVArWL._AC_UL1500_.jpg,95.00
Lacoste 2040079 Jewelry Baseline Men's Stainless Steel Pendant with chain Color: Silver,Rated 5/5 from 1 Amazon shopper reviews.,https://m.media-amazon.com/images/I/51FiTUJTrDL._AC_UL1500_.jpg,95.00
Seiko SXGP33 Womens Stainless Steel Case Leather Bracelet Mother of Pearl Dial Swarovski Crystals Watch,Rated 3.5/5 from 2 Amazon shopper reviews.,https://m.media-amazon.com/images/I/51RbFgwo3RL._AC_UL1500_.jpg,95.00
Oakley Men's Oo9448 Sylas Rectangular Sunglasses,Rated 4.6/5 from 907 Amazon shopper reviews.,https://m.media-amazon.com/images/I/51ywnxlXQPL._AC_UL1500_.jpg,95.00
Marc Jacobs Women's Snapshot Top Zip Multi Wallet,Rated 4.5/5 from 50 Amazon shopper reviews.,https://m.media-amazon.com/images/I/817t2DQ7+sL._AC_UL1500_.jpg,95.00
Polo Ralph Lauren Ph4149 Round Sunglasses,Rated 4.5/5 from 45 Amazon shopper reviews.,https://m.media-amazon.com/images/I/71hGqyz5xEL._AC_UL1500_.jpg,95.00
Guess Steel Croco Leather Men's watch #W90059G2,Rated 5/5 from 3 Amazon shopper reviews.,https://m.media-amazon.com/images/I/31ysuNU91FL._AC_.jpg,95.00
Lacoste Jewelry L.12.12 Silicone Bracelets,Rated 3/5 from 1 Amazon shopper reviews.,https://m.media-amazon.com/images/I/41enJlBXt1L._AC_UL1181_.jpg,95.00
Lacoste Jewelry Dextra Women's Bangle,Rated 4/5 from 1 Amazon shopper reviews.,https://m.media-amazon.com/images/I/61fD2kRO5wL._AC_UL1500_.jpg,95.00
Lacoste 2040117 Jewelry Metropole Men's Stainless Steel Link Bracelet Color: Silver,Rated 4.8/5 from 6 Amazon shopper reviews.,https://m.media-amazon.com/images/I/51MzqyuMbDL._AC_UL1181_.jpg,95.00
"Betsey Johnson womens Nutcracker Pendant Long Necklace,Pink,373168GLD650",Rated 4/5 from 29 Amazon shopper reviews.,https://m.media-amazon.com/images/I/71+b1TC2vDL._AC_UL1500_.jpg,95.00
Lacoste Jewelry Fundament Women's Chain Bracelet,Rated 5/5 from 3 Amazon shopper reviews.,https://m.media-amazon.com/images/I/61L9FSW+XKL._AC_UL1500_.jpg,95.00
"Caravelle by Bulova Traditional Quartz Mens Watch, Stainless Steel with Black Leather Strap, Silver-Tone (Model: 43B152)",Rated 4.2/5 from 52 Amazon shopper reviews.,https://m.media-amazon.com/images/I/61oMf+i2ZOL._AC_UL1500_.jpg,95.00
GUESS 45MM Iconic Logo Watch,Rated 4.5/5 from 268 Amazon shopper reviews.,https://m.media-amazon.com/images/I/81oOZrIZ9gL._AC_UL1500_.jpg,95.00
Oakley Women's Oo4108 Tie Breaker Aviator Sunglasses,Rated 4.6/5 from 108 Amazon shopper reviews.,https://m.media-amazon.com/images/I/51ohzTdyeOL._AC_UL1500_.jpg,95.00
"Kenneth Cole New York Women's KC2849 ""Classic"" Crystal-Accented Stainless Steel Watch With White Leather Band",Rated 4/5 from 30 Amazon shopper reviews.,https://m.media-amazon.com/images/I/811Jg1ruG2L._AC_UL1500_.jpg,95.00
COACH Boyfriend 14503877 Silver Logo Dial Black Silicone Band Women's 34mm Watch,Rated 4.5/5 from 30 Amazon shopper reviews.,https://m.media-amazon.com/images/I/51CXRDDbrDL._AC_UL1312_.jpg,95.00
Oakley Mens Factory Winter Gloves 2.0,Rated 4.2/5 from 162 Amazon shopper reviews.,https://m.media-amazon.com/images/I/819H2aJPYmL._AC_UL1500_.jpg,95.00
Tory Burch Small T Logo Stud Earrings Silver,Rated 4.6/5 from 83 Amazon shopper reviews.,https://m.media-amazon.com/images/I/51Epdr92EiL._AC_UL1035_.jpg,95.00
Men's 925 Sterling Silver Nugget Band Ring (Size 16),Rated 2.6/5 from 3 Amazon shopper reviews.,https://m.media-amazon.com/images/I/71pgDypchsL._AC_UL1280_.jpg,94.99
Men's 925 Sterling Silver Nugget Band Ring (Size 15.5),Rated 3/5 from 1 Amazon shopper reviews.,https://m.media-amazon.com/images/I/71pgDypchsL._AC_UL1280_.jpg,94.99
Michael Kors Women's Jet Set Travel Medium Zip Around Phone Holder Wallet,Rated 4.8/5 from 828 Amazon shopper reviews.,https://m.media-amazon.com/images/I/41bNosFXuZL._AC_.jpg,94.99
Michael Kors Women's Silver Brass Necklace (Model: MKJ7314040),Rated 3.4/5 from 10 Amazon shopper reviews.,https://m.media-amazon.com/images/I/61h-aXFmQ2L._AC_UL1500_.jpg,94.99
"Michael Kors Womens Rose Gold-Tone Heart Link Charm Bracelet, One Size",Rated 4.1/5 from 6 Amazon shopper reviews.,https://m.media-amazon.com/images/I/81DMuXljy5L._AC_UL1500_.jpg,94.99
Fossil Women's Carlie Stainless Steel Casual Quartz Watch,Rated 4.5/5 from 110 Amazon shopper reviews.,https://m.media-amazon.com/images/I/81VPzfMQR8L._AC_UL1500_.jpg,94.99
Michael Kors Women's Jayne Three-Hand Rose Gold-Tone Alloy Watch MK7128,Rated 4.6/5 from 175 Amazon shopper reviews.,https://m.media-amazon.com/images/I/81qOJsDe-EL._AC_UL1500_.jpg,94.98
Michael Kors Precious Metal-Plated Sterling Silver CZ Charm Slider Bracelet,Rated 4.2/5 from 5 Amazon shopper reviews.,https://m.media-amazon.com/images/I/71HErI76KmL._AC_UL1500_.jpg,94.95
Ray-Ban Rb4243 Round Sunglasses,Rated 4.4/5 from 184 Amazon shopper reviews.,https://m.media-amazon.com/images/I/61opB69sN4L._AC_UL1500_.jpg,94.92
Kenneth Cole New York Women Uhr Watch Leather digital KCC0168003,Rated 3.5/5 from 11 Amazon shopper reviews.,https://m.media-amazon.com/images/I/61xplbUdhEL._AC_UL1200_.jpg,94.92
"Ray-Ban Rb4318 Square Sunglasses, Matte Black/Grey Mirrored Gradient Silver, 55 mm",Rated 2.6/5 from 3 Amazon shopper reviews.,https://m.media-amazon.com/images/I/61h+5ZzRTwL._AC_UL1500_.jpg,94.59
GUESS 44MM Diamond Dial Watch,Rated 4.6/5 from 953 Amazon shopper reviews.,https://m.media-amazon.com/images/I/81ERDNV4J3L._AC_UL1500_.jpg,94.50
"kate spade new york Gold-Tone Alphabet Pendant Necklace, 18""","Rated 4.6/5 from 1,628 Amazon shopper reviews.",https://m.media-amazon.com/images/I/71y0lcMCYHL._AC_UL1500_.jpg,94.46
GUESS 38MM Crystal Bracelet Watch,Rated 4.2/5 from 68 Amazon shopper reviews.,https://m.media-amazon.com/images/I/71Ox00MlW+L._AC_UL1500_.jpg,94.46
"Fossil Men's Neutra Automatic Stainless Steel and Eco Leather Three-Hand Skeleton Watch, Color: Rose Gold, Brown (Model: ME3195)",Rated 4.3/5 from 52 Amazon shopper reviews.,https://m.media-amazon.com/images/I/61AA9X17VaL._AC_UL1000_.jpg,94.35
Citizen Men's BI5012-53E Quartz Gold Tone Stainless Steel Watch Case and Bracelet,"Rated 4.6/5 from 1,028 Amazon shopper reviews.",https://m.media-amazon.com/images/I/71YGKRgxgXL._AC_UL1500_.jpg,94.34
"Tory Burch Women's TY7031 Sunglasses, Black",Rated 4.5/5 from 384 Amazon shopper reviews.,https://m.media-amazon.com/images/I/61CSKKE5+dL._AC_UL1500_.jpg,94.09
Ray-Ban Mirror Collection Sunglasses Bronze Shiny/Blue Metal - Non-Polarized - 56mm,Rated 4.3/5 from 3 Amazon shopper reviews.,https://m.media-amazon.com/images/I/61pi1pPXWKL._AC_UL1500_.jpg,94.00
Armani Exchange Men's AX1900 Analog Display Analog Quartz Silver Watch,Rated 3.9/5 from 9 Amazon shopper reviews.,https://m.media-amazon.com/images/I/91jRXKcaSfL._AC_UL1500_.jpg,94.00
Coach Men's PVC Short Wallet (black CQBK),Rated 4.7/5 from 395 Amazon shopper reviews.,https://m.media-amazon.com/images/I/51pN6JbJXyL._AC_.jpg,93.92
Nixon Women's Mod Acetate Watch with Canvas Band,Rated 4.3/5 from 7 Amazon shopper reviews.,https://m.media-amazon.com/images/I/813bkCXbCoL._AC_UL1500_.jpg,93.86
"DKNY Men Gansevoort Quartz Leather Three-Hand Watch, Color: Black (Model: NY1604)",Rated 4.5/5 from 11 Amazon shopper reviews.,https://m.media-amazon.com/images/I/91IsAg3liIL._AC_UL1500_.jpg,93.67
Ray-Ban RB3364 Metal Polarized Rectangular Sunglasses,Rated 4.5/5 from 559 Amazon shopper reviews.,https://m.media-amazon.com/images/I/41oT6FSyg9L._AC_UL1500_.jpg,93.50
"Ted Baker Women's Stainless Steel Quartz Leather Strap, Beige, 12 Casual Watch (Model: BKPAMS2149I), Rose Gold/Champagne/Cream",Rated 3/5 from 4 Amazon shopper reviews.,https://m.media-amazon.com/images/I/71oGGCqZ0hL._AC_UL1500_.jpg,93.18
GUESS Women's Acetate Square Sunglasses,Rated 4.4/5 from 93 Amazon shopper reviews.,https://m.media-amazon.com/images/I/61oOnYheGxL._AC_UL1500_.jpg,93.00
Armani Exchange Men's Three-Hand Black-Tone Stainless Steel Watch AX2620,Rated 3.9/5 from 44 Amazon shopper reviews.,https://m.media-amazon.com/images/I/516ueGPGHsS._AC_UL1000_.jpg,93.00
Oakley Men's Oo9421 Forager Round Sunglasses,Rated 4.3/5 from 416 Amazon shopper reviews.,https://m.media-amazon.com/images/I/51Qf4R5nJ7L._AC_UL1500_.jpg,93.00
"Ray-Ban Men's RB4085 Sunglasses Rectangular, Black/Green Polarized, 68 mm",Rated 4.3/5 from 44 Amazon shopper reviews.,https://m.media-amazon.com/images/I/41UaqCnhwES._AC_UL1500_.jpg,93.00
Sunglasses Salvatore Ferragamo SF 172 S 687 Shiny Rose Gold/Light Peach,Rated 4.3/5 from 9 Amazon shopper reviews.,https://m.media-amazon.com/images/I/51IsdzQ61lL._AC_UL1500_.jpg,93.00
Ray-Ban RB4184 Square Sunglasses,Rated 4.5/5 from 443 Amazon shopper reviews.,https://m.media-amazon.com/images/I/51f4oF6oArL._AC_UL1500_.jpg,93.00
kensie Women's for Real Classic Wayfarer Sunglasses,Rated 5/5 from 1 Amazon shopper reviews.,https://m.media-amazon.com/images/I/71-WB2C2bDL._AC_UL1500_.jpg,93.00
Seiko Dress Men's Quartz Watch SUR197,Rated 3/5 from 1 Amazon shopper reviews.,https://m.media-amazon.com/images/I/617JabrzfjL._AC_UL1000_.jpg,92.99
Guess Dazzling Sport Watch Chronograph U0017L3,Rated 3.9/5 from 6 Amazon shopper reviews.,https://m.media-amazon.com/images/I/719sR8EUc7L._AC_UL1499_.jpg,92.99
GUESS 43.5MM Silicone Sport Watch,Rated 4.6/5 from 402 Amazon shopper reviews.,https://m.media-amazon.com/images/I/81LeUFvf55L._AC_UL1500_.jpg,92.68
Kate Spade Darcy Large Slim Bifold Wallet Houndstooth in Black Multi,Rated 5/5 from 8 Amazon shopper reviews.,https://m.media-amazon.com/images/I/71mm7LecI2L._AC_SL1500_.jpg,92.49
Cole Haan Women's Ch7000 Aviator Sunglasses,Rated 5/5 from 3 Amazon shopper reviews.,https://m.media-amazon.com/images/I/71DAhZDfRTL._AC_UL1500_.jpg,92.29
Kate Spade New York Women's Jakayla Aviator Sunglasses,Rated 4.2/5 from 96 Amazon shopper reviews.,https://m.media-amazon.com/images/I/61IJ67ze52L._AC_UL1500_.jpg,92.19
Cole Haan Trifold Men's Wallet Brown Leather,Rated 5/5 from 7 Amazon shopper reviews.,https://m.media-amazon.com/images/I/61AGFh6yPZL._AC_UL1500_.jpg,91.77
COACH Sunglasses HC 8285 U 502879 Dark Blue,Rated 4.1/5 from 32 Amazon shopper reviews.,https://m.media-amazon.com/images/I/61nx9CD+gfL._AC_UL1500_.jpg,91.76
Coach Men's Compact ID Wallet & Key Fob Gift Boxed Set,Rated 4.7/5 from 237 Amazon shopper reviews.,https://m.media-amazon.com/images/I/41y+7lSw+6L._AC_UL1302_.jpg,91.56
"GUESS Men Stainless Steel Quartz Watch with Silicone Strap, Blue, 27 (Model: U1049G9)",Rated 4.4/5 from 80 Amazon shopper reviews.,https://m.media-amazon.com/images/I/91Akx1dhsML._AC_UL1500_.jpg,91.20
Kate Spade New York Women's Norina Round Sunglasses,Rated 4.7/5 from 41 Amazon shopper reviews.,https://m.media-amazon.com/images/I/71L7TaxUzCL._AC_UL1500_.jpg,91.09
"Coach Men's Plaque Buckle Cut-To-Size Reversible Belt, 38mm",Rated 4.7/5 from 8 Amazon shopper reviews.,https://m.media-amazon.com/images/I/611jVjx2U8L._AC_UL1500_.jpg,90.53
Guess 34MM Bangle Bracelet Watch,Rated 4.9/5 from 15 Amazon shopper reviews.,https://m.media-amazon.com/images/I/71d8iG8q5tL._AC_UL1500_.jpg,90.46
DKNY Women's Eastside Stainless Steel Dress Quartz Watch,Rated 4.6/5 from 41 Amazon shopper reviews.,https://m.media-amazon.com/images/I/71ITdAYzPlL._AC_UL1500_.jpg,90.04
Armani Exchange Men's Chronograph Black-Tone Stainless Steel Watch AX2627,Rated 4.3/5 from 22 Amazon shopper reviews.,https://m.media-amazon.com/images/I/81lxQnAGcpL._AC_UL1500_.jpg,90.00
GUESS 40MM Crystal Embellished Watch,"Rated 4.6/5 from 1,555 Amazon shopper reviews.",https://m.media-amazon.com/images/I/91wPau1iElL._AC_UL1500_.jpg,90.00
Betsey Johnson Crab Pendant Necklace,Rated 4.6/5 from 16 Amazon shopper reviews.,https://m.media-amazon.com/images/I/81oGJq5cNnL._AC_UL1500_.jpg,90.00
GUESS Silicone Mens Watch U10663G6,Rated 4.4/5 from 6 Amazon shopper reviews.,https://m.media-amazon.com/images/I/61NVasJ-rsL._AC_UL1288_.jpg,90.00
Guess Fashion Womens GU7425 90A Shiny Bluew/Smoke Grey Lens Sunglasses - Blue/Smoke Grey,Rated 3.4/5 from 9 Amazon shopper reviews.,https://m.media-amazon.com/images/I/51Llq2jmhSL._AC_UL1500_.jpg,90.00
Michael Kors Mini Slim Runway Stainless Steel Watch,"Rated 4.6/5 from 3,358 Amazon shopper reviews.",https://m.media-amazon.com/images/I/715ocbl0Q1L._AC_UL1500_.jpg,90.00
"Arnette Men's D-Street 41/87 Sunglasses,OS,Gloss Black/Grey",Rated 4.3/5 from 41 Amazon shopper reviews.,https://m.media-amazon.com/images/I/61MzF1k0RTL._AC_UL1500_.jpg,90.00
"Fossil Women's Scarlette Mini Quartz Stainless Steel Three-Hand Watch, Color: Gold/Silver (Model: ES5173)",Rated 4.8/5 from 34 Amazon shopper reviews.,https://m.media-amazon.com/images/I/61tDAkBin3L._AC_UL1500_.jpg,90.00
"Calvin Klein Jewelry Women's Gift Set Dangle and Drop Earrings, Color: Silver (Model: 35700001)",Rated 5/5 from 3 Amazon shopper reviews.,https://m.media-amazon.com/images/I/61bHJ9xiy6L._AC_UL1500_.jpg,90.00
"Michael Kors MK5004 Chelsea Polarized Sunglasses Rose Gold w/Purple Mirror (1003/22) MK 5004 100322 59mm Authentic, 59/13/135",Rated 4.7/5 from 214 Amazon shopper reviews.,https://m.media-amazon.com/images/I/51OLe5pshOL._AC_UL1500_.jpg,90.00
"Caravelle by Bulova Ladies' Traditional Quartz Silver-Tone Stainless Steel Watch, White Dial Style: 43M118",Rated 4.7/5 from 23 Amazon shopper reviews.,https://m.media-amazon.com/images/I/61NCSbn2fBL._AC_UL1500_.jpg,90.00
Vera Bradley Kiss 'n Snap Wallet Jazzy Blooms,Rated 5/5 from 3 Amazon shopper reviews.,https://m.media-amazon.com/images/I/81bWjnX2MmL._AC_UL1500_.jpg,89.99
Armani Exchange Men's AX2320 Silver Quartz Watch,Rated 4.5/5 from 160 Amazon shopper reviews.,https://m.media-amazon.com/images/I/61C83Gz012L._AC_UL1000_.jpg,89.99
Michael Kors MK Etched Monogram Top Tension Bangle Bracelet,Rated 2/5 from 1 Amazon shopper reviews.,https://m.media-amazon.com/images/I/71GOt1VXi+L._AC_UL1500_.jpg,89.99
"Anne Klein Women's Genuine Diamond Dial Watch and Bracelet Set, AK/3346",Rated 4.6/5 from 536 Amazon shopper reviews.,https://m.media-amazon.com/images/I/81CEtsi+2lL._AC_UL1500_.jpg,89.99
Skagen Men's Grenen Three-Hand Date Watch with Steel Mesh or Leather Band,Rated 4.4/5 from 121 Amazon shopper reviews.,https://m.media-amazon.com/images/I/51VrpmfQ0UL._AC_UL1000_.jpg,89.99
Kenneth Cole New York Men's KC1980 Classic Grey Dial Strap Analog Watch,Rated 4.7/5 from 8 Amazon shopper reviews.,https://m.media-amazon.com/images/I/71Q2FHnaPuL._AC_UL1500_.jpg,89.99
Kenneth Cole New York 3-Hand Women's watch #KC2737,Rated 3/5 from 1 Amazon shopper reviews.,https://m.media-amazon.com/images/I/51fpwCUkzML._AC_UL1000_.jpg,89.99
NINE WEST Women's Crepe Tie Front Trench Coat,Rated 4.1/5 from 5 Amazon shopper reviews.,https://m.media-amazon.com/images/I/71dT24DdzZL._AC_UL1500_.jpg,89.99
"Skagen Womens Pro Planet Aaren Naturals Recycled Stainless Steel Minimalist Watch With Leather Alternatives Bands Made With Mulberry Bark, Cork And Apple",Rated 4.3/5 from 80 Amazon shopper reviews.,https://m.media-amazon.com/images/I/81+-Ro0mUkL._AC_UL1500_.jpg,89.99
Kate Spade New York Darcy Small Zip Card Case Wallet,Rated 4.4/5 from 16 Amazon shopper reviews.,https://m.media-amazon.com/images/I/81SZtyjwqsL._AC_SL1500_.jpg,89.97
Kenneth Cole New York Three-Hand Alloy Bracelet Men's watch #10026928,Rated 3.7/5 from 5 Amazon shopper reviews.,https://m.media-amazon.com/images/I/71j67ZZDXLL._AC_UL1488_.jpg,89.95
Kenneth Cole New York Multifunction Stainless Steel Men's watch #KC3946,Rated 3/5 from 1 Amazon shopper reviews.,https://m.media-amazon.com/images/I/61hsfO5APcL._AC_UL1497_.jpg,89.95
Polo Ralph Lauren Men's Ph4156 Shield Sunglasses,Rated 5/5 from 7 Amazon shopper reviews.,https://m.media-amazon.com/images/I/51b4KZC9ttL._AC_UL1500_.jpg,89.95
Ray-Ban Men's Rb4181 Square Sunglasses,Rated 4.2/5 from 446 Amazon shopper reviews.,https://m.media-amazon.com/images/I/61Xnz1bHlsL._AC_UL1500_.jpg,89.95
Kenneth Cole New York Men's 10025895 Classic Analog Display Japanese Quartz Black Watch,Rated 3.9/5 from 6 Amazon shopper reviews.,https://m.media-amazon.com/images/I/91VVg1M6lxL._AC_UL1500_.jpg,89.95
COACH HC8285U 56 mm Pillow Sunglasses,Rated 4.2/5 from 24 Amazon shopper reviews.,https://m.media-amazon.com/images/I/61mrhun8F6L._AC_UL1500_.jpg,89.95
Original Citizen Eco-Drive Navihawk A-T Black Rubber Band Strap for Watch JY8035-04E,Rated 4.8/5 from 3 Amazon shopper reviews.,https://m.media-amazon.com/images/I/51qo5ummOFL._AC_UL1000_.jpg,89.95
Skagen Men's SKW6101 Ancher Quartz 3 Hand Date Stainless Steel Black Watch,Rated 3.6/5 from 9 Amazon shopper reviews.,https://m.media-amazon.com/images/I/81lm6u44nWL._AC_UL1500_.jpg,89.81
Seiko import SND363PC men's SEIKO watch imports overseas models,Rated 3.9/5 from 281 Amazon shopper reviews.,https://m.media-amazon.com/images/I/51coimqA3fL._AC_.jpg,89.74
Polo Ralph Lauren Men's Ph3110 Aviator Sunglasses,Rated 4.5/5 from 199 Amazon shopper reviews.,https://m.media-amazon.com/images/I/51lhQmtniUL._AC_UL1500_.jpg,89.57
Ray-Ban RB3387 - 003/68 Sunglasses Silver/ Purple Violet Gradient 64mm,Rated 4.3/5 from 58 Amazon shopper reviews.,https://m.media-amazon.com/images/I/51gg3RsRMIL._AC_UL1500_.jpg,89.50
"Skagen Women's RIIS Quartz Analog Stainless Steel and Stainless Steel Watch, Color: Gold (Model: SKW2914)",Rated 4.5/5 from 34 Amazon shopper reviews.,https://m.media-amazon.com/images/I/81l+Yz-Ex1L._AC_UL1500_.jpg,89.39
U0016L4 Guess Stainless Steel Ladies Watch,Rated 4.7/5 from 3 Amazon shopper reviews.,https://m.media-amazon.com/images/I/71w00uFwlPL._AC_UL1500_.jpg,89.09
Tory Burch Womens Fitbit Metal Hinged Bracelet For Fitbit Flex 2,Rated 5/5 from 1 Amazon shopper reviews.,https://m.media-amazon.com/images/I/81MO74WTHhL._AC_UL1500_.jpg,89.00
Ray-Ban Men's RB3483 Metal Square Sunglasses,"Rated 4.6/5 from 1,167 Amazon shopper reviews.",https://m.media-amazon.com/images/I/51otn675CFL._AC_UL1500_.jpg,89.00
kate spade new york Cedar Street Dot Darla Wallet,Rated 1/5 from 1 Amazon shopper reviews.,https://m.media-amazon.com/images/I/91Em3ynZuQL._AC_UL1500_.jpg,89.00
Michael Kors Women's Jet Set Travel Zip Around Continental Wallet,Rated 4.7/5 from 111 Amazon shopper reviews.,https://m.media-amazon.com/images/I/31n9Q3zCiqL._AC_.jpg,89.00
Kate Spade New York Tea Time Cups Stacked Pendant Long Necklace Blue,Rated 5/5 from 1 Amazon shopper reviews.,https://m.media-amazon.com/images/I/31rP01VujjL._AC_.jpg,89.00
Ray-Ban RB4162 Aviator Sunglasses Rectangular,Rated 4.3/5 from 101 Amazon shopper reviews.,https://m.media-amazon.com/images/I/51Af146o9nL._AC_UL1500_.jpg,89.00
Ray-Ban RB4162-710/51 Sunglasses Havana w/Gradient Brown Lens 59mm,Rated 4.2/5 from 36 Amazon shopper reviews.,https://m.media-amazon.com/images/I/61YUSOURPaL._AC_UL1500_.jpg,89.00
"Ray-Ban Men's RB4234 Rectangular Sunglasses, Light Havana/Brown Gradient Dark Brown, 58 mm",Rated 3.2/5 from 15 Amazon shopper reviews.,https://m.media-amazon.com/images/I/51fNnjergBL._AC_UL1500_.jpg,89.00
Michael Vincent Michaud American Handmade Cast Artisan Glass & Gold-Plated Green Ginkgo Leaf Necklace,Rated 5/5 from 2 Amazon shopper reviews.,https://m.media-amazon.com/images/I/51++4sPpEaL._AC_UL1001_.jpg,88.99
"Fossil Jacqueline Women's Watch with Stainless Steel or Leather Band, Analog Watch Display","Rated 4.6/5 from 7,231 Amazon shopper reviews.",https://m.media-amazon.com/images/I/81NiZaIfFuL._AC_UL1500_.jpg,88.97
Coach Double Zip Leather Wallet In Colorblock Chalk Multi Style no. C7368,Rated 4.6/5 from 14 Amazon shopper reviews.,https://m.media-amazon.com/images/I/51yECx5eCIL._AC_SL1369_.jpg,88.86
Coach ID Billfold Wallet In Signature Canvas Charcoal/Black,Rated 4.6/5 from 203 Amazon shopper reviews.,https://m.media-amazon.com/images/I/61Xuzls3F-L._AC_SL1190_.jpg,88.75
Betsey Johnson XO Aaliya Shopper with Scarf,Rated 4.1/5 from 29 Amazon shopper reviews.,https://m.media-amazon.com/images/I/618olCL9A5L._AC_UL1500_.jpg,88.55
BOSS by Hugo Boss Men's 0581/P/S Polarized Rectangular Sunglasses,Rated 4.5/5 from 21 Amazon shopper reviews.,https://m.media-amazon.com/images/I/61+ulMKnrRL._AC_UL1500_.jpg,88.40
COACH Women's Small Trifold Wallet in Signature Canvas (Amazon Green),Rated 4.6/5 from 229 Amazon shopper reviews.,https://m.media-amazon.com/images/I/41kZY0scGEL._AC_SL1000_.jpg,88.40
Vince Camuto Men's VC/1074NVTI Date Function Dial Black Bracelet Watch,Rated 3.4/5 from 9 Amazon shopper reviews.,https://m.media-amazon.com/images/I/81tc+7MMjJL._AC_UL1500_.jpg,88.18
Ray-Ban RB2140 Original Wayfarer Gradient Sunglasses,Rated 4.3/5 from 833 Amazon shopper reviews.,https://m.media-amazon.com/images/I/5171BYdvr-L._AC_UL1500_.jpg,88.00
Calvin Klein mens Touchscreen Gloves,Rated 4.3/5 from 78 Amazon shopper reviews.,https://m.media-amazon.com/images/I/71ddF-j62iL._AC_UL1500_.jpg,88.00
Calvin Klein mens Men's Cuff Hat and Scarf Gift Set,Rated 4.7/5 from 63 Amazon shopper reviews.,https://m.media-amazon.com/images/I/71YP0zzauXL._AC_UL1500_.jpg,88.00
Ray-Ban RB4151 Rectangular Sunglasses,"Rated 4.5/5 from 1,180 Amazon shopper reviews.",https://m.media-amazon.com/images/I/41PokC+W0KL._AC_UL1500_.jpg,88.00
Ray-Ban RB4140 Wayfarer Sunglasses,Rated 4.1/5 from 129 Amazon shopper reviews.,https://m.media-amazon.com/images/I/41Q3avIXwWL._AC_UL1500_.jpg,88.00
Salvetore Ferragamo Sunglasses SF716S 618 Red Yellow Wood 58 16 135,Rated 4.7/5 from 5 Amazon shopper reviews.,https://m.media-amazon.com/images/I/51i0xBk6dTL._AC_UL1500_.jpg,87.98
Lacoste Men's Fitzgerald Large Billfold and Coin Wallet,Rated 4.7/5 from 209 Amazon shopper reviews.,https://m.media-amazon.com/images/I/91211uqpeQL._AC_UL1500_.jpg,87.95
"Fossil Minimalist Men's Watch with Leather or Stainless Steel Band, Chronograph or Analog Watch Display with Slim Case Design","Rated 4.5/5 from 8,269 Amazon shopper reviews.",https://m.media-amazon.com/images/I/51B4SyGFMkL._AC_UL1000_.jpg,87.93
Fossil Riley Women's Watch with Crystal Accents and Stainless Steel Bracelet Band,"Rated 4.6/5 from 13,181 Amazon shopper reviews.",https://m.media-amazon.com/images/I/615j4BA73jL._AC_UL1000_.jpg,87.88
"Marc Jacobs Women's Marc 460/S Oval Sunglasses, Black/Gray, 55mm, 17mm",Rated 4.4/5 from 19 Amazon shopper reviews.,https://m.media-amazon.com/images/I/61P9Tt79PkL._AC_UL1500_.jpg,87.71
Brahmin Debra Wallet,Rated 4.7/5 from 191 Amazon shopper reviews.,https://m.media-amazon.com/images/I/71D1wXnHqPL._AC_UL1500_.jpg,87.50
"NIXON Rival A1310-100m Water Resistant Women's Digital Surf Watch (38mm Watch Face, 20mm-19mm Pu/Rubber/Silicone Band)- Made with #Tide Recycled Ocean Plastics",Rated 4.2/5 from 24 Amazon shopper reviews.,https://m.media-amazon.com/images/I/51YKpM7XnpS._AC_UL1282_.jpg,87.50
Armani Exchange Women's Stainless Steel Quartz Watch with Leather Strap,Rated 4.5/5 from 698 Amazon shopper reviews.,https://m.media-amazon.com/images/I/617gj62b04L._AC_UL1100_.jpg,87.40
"Coach Men's Coin Wallet, Black, One Size",Rated 4.7/5 from 417 Amazon shopper reviews.,https://m.media-amazon.com/images/I/51ZAPHQp6mL._AC_.jpg,87.10
Kenneth Cole Black Stainless Steel Mens Watch KCC0131003,Rated 5/5 from 1 Amazon shopper reviews.,https://m.media-amazon.com/images/I/61O4FrQssjL._AC_UL1500_.jpg,87.00
Oakley Men's Oo9247 Chainlink Rectangular Sunglasses,Rated 4.5/5 from 911 Amazon shopper reviews.,https://m.media-amazon.com/images/I/41niYpNFNGL._AC_UL1500_.jpg,87.00
Ray-Ban Rj9506s Metal Aviator Sunglasses,"Rated 4.1/5 from 1,110 Amazon shopper reviews.",https://m.media-amazon.com/images/I/41ik0KLrWAL._AC_UL1500_.jpg,87.00
"Tommy Hilfiger Men's Quartz Stainless Steel and Bracelet Casual Watch, Color: Silver (Model: 1791684)",Rated 4.7/5 from 99 Amazon shopper reviews.,https://m.media-amazon.com/images/I/81jaA6tvu2L._AC_UL1500_.jpg,87.00
"Kate Spade New York Women's Adalyn Mini Wallet, Black Multi, One Size",Rated 5/5 from 2 Amazon shopper reviews.,https://m.media-amazon.com/images/I/71K47Rab88L._AC_SL1500_.jpg,87.00
Skagen Women's Grenen Lille Three-Hand Date Watch with Mesh or Leather Band,Rated 4.3/5 from 58 Amazon shopper reviews.,https://m.media-amazon.com/images/I/51ZRB6VnBFL._AC_UL1500_.jpg,87.00
Polo Ralph Lauren Men's Ph4110 Round Sunglasses,Rated 4.4/5 from 94 Amazon shopper reviews.,https://m.media-amazon.com/images/I/61Tsk8F11yL._AC_UL1500_.jpg,86.96
"Citizen Quartz Mens Watch, Stainless Steel with Leather strap, Casual, Black (Model: BF0580-06E)",Rated 4.5/5 from 425 Amazon shopper reviews.,https://m.media-amazon.com/images/I/81U0gmHdemL._AC_UL1500_.jpg,86.90
"Anne Klein Women's Premium Crystal Accented Watch and Bracelet Set, AK/3584",Rated 4.5/5 from 715 Amazon shopper reviews.,https://m.media-amazon.com/images/I/91rAjww4HfL._AC_UL1500_.jpg,86.75
"Rebecca Minkoff Women's Quartz Watch with Stainless Steel Strap, Gold, 18 (Model: 2200304)",Rated 4.7/5 from 10 Amazon shopper reviews.,https://m.media-amazon.com/images/I/71bWWzCPnyL._AC_UL1500_.jpg,86.63
Nixon Women's Kensington Stainless Steel Watch with Leather Band,Rated 4.6/5 from 261 Amazon shopper reviews.,https://m.media-amazon.com/images/I/81cYIiAfKbL._AC_UL1500_.jpg,86.49
Sunglasses Michael Kors MK 2120 F Asian fit 33558G Dark Brown Jacqaurd Logo,Rated 3.9/5 from 5 Amazon shopper reviews.,https://m.media-amazon.com/images/I/414plSSSiPL._AC_UL1200_.jpg,86.49
Michael Kors Women's Mk2139u Tulum Universal Fit Cat Eye Sunglasses,Rated 3.9/5 from 9 Amazon shopper reviews.,https://m.media-amazon.com/images/I/51FxlQM1VVL._AC_UL1500_.jpg,86.42
"Tommy Hilfiger Women's Quartz Stainless Steel and Leather Strap Sporty Watch, Color: White (Model: 1782089)",Rated 4.5/5 from 97 Amazon shopper reviews.,https://m.media-amazon.com/images/I/81a0aZvTRgL._AC_UL1500_.jpg,86.25
"Tommy Hilfiger Men's Quartz Watch with Leather Calfskin Strap, Black, 18.8 (Model: 1791479)",Rated 4.4/5 from 305 Amazon shopper reviews.,https://m.media-amazon.com/images/I/81Jm7B-D5YL._AC_UL1500_.jpg,86.25
"Tommy Hilfiger Women's Quartz Stainless Steel and Leather Strap Casual Watch, Color: Pink (Model: 1782378)",Rated 4.5/5 from 45 Amazon shopper reviews.,https://m.media-amazon.com/images/I/71SPLD5PdhL._AC_UL1500_.jpg,86.25
Tommy Hilfiger Men's 1791121 Sophisticated Sport Gold-Tone Stainless Steel Watch,Rated 4.6/5 from 801 Amazon shopper reviews.,https://m.media-amazon.com/images/I/61qCWoJ+O+L._AC_UL1073_.jpg,86.00
"COACH Woman Sunglasses Brown Silver Gold Gradient Frame, Smoke Gradient Lenses, 55MM",Rated 4.1/5 from 35 Amazon shopper reviews.,https://m.media-amazon.com/images/I/61E03pO8zEL._AC_UL1500_.jpg,85.99
"Fossil Machine Men's Watch with Stainless Steel or Leather Band, Chronograph or Analog Watch Display","Rated 4.7/5 from 15,555 Amazon shopper reviews.",https://m.media-amazon.com/images/I/61uZH-XcA+L._AC_UL1000_.jpg,85.98
Seiko import SND365PC dark blue mens SEIKO watch imports overseas models,Rated 4.2/5 from 14 Amazon shopper reviews.,https://m.media-amazon.com/images/I/71r3yipBjSL._AC_UL1500_.jpg,85.89
COACH Signature PVC Double Zip Wallet,Rated 4.5/5 from 17 Amazon shopper reviews.,https://m.media-amazon.com/images/I/819doL3bMDL._AC_UL1500_.jpg,85.84
Ray-Ban RB3492 Rectangular Sunglasses,Rated 4.6/5 from 56 Amazon shopper reviews.,https://m.media-amazon.com/images/I/71KvPaOeKTL._AC_UL1500_.jpg,85.50
Seiko import SND379P men's SEIKO watch imports overseas models,Rated 3.9/5 from 72 Amazon shopper reviews.,https://m.media-amazon.com/images/I/71whCJtKIXL._AC_UL1500_.jpg,85.48
Tommy Hilfiger Women's Adaptive Henley Dress with Belt,Rated 3.9/5 from 3 Amazon shopper reviews.,https://m.media-amazon.com/images/I/71DCmvebp9L._AC_UL1500_.jpg,85.32
FRYE Melissa Zip Around Leather Wallet,Rated 4.6/5 from 472 Amazon shopper reviews.,https://m.media-amazon.com/images/I/61QiV6H-LOL._AC_UL1500_.jpg,85.29
GUESS 35mm Stainless Steel Rectangular Watch with Diamond Markers,Rated 4.6/5 from 304 Amazon shopper reviews.,https://m.media-amazon.com/images/I/91MxESOgB0L._AC_UL1500_.jpg,85.25
Trina Turk Women's Sleeveless Tie Front Wrap Tunic,Rated 3.2/5 from 7 Amazon shopper reviews.,https://m.media-amazon.com/images/I/81DkvFk882S._AC_UL1500_.jpg,85.24
Kate Spade New York Women's Mackenzee Square Sunglasses,Rated 5/5 from 3 Amazon shopper reviews.,https://m.media-amazon.com/images/I/61RSTvuCReL._AC_UL1500_.jpg,85.13
Kate Spade New York Women's Dalia Aviator Sunglasses,Rated 4.5/5 from 895 Amazon shopper reviews.,https://m.media-amazon.com/images/I/61P6uERjb3L._AC_UL1500_.jpg,85.07
Bulova Women's 98V31 Stainless Steel Watch With Brown Leather Band,Rated 4.2/5 from 62 Amazon shopper reviews.,https://m.media-amazon.com/images/I/71pNcF+F0-L._AC_UL1500_.jpg,85.04
"Michael Kors Women’s, Jet Set Wallet, Off-White (Vanilla 150), Dimensions (W x H x D): 16 x 10 x 2 cm",Rated 4.4/5 from 8 Amazon shopper reviews.,https://m.media-amazon.com/images/I/913xKG8eT8L._AC_UL1500_.jpg,85.00
Michael Kors MK2137U Square Sunglasses for Women + BUNDLE With Designer iWear Complimentary Eyewear Kit,Rated 4.5/5 from 90 Amazon shopper reviews.,https://m.media-amazon.com/images/I/61lv2MQMSzL._AC_UL1500_.jpg,85.00
Anne Klein Women's Genuine Diamond Dial Bangle Watch,Rated 4.8/5 from 6 Amazon shopper reviews.,https://m.media-amazon.com/images/I/61LGZ5MBLbL._AC_UL1500_.jpg,85.00
GUESS Women's W12107L2 Flair Champagne Dial Watch,Rated 4.7/5 from 9 Amazon shopper reviews.,https://m.media-amazon.com/images/I/81P+fQa+9tL._AC_UL1500_.jpg,85.00
Caravelle Traditional Quartz Ladies Expansion Band Watch,Rated 4.4/5 from 20 Amazon shopper reviews.,https://m.media-amazon.com/images/I/61rAbkILioL._AC_UL1500_.jpg,85.00
Ray-Ban Rb3592 Ja-jo Round Sunglasses,Rated 4.1/5 from 288 Amazon shopper reviews.,https://m.media-amazon.com/images/I/51tW6KtWveL._AC_UL1500_.jpg,85.00
Michael Kors MK2079U ZERMATT Square Sunglasses For Women+ BUNDLE With Designer iWear Complimentary Eyewear Kit,Rated 4.7/5 from 235 Amazon shopper reviews.,https://m.media-amazon.com/images/I/41huTlaF8nL._AC_UL1010_.jpg,85.00
GUESS Silver-Tone and White Jeweled Watch,Rated 4.7/5 from 531 Amazon shopper reviews.,https://m.media-amazon.com/images/I/81+Tg1Vkw1L._AC_UL1500_.jpg,85.00
Michael Kors MK1045 SAN DIEGO Aviator Sunglasses For Women+ BUNDLE With Designer iWear Complimentary Eyewear Kit,Rated 4.6/5 from 159 Amazon shopper reviews.,https://m.media-amazon.com/images/I/31x8ZZASECL._AC_UL1000_.jpg,85.00
Michael Kors Men's Cut to Fit Reversible PVC Leather Dress Belt,Rated 4.3/5 from 94 Amazon shopper reviews.,https://m.media-amazon.com/images/I/515BCaSEPxL._AC_UL1024_.jpg,85.00
COACH Quilted C Tag Drop Earrings,Rated 3.8/5 from 28 Amazon shopper reviews.,https://m.media-amazon.com/images/I/61X9yrPsVRL._AC_UL1500_.jpg,85.00
"Betsey Johnson ""Confetti"" Mixed Multi-Colored Stone Lucite Star Long Pendant Necklace",Rated 3.8/5 from 3 Amazon shopper reviews.,https://m.media-amazon.com/images/I/81jCA1mYiaL._AC_UL1500_.jpg,85.00
"Tommy Hilfiger Men's Jewelry Stainless Steel Chunk Chain Bracelet, Color: Silver (Model: 2700261)",Rated 4.3/5 from 77 Amazon shopper reviews.,https://m.media-amazon.com/images/I/71INcvAfo1L._AC_UL1500_.jpg,85.00
"Kenneth Cole New York Women's Quartz Stainless Steel Case Stainless Steel Bracelet Silver,(Model:KC4978)",Rated 4/5 from 4 Amazon shopper reviews.,https://m.media-amazon.com/images/I/81hNre+aR+L._AC_UL1500_.jpg,85.00
COACH COMPACT WALLET IN CROSSGRAIN LEATHER 59112 BLACK,Rated 4.2/5 from 23 Amazon shopper reviews.,https://m.media-amazon.com/images/I/71X0HBCa4bL._AC_UL1500_.jpg,84.99
Men's 925 Sterling Silver Nugget Band Ring (Size 13.5),Rated 2.3/5 from 2 Amazon shopper reviews.,https://m.media-amazon.com/images/I/71pgDypchsL._AC_UL1280_.jpg,84.99
Men's 925 Sterling Silver Nugget Band Ring (Size 12.25),Rated 5/5 from 1 Amazon shopper reviews.,https://m.media-amazon.com/images/I/71pgDypchsL._AC_UL1280_.jpg,84.99
COACH Sunglasses HC 7122 938287 Matte Silver,Rated 4.3/5 from 12 Amazon shopper reviews.,https://m.media-amazon.com/images/I/51imC6KpH1L._AC_UL1500_.jpg,84.99
Guess Valencia Blue Dial Ladies Multifunction Watch W1157L3,Rated 4.5/5 from 58 Amazon shopper reviews.,https://m.media-amazon.com/images/I/71aXFsKLbbL._AC_UL1500_.jpg,84.99
"Tory Burch TY7106 Sunglasses 17091H-57 - Black Frame, Blue Gradient Polar TY7106-17091H-57",Rated 3.6/5 from 30 Amazon shopper reviews.,https://m.media-amazon.com/images/I/61TcIz9DdmL._AC_UL1500_.jpg,84.99
Calvin Klein Women's Petite Sleeveless Collared Sheath with Self Belt Dress,Rated 4.4/5 from 5 Amazon shopper reviews.,https://m.media-amazon.com/images/I/61E9vg21C5L._AC_UL1055_.jpg,84.99
Calvin Klein Sport Watch K8M274CB,Rated 4.4/5 from 26 Amazon shopper reviews.,https://m.media-amazon.com/images/I/71yJ27SG5dL._AC_UL1500_.jpg,84.99
"Michael Kors BARROW MK2111 Sunglasses 30058G-57 -, Dark Grey Gradient MK2111-30058G-57",Rated 3.4/5 from 12 Amazon shopper reviews.,https://m.media-amazon.com/images/I/61gxIewqWAL._AC_UL1500_.jpg,84.99
Skagen Women's Anita Stainless Steel Mesh Dress Quartz Watch,"Rated 4.5/5 from 1,715 Amazon shopper reviews.",https://m.media-amazon.com/images/I/71m9wakaPBL._AC_UL1500_.jpg,84.97
"Kenneth Cole New York Men's Stainless Steel Case Stainless Steel Bracelet Silver Casual Watch,(Model:KC50562002/03)",Rated 5/5 from 5 Amazon shopper reviews.,https://m.media-amazon.com/images/I/81jbbiMXL5L._AC_UL1500_.jpg,84.95
Citizen Cashmere Winter Touchscreen Gloves for Women - Texting Gloves for Women,Rated 4.1/5 from 6 Amazon shopper reviews.,https://m.media-amazon.com/images/I/61n4taVBh4L._AC_UL1024_.jpg,84.95
Betsey Johnson Mixed Heart & Bead Statement Necklace,Rated 1/5 from 1 Amazon shopper reviews.,https://m.media-amazon.com/images/I/71YO+E0gU1L._AC_UL1500_.jpg,84.91
GUESS Ionic Plated Leather Watch,Rated 4.1/5 from 62 Amazon shopper reviews.,https://m.media-amazon.com/images/I/71176+sTfwL._AC_UL1500_.jpg,84.83
Polo Ralph Lauren Men's Ph3122 Aviator Sunglasses,Rated 4.5/5 from 29 Amazon shopper reviews.,https://m.media-amazon.com/images/I/51AUfvWw6LL._AC_UL1500_.jpg,84.72
Hugo Boss Boss Male sunglasses style BOSS 1035/S,Rated 4/5 from 34 Amazon shopper reviews.,https://m.media-amazon.com/images/I/51dsqY+DwoL._AC_UL1500_.jpg,84.70
Kate Spade New York Women's Hilde Polarized Cat-Eye Sunglasses,Rated 4.6/5 from 737 Amazon shopper reviews.,https://m.media-amazon.com/images/I/71i4ap3xjTL._AC_UL1500_.jpg,84.55
Ray-Ban Women's Rb3747 Round Sunglasses,Rated 4.2/5 from 51 Amazon shopper reviews.,https://m.media-amazon.com/images/I/51zINlA+2RL._AC_UL1500_.jpg,84.50
Michael Kors Pyper Three-Hand Stainless Steel Watch,"Rated 4.7/5 from 8,574 Amazon shopper reviews.",https://m.media-amazon.com/images/I/71nX77BYkOL._AC_UL1500_.jpg,84.47
Karl Lagerfeld Paris Maybelle SLG Essential Sm Wallet,Rated 4/5 from 6 Amazon shopper reviews.,https://m.media-amazon.com/images/I/71Y-6y3ruxL._AC_UL1500_.jpg,84.45
COACH Womens L109 Sunglasses (HC8132) Acetate,Rated 4.7/5 from 318 Amazon shopper reviews.,https://m.media-amazon.com/images/I/61H98XkJAPL._AC_UL1500_.jpg,84.28
Fossil Men's Copeland Stainless Steel and Leather Casual Quartz Watch,"Rated 4.7/5 from 3,002 Amazon shopper reviews.",https://m.media-amazon.com/images/I/81hltVZamoL._AC_UL1500_.jpg,84.00
Michael Kors MK2045 JAN Cat Eye Sunglasses For Women + BUNDLE with Designer iWear Complimentary Eyewear Care Kit Care Kit,Rated 4.6/5 from 117 Amazon shopper reviews.,https://m.media-amazon.com/images/I/41eAUIZuBzL._AC_UL1010_.jpg,84.00
Michael Kors MK5004 CHELSEA Aviator Sunglasses For Women + BUNDLE with Designer iWear Complimentary Eyewear Care Kit,"Rated 4.6/5 from 1,220 Amazon shopper reviews.",https://m.media-amazon.com/images/I/71WNrjZwiTL._AC_UL1500_.jpg,84.00
Michael Kors MK2087U STOWE Rectangle Sunglasses For Women+ BUNDLE With Designer iWear Complimentary Eyewear Kit,Rated 4.4/5 from 35 Amazon shopper reviews.,https://m.media-amazon.com/images/I/41a0EPrGrjL._AC_UL1010_.jpg,84.00
Kate Spade New York gemma small flap wallet (black),Rated 4.9/5 from 31 Amazon shopper reviews.,https://m.media-amazon.com/images/I/518KAZvbziS._AC_SL1000_.jpg,84.00
NIXON Jane Watch - Women's,Rated 4.7/5 from 9 Amazon shopper reviews.,https://m.media-amazon.com/images/I/81RoFmWBKpL._AC_SL1500_.jpg,83.84
Ray-Ban RB3293 Metal Aviator Sunglasses,"Rated 4.4/5 from 1,670 Amazon shopper reviews.",https://m.media-amazon.com/images/I/519kb8ltkML._AC_UL1500_.jpg,83.50
Armani Exchange Men's Chronograph White-Tone Nylon Watch AX1340,Rated 4.7/5 from 5 Amazon shopper reviews.,https://m.media-amazon.com/images/I/51s1lW7VfuL._AC_UL1160_.jpg,83.45
Oakley Men's Oo9389 Evzero Stride Asian Fit Rectangular Sunglasses,Rated 4.5/5 from 78 Amazon shopper reviews.,https://m.media-amazon.com/images/I/514M44CoiwL._AC_UL1500_.jpg,83.41
Kate Spade New York Women's Lamonica Round Sunglasses,Rated 4.5/5 from 153 Amazon shopper reviews.,https://m.media-amazon.com/images/I/51iie5ChOkL._AC_UL1500_.jpg,83.38
Ray-Ban RB4189 Wrap Sunglasses,Rated 3.8/5 from 21 Amazon shopper reviews.,https://m.media-amazon.com/images/I/6124uRuvT2L._AC_UL1491_.jpg,83.30
Ray-Ban Men's Rb3521 Steel Square Sunglasses,Rated 3/5 from 13 Amazon shopper reviews.,https://m.media-amazon.com/images/I/61XqUKYeDOL._AC_UL1500_.jpg,83.30
Armani Exchange Mens Sunglasses,Rated 5/5 from 8 Amazon shopper reviews.,https://m.media-amazon.com/images/I/511RvAzq4UL._AC_UL1500_.jpg,83.27
Kate Spade New York Women's Marliee Rectangular Sunglasses,Rated 4.3/5 from 170 Amazon shopper reviews.,https://m.media-amazon.com/images/I/61hj6m40CPL._AC_UL1500_.jpg,83.20
Ray-Ban Men's RB4170 Brad Round Sunglasses,Rated 4.5/5 from 89 Amazon shopper reviews.,https://m.media-amazon.com/images/I/51m2uUWOGQL._AC_UL1500_.jpg,83.00
Lacoste Womens Analogue Classic Quartz Watch with Silicone Strap 2001067,Rated 4.4/5 from 342 Amazon shopper reviews.,https://m.media-amazon.com/images/I/719ZKNbPQLL._AC_UL1500_.jpg,82.98
Calvin Klein Women's V Maxi Dress with Self Belt and Back Neck Keyhole,Rated 4.1/5 from 15 Amazon shopper reviews.,https://m.media-amazon.com/images/I/814DxeRUo6L._AC_UL1500_.jpg,82.72
"Citizen Quartz Mens Watch, Stainless Steel with Leather strap, Casual, Black (Model: BI5000-01A)",Rated 4.5/5 from 469 Amazon shopper reviews.,https://m.media-amazon.com/images/I/51QNdgBYhcS._AC_UL1000_.jpg,82.50
Ray-Ban Rb4187f Chris Low Bridge Fit Square Sunglasses,Rated 4.4/5 from 119 Amazon shopper reviews.,https://m.media-amazon.com/images/I/41ccVh+SkBS._AC_UL1500_.jpg,82.50
Karli Three-Hand Rose Gold-Tone Stainless Steel Watch,Rated 4.7/5 from 21 Amazon shopper reviews.,https://m.media-amazon.com/images/I/611I0f+I+MS._AC_UL1000_.jpg,82.40
"Kate Spade New York Women's Winter Painterly Strip Oblong Scarf, Geranium, One Size",Rated 1/5 from 1 Amazon shopper reviews.,https://m.media-amazon.com/images/I/81VdQCJErdL._AC_UL1500_.jpg,82.40
Modern Sophisticate Multifunction Two-Tone Stainless Steel Watch,Rated 4.5/5 from 59 Amazon shopper reviews.,https://m.media-amazon.com/images/I/81nsPP+CQFL._AC_UL1500_.jpg,82.39
Skagen Women's SKW2695 Signatur Analog Display Japanese Quartz Pink Watch,Rated 4/5 from 15 Amazon shopper reviews.,https://m.media-amazon.com/images/I/51im2HpS7JL._AC_UL1000_.jpg,82.31
Skagen Men's SKW6412 Playtype Core Analog Display Analog Quartz Black Watch,Rated 3.6/5 from 14 Amazon shopper reviews.,https://m.media-amazon.com/images/I/812WAhd+5qL._AC_UL1500_.jpg,82.17
Kate Spade New York Women's Wilhemina/S Square Sunglasses,Rated 5/5 from 1 Amazon shopper reviews.,https://m.media-amazon.com/images/I/61zsB1tBpTL._AC_UL1500_.jpg,82.12
Tommy Hilfiger Women's Quilted Jacket with Tie Waist Belt,Rated 4.5/5 from 351 Amazon shopper reviews.,https://m.media-amazon.com/images/I/81S0cGh2COL._AC_UL1500_.jpg,82.08
A|X ARMANI EXCHANGE Men's Ax4118sf Low Bridge Fit Round Sunglasses,Rated 5/5 from 1 Amazon shopper reviews.,https://m.media-amazon.com/images/I/51LqNOKzzKL._AC_UL1500_.jpg,82.00
Kate Spade New York Women's Daesha Round Sunglasses,Rated 4.7/5 from 527 Amazon shopper reviews.,https://m.media-amazon.com/images/I/61r7ZXnmpmL._AC_UL1500_.jpg,81.93
Fossil Women's Gabby Stainless Steel Crystal-Accented Quartz Watch,Rated 4.6/5 from 133 Amazon shopper reviews.,https://m.media-amazon.com/images/I/81AL61ZzU4L._AC_UL1500_.jpg,81.69
Michael Kors Hvar Sunglasses MK5007 Rose Gold/Rose Gold Flash 1080/R1 59mm,Rated 4.6/5 from 253 Amazon shopper reviews.,https://m.media-amazon.com/images/I/51okzhbO-YL._AC_UL1024_.jpg,81.69
Kate Spade New York Women's Ally Aviator Sunglasses,Rated 4.6/5 from 116 Amazon shopper reviews.,https://m.media-amazon.com/images/I/71qXQBW9QLL._AC_UL1500_.jpg,81.64
Lacoste Women's L928s Cat Eye Sunglasses,Rated 3.9/5 from 21 Amazon shopper reviews.,https://m.media-amazon.com/images/I/51vYrdqYS+L._AC_UL1500_.jpg,81.59
Kate Spade New York Women's Arlynn Square Sunglasses,Rated 4.4/5 from 76 Amazon shopper reviews.,https://m.media-amazon.com/images/I/71m-CiLHMQL._AC_UL1500_.jpg,81.58
COACH Sunglasses HC 8292 50028G Black,Rated 4.4/5 from 49 Amazon shopper reviews.,https://m.media-amazon.com/images/I/61LnCYI5h1L._AC_UL1500_.jpg,81.57
Ray-Ban Rb4278 Square Sunglasses,Rated 4.4/5 from 94 Amazon shopper reviews.,https://m.media-amazon.com/images/I/51nCZRw9yYL._AC_UL1500_.jpg,81.50
Ray-Ban Men's Rb3516 Metal Square Sunglasses,Rated 4.6/5 from 820 Amazon shopper reviews.,https://m.media-amazon.com/images/I/415jrsNelQL._AC_UL1500_.jpg,81.50
Michael Kors MK5007-1080R1 Sunglasses 59mm,Rated 4.5/5 from 202 Amazon shopper reviews.,https://m.media-amazon.com/images/I/51c7aVyNm6L._AC_UL1500_.jpg,81.50
"Polo Ralph Lauren Men's PH4142 Rectangular Sunglasses, Matte Black/Light Grey, 57 mm",Rated 3.4/5 from 13 Amazon shopper reviews.,https://m.media-amazon.com/images/I/51fc0j--RVL._AC_UL1500_.jpg,81.48
"Caravelle by Bulova Men's Dress Quartz Gold Tone Stainless Steel Watch,Coin Edge Bezel Style: 44B121",Rated 4.2/5 from 19 Amazon shopper reviews.,https://m.media-amazon.com/images/I/61TcPRjemtL._AC_UL1500_.jpg,81.25
Michael Kors MKT9024 18mm Bradshaw Stainless Steel Watch Bracelet,Rated 4.7/5 from 19 Amazon shopper reviews.,https://m.media-amazon.com/images/I/61rkNVcRAuL._AC_SL1500_.jpg,81.11
Kate Spade New York Women's Paxton2/S Cat Eye Sunglasses,Rated 4.5/5 from 30 Amazon shopper reviews.,https://m.media-amazon.com/images/I/51yknhpYBRL._AC_UL1500_.jpg,81.04
Michael Kors MK2098U Square Sunglasses for Women + BUNDLE with Designer iWear Complimentary Eyewear Care Kit,Rated 4.4/5 from 189 Amazon shopper reviews.,https://m.media-amazon.com/images/I/41pa2LGs7eL._AC_UL1200_.jpg,81.00
Michael's Jewelers-Provincetown Fish Hook Bracelet from Cape Cod 925 Sterling Silver Hook Bracelet,Rated 4.4/5 from 42 Amazon shopper reviews.,https://m.media-amazon.com/images/I/61lmJ-K3ReL._AC_UL1500_.jpg,80.99
"Juicy Couture Women's JU 551/S Rectangular Sunglasses, Black Polka Dot/Grey Gradient, 54mm, 16mm",Rated 4.8/5 from 11 Amazon shopper reviews.,https://m.media-amazon.com/images/I/61U1LVOG2rL._AC_UL1500_.jpg,80.90
Oakley Women's Oo4054 Caveat Aviator Sunglasses,Rated 4.5/5 from 905 Amazon shopper reviews.,https://m.media-amazon.com/images/I/41aZ7FIdKBL._AC_UL1001_.jpg,80.50
Fossil Women's FB-01 Stainless Steel Dive-Inspired Casual Quartz Watch,"Rated 4.6/5 from 1,101 Amazon shopper reviews.",https://m.media-amazon.com/images/I/71n6HeLN2YL._AC_UL1500_.jpg,80.47
Vera Bradley Women's Performance Twill Riley Compact Wallet with RFID Protection,Rated 4.6/5 from 183 Amazon shopper reviews.,https://m.media-amazon.com/images/I/71Cqmj8pTiL._AC_UL1500_.jpg,80.45
Skagen Women's Gitte Stainless Steel Mesh Casual Quartz Watch,Rated 4.6/5 from 963 Amazon shopper reviews.,https://m.media-amazon.com/images/I/81hsVezNIgS._AC_UL1500_.jpg,80.28
Fenmore Midsize Multifunction Brown Leather Watch,Rated 4.4/5 from 56 Amazon shopper reviews.,https://m.media-amazon.com/images/I/71i09gJbntL._AC_UL1500_.jpg,80.26
COACH Womens L139 Sunglasses (HC8158) Acetate,Rated 4.6/5 from 855 Amazon shopper reviews.,https://m.media-amazon.com/images/I/51A-YwCKyLL._AC_UL1500_.jpg,80.24
Kate Spade New York Women's Cheyenne Round Sunglasses,Rated 4.3/5 from 139 Amazon shopper reviews.,https://m.media-amazon.com/images/I/61AJSaS53jL._AC_UL1500_.jpg,80.10
COACH Sunglasses HC 8322 51203B Dark Tortoise,Rated 5/5 from 1 Amazon shopper reviews.,https://m.media-amazon.com/images/I/61NyGlKHc9L._AC_UL1500_.jpg,80.09
Jivago Women's JV2212 Bijoux Watch,Rated 4.1/5 from 4 Amazon shopper reviews.,https://m.media-amazon.com/images/I/81DRzHtOE3L._AC_UL1500_.jpg,80.07
"Tommy Hilfiger Men's Quartz Watch with Stainless Steel Strap, Silver, 20 (Model: 1791511)",Rated 4.5/5 from 416 Amazon shopper reviews.,https://m.media-amazon.com/images/I/711LnGR4P7L._AC_UL1500_.jpg,80.06
Ray-Ban Rb3654 Square Sunglasses,Rated 4.4/5 from 32 Amazon shopper reviews.,https://m.media-amazon.com/images/I/61xentToRdL._AC_UL1500_.jpg,80.00
"MiLTAT 22mm Watch Band for Seiko Turtle SRP773 SRP775 SRP777 SRPA21, Endmill Screw-Link",Rated 4.6/5 from 83 Amazon shopper reviews.,https://m.media-amazon.com/images/I/61NJEGKKHtL._AC_UL1024_.jpg,80.00
Anne Klein Dress Watch (Model: AK/3342),Rated 4.7/5 from 6 Amazon shopper reviews.,https://m.media-amazon.com/images/I/81xf1-t2RcL._AC_UL1500_.jpg,80.00
Nugget Rings Solid Silver for Men (9),Rated 5/5 from 1 Amazon shopper reviews.,https://m.media-amazon.com/images/I/61CGudRucHL._AC_UL1100_.jpg,79.99
Nugget Rings Solid Silver for Men (12.5),Rated 5/5 from 1 Amazon shopper reviews.,https://m.media-amazon.com/images/I/61CGudRucHL._AC_UL1100_.jpg,79.99
COACH Sunglasses HC 8279 U 50028G Black,Rated 5/5 from 4 Amazon shopper reviews.,https://m.media-amazon.com/images/I/61D29306IHL._AC_UL1500_.jpg,79.99
Michael Kors Logo Bracelet MKJ4731791,Rated 5/5 from 2 Amazon shopper reviews.,https://m.media-amazon.com/images/I/81uuU6Sw84L._AC_UL1500_.jpg,79.99
Bulova 96L238 Women's Crystal Accented Bezel Blue MOP Dial Steel Bracelet Watch,Rated 5/5 from 4 Amazon shopper reviews.,https://m.media-amazon.com/images/I/71eJjry9tQL._AC_UL1500_.jpg,79.99
Nugget Rings Solid Silver for Men (11.25),Rated 5/5 from 1 Amazon shopper reviews.,https://m.media-amazon.com/images/I/61CGudRucHL._AC_UL1100_.jpg,79.99
Nugget Rings Solid Silver for Men (7),Rated 5/5 from 1 Amazon shopper reviews.,https://m.media-amazon.com/images/I/61CGudRucHL._AC_UL1100_.jpg,79.99
Nautica Women's Hooded Raincoat with Belt Jacket,Rated 4.3/5 from 58 Amazon shopper reviews.,https://m.media-amazon.com/images/I/710Y2oDUDQS._AC_UL1500_.jpg,79.99
GUESS Brown Analog Watch,Rated 4.1/5 from 56 Amazon shopper reviews.,https://m.media-amazon.com/images/I/81vE6viGXuL._AC_UL1500_.jpg,79.99
GUESS Black and Gold-Tone Rectangle Watch,Rated 4.4/5 from 34 Amazon shopper reviews.,https://m.media-amazon.com/images/I/818rNvutg-L._AC_UL1500_.jpg,79.99
Vera Bradley Accordion Wallet,Rated 4.8/5 from 150 Amazon shopper reviews.,https://m.media-amazon.com/images/I/61dtRC001GL._AC_UL1001_.jpg,79.99
Vera Bradley Jewelry Box in Venetian Paisley,Rated 5/5 from 3 Amazon shopper reviews.,https://m.media-amazon.com/images/I/51CzNMYjJjL._AC_.jpg,79.99
Vera Bradley Turn Lock Wallet in Dogwood,Rated 4.5/5 from 6 Amazon shopper reviews.,https://m.media-amazon.com/images/I/81zG59TkmlL._AC_UL1500_.jpg,79.99
"22mm Endmill watch band for SEIKO Diver SKX007, Brushed Solid Stainless Steel",Rated 4.4/5 from 217 Amazon shopper reviews.,https://m.media-amazon.com/images/I/61-YjWBWfSL._AC_UL1200_.jpg,79.99
Lacoste Men's Buckle Belt W/Croc Detailing,Rated 4.3/5 from 115 Amazon shopper reviews.,https://m.media-amazon.com/images/I/518FGs6ijML._AC_UL1500_.jpg,79.99
Men's Black Kenneth Cole Two-Tone Watch KC1836,Rated 4/5 from 1 Amazon shopper reviews.,https://m.media-amazon.com/images/I/81h0UdONMWL._AC_UL1500_.jpg,79.99
Karli Three-Hand Stainless Steel Watch,Rated 4.7/5 from 57 Amazon shopper reviews.,https://m.media-amazon.com/images/I/71jPOfU3GLL._AC_UL1500_.jpg,79.99
Guess Women's multi-dial solar watch with stainless steel strap.,Rated 4.4/5 from 146 Amazon shopper reviews.,https://m.media-amazon.com/images/I/81KxRIw9AwL._AC_UL1500_.jpg,79.99
"Michael Kors Woman Sunglasses Silver Frame, Grey Gradient Lenses, 57MM",Rated 4.4/5 from 12 Amazon shopper reviews.,https://m.media-amazon.com/images/I/514O4n2LaeL._AC_UL1500_.jpg,79.99
GUESS Women's Stainless Steel Analog Watch with Silicone Strap,Rated 4.7/5 from 195 Amazon shopper reviews.,https://m.media-amazon.com/images/I/71+GXJdOvPL._AC_UL1500_.jpg,79.98
Kenneth Cole New York Men's 'Diamond' Japanese Quartz Stainless Steel and Leather Casual Watch Black (KC50580003),Rated 3/5 from 1 Amazon shopper reviews.,https://m.media-amazon.com/images/I/91kR5na+Y7L._AC_UL1500_.jpg,79.95
Tory Burch TY7163U Women's Sunglasses Black/Grey Gradient 54,Rated 4.3/5 from 13 Amazon shopper reviews.,https://m.media-amazon.com/images/I/51QwYyF1XzS._AC_UL1500_.jpg,79.95
Anne Klein Women's Bangle Watch and Premium Crystal Accented Bracelet Set,Rated 4.6/5 from 522 Amazon shopper reviews.,https://m.media-amazon.com/images/I/71ESJe5wFuL._AC_UL1500_.jpg,79.95
Kenneth Cole Men's KC3787 Reaction Brown IP Bracelet Watch,Rated 4.4/5 from 7 Amazon shopper reviews.,https://m.media-amazon.com/images/I/61mmasmju9S._AC_UL1000_.jpg,79.95
Polo Ralph Lauren Men's Ph4167 Square Sunglasses,Rated 4.6/5 from 23 Amazon shopper reviews.,https://m.media-amazon.com/images/I/71spsx3-hUL._AC_UL1500_.jpg,79.95
Michael Kors Women's MK2793 Charley 38mm Quartz Watch,Rated 4.7/5 from 130 Amazon shopper reviews.,https://m.media-amazon.com/images/I/51VM8DGMmGL._AC_UL1200_.jpg,79.95
Michael Kors MK1029-1026R1 Sunglasses CHARLESTON ROSE GOLD/MILKY LT BROWN w/ROSE GOLD F 52mm,Rated 4.8/5 from 8 Amazon shopper reviews.,https://m.media-amazon.com/images/I/61isp4v14IL._AC_UL1500_.jpg,79.90
Skagen Women's Signature Two-Hand Gunmetal-Tone Stainless Steel Mesh Watch (Model: SKW2996),"Rated 4.6/5 from 1,091 Amazon shopper reviews.",https://m.media-amazon.com/images/I/71xAskZEL1L._AC_SL1500_.jpg,79.85
Skagen Women's 20SSSMP Steel Collection Dual Time Zone Stainless Steel Watch,Rated 3.9/5 from 119 Amazon shopper reviews.,https://m.media-amazon.com/images/I/61zsEKU69QL._AC_UL1500_.jpg,79.81
Skagen Women's SKW2266 Anita Black Leather Watch,Rated 3.4/5 from 12 Amazon shopper reviews.,https://m.media-amazon.com/images/I/71Lvo81dz6L._AC_UL1500_.jpg,79.81
Skagen Women's SKW2075 Nicoline Stainless Steel Mesh Watch,Rated 4.4/5 from 103 Amazon shopper reviews.,https://m.media-amazon.com/images/I/81SPyPVcz4L._AC_UL1500_.jpg,79.81
Ray-Ban Men's RB4303 Rectangular Sunglasses,Rated 4.3/5 from 89 Amazon shopper reviews.,https://m.media-amazon.com/images/I/61Zic1OJieL._AC_UL1500_.jpg,79.80
Michael Kors Women's Jet Set Travel Large Trifold Wallet (Black/Gold),Rated 4.8/5 from 135 Amazon shopper reviews.,https://m.media-amazon.com/images/I/917cyojn+6L._AC_SL1500_.jpg,79.68
Oakley Men's Oo9272 Catalyst Square Sunglasses,Rated 4.6/5 from 381 Amazon shopper reviews.,https://m.media-amazon.com/images/I/416gq6uL3vL._AC_UL1500_.jpg,79.50
Kate Spade New York Women's Johanna 2 Rectangular Sunglasses,Rated 4.4/5 from 43 Amazon shopper reviews.,https://m.media-amazon.com/images/I/71QeaJBswbL._AC_UL1500_.jpg,79.29
"Kenneth Cole New York Women's Quartz Stainless Steel Case Stainless Steel Bracelet Silver Casual Watch,(Model:KC4868)",Rated 3.8/5 from 6 Amazon shopper reviews.,https://m.media-amazon.com/images/I/8181Pf1iD1L._AC_UL1500_.jpg,79.26
Nixon Black Dial Stainless Steel Leather Quartz Ladies Watch A108-392,Rated 4.6/5 from 7 Amazon shopper reviews.,https://m.media-amazon.com/images/I/71a9N-RFe2L._AC_UL1500_.jpg,79.01
"Michael Kors Woman Sunglasses Black Frame, Grey Gradient Lenses, 54MM",Rated 4.4/5 from 57 Amazon shopper reviews.,https://m.media-amazon.com/images/I/613oFGdJVNL._AC_UL1500_.jpg,79.00
Armani Exchange Men's Three-Hand Gunmetal-Tone Stainless Steel Watch AX2806,Rated 4/5 from 10 Amazon shopper reviews.,https://m.media-amazon.com/images/I/91MG1+HUZsL._AC_UL1500_.jpg,79.00
Sunglasses Salvatore Ferragamo SF 187 S 434 Blue/Orange/Blue Grey,Rated 3.7/5 from 7 Amazon shopper reviews.,https://m.media-amazon.com/images/I/51gbMsED0YL._AC_UL1500_.jpg,79.00
Armani Exchange AX4029S FIT Butterfly Sunglasses For Women+ BUNDLE with Designer iWear Complimentary Care Kit,Rated 4.8/5 from 19 Amazon shopper reviews.,https://m.media-amazon.com/images/I/41qS+TmyMSL._AC_UL1200_.jpg,79.00
"Caravelle by Bulova Sport Chronograph Ladies Watch, Stainless Steel , Gold-Tone (Model: 44L238)",Rated 4.4/5 from 51 Amazon shopper reviews.,https://m.media-amazon.com/images/I/61W0EBmbI+L._AC_UL1500_.jpg,79.00
Michael Kors MK1025-12017J Sunglasses HAVANA ROSE GOLD TONE/MILKY PIN w/LIQUID ROSE GOL 52mm,Rated 4.5/5 from 12 Amazon shopper reviews.,https://m.media-amazon.com/images/I/71IPYMrIrGL._AC_UL1500_.jpg,78.99
Calvin Klein A-Line with Belt Dress,Rated 4.4/5 from 24 Amazon shopper reviews.,https://m.media-amazon.com/images/I/51W+HCgCS6L._AC_UL1500_.jpg,78.99
Guess 34MM Crystal Watch,Rated 4.5/5 from 408 Amazon shopper reviews.,https://m.media-amazon.com/images/I/818nkjTMgVL._AC_UL1500_.jpg,78.75
COACH Sunglasses HC 7059 924890 Purple/Gold,Rated 4.6/5 from 185 Amazon shopper reviews.,https://m.media-amazon.com/images/I/41IFxCW+W2L._AC_UL1100_.jpg,78.75
Guess 36.5MM Logo Dial Watch,Rated 4.5/5 from 318 Amazon shopper reviews.,https://m.media-amazon.com/images/I/81kUuYTCnnL._AC_UL1500_.jpg,78.70
"Anne Klein Women's Premium Crystal Accented Silver-Tone Watch and Bracelet Set, AK/3559SVST",Rated 4.2/5 from 23 Amazon shopper reviews.,https://m.media-amazon.com/images/I/81j0FL7dpeL._AC_UL1500_.jpg,78.11
"Kate Spade New York Women's Jerri/S Cat Eye Sunglasses, Havana Blue/Brown Gradient, 50mm, 18mm",Rated 4.4/5 from 14 Amazon shopper reviews.,https://m.media-amazon.com/images/I/61AiOEweKGL._AC_UL1500_.jpg,78.10
Fossil Women's Modern Courier Stainless Steel Chronograph Dress Quartz Watch,Rated 4.6/5 from 731 Amazon shopper reviews.,https://m.media-amazon.com/images/I/81Pec66WurL._AC_UL1500_.jpg,78.10
"Coach Women's HC7059 Aviator Sunglasses, Gold/Gold Mirrored Gradient, 58 mm",Rated 4.6/5 from 138 Amazon shopper reviews.,https://m.media-amazon.com/images/I/41v7J1PWdML._AC_UL1100_.jpg,78.00
Michael Kors Women's Stainless Steel Layered Necklace with Crystal Accents,Rated 4.3/5 from 222 Amazon shopper reviews.,https://m.media-amazon.com/images/I/61KgPE4xhqL._AC_UL1500_.jpg,78.00
Ray-Ban RB3211 Shield Sunglasses,Rated 4.1/5 from 104 Amazon shopper reviews.,https://m.media-amazon.com/images/I/519saYx0E5L._AC_UL1500_.jpg,78.00
UGG W Women's Quilted Performance Tech Glove,Rated 5/5 from 1 Amazon shopper reviews.,https://m.media-amazon.com/images/I/41l70HW0ZSL._AC_SL1000_.jpg,78.00
Michael Kors MK2024 ADRIANNA II Square Sunglasses For Women + BUNDLE with Designer iWear Eyewear Care Kit Care Kit,Rated 4.6/5 from 252 Amazon shopper reviews.,https://m.media-amazon.com/images/I/41NafM8E5eL._AC_UL1000_.jpg,78.00
Kate Spade New York Women's Dalia2/P/S Rectangular Sunglasses,Rated 4.3/5 from 80 Amazon shopper reviews.,https://m.media-amazon.com/images/I/61csIwby9JL._AC_UL1500_.jpg,78.00
Michael Kors Men’s Harrison Tall Credit Card Case Wallet,Rated 4.4/5 from 133 Amazon shopper reviews.,https://m.media-amazon.com/images/I/515lBY4eN-S._AC_UL1300_.jpg,78.00
Rhett Chronograph Brown Leather Watch,Rated 4.5/5 from 61 Amazon shopper reviews.,https://m.media-amazon.com/images/I/71lw++F7-oL._AC_UL1500_.jpg,77.90
Michael Kors Women's Jet Set Travel Large Trifold Wallet,Rated 4.6/5 from 162 Amazon shopper reviews.,https://m.media-amazon.com/images/I/61MWqfsUqgL._AC_UL1436_.jpg,77.82
Kate Spade New York Women's Joylyn Round Sunglasses,Rated 4.3/5 from 38 Amazon shopper reviews.,https://m.media-amazon.com/images/I/61rdITkjmSL._AC_UL1500_.jpg,77.50
Michael Kors Jet Set Travel Passport Holder Wallet Case PVC 2019 (Black PVC),Rated 4.8/5 from 769 Amazon shopper reviews.,https://m.media-amazon.com/images/I/71YIW2er28L._AC_SL1500_.jpg,77.49
Fossil Women's ES3303 Heather Green/Silver Leather Watch,Rated 4/5 from 4 Amazon shopper reviews.,https://m.media-amazon.com/images/I/61hXCPOaOWL._AC_UL1456_.jpg,77.31
Kate Spade New York Women's Janay Rimless Sunglasses,Rated 4.3/5 from 114 Amazon shopper reviews.,https://m.media-amazon.com/images/I/51u7-EOvWbL._AC_UL1500_.jpg,77.26
COACH Sunglasses HC 8187 B 5120D0 Dark Tortoise,Rated 3/5 from 2 Amazon shopper reviews.,https://m.media-amazon.com/images/I/61H4whtSStL._AC_UL1500_.jpg,77.00
"Ray-Ban Junior RJ9070S Round Sunglasses, Transparent Red/Dark Grey, 46 mm",Rated 2/5 from 3 Amazon shopper reviews.,https://m.media-amazon.com/images/I/51CENio-hlS._AC_UL1500_.jpg,77.00
Ray-Ban Rj9070s Round Sunglasses,Rated 4.1/5 from 92 Amazon shopper reviews.,https://m.media-amazon.com/images/I/51owQphIGNL._AC_UL1500_.jpg,77.00
Ray-Ban Rj9069s Justin Square Sunglasses,Rated 4.5/5 from 255 Amazon shopper reviews.,https://m.media-amazon.com/images/I/51lLhYqZEML._AC_UL1500_.jpg,77.00
Ray-Ban Women's Rj9068s Butterfly Sunglasses,Rated 4.2/5 from 74 Amazon shopper reviews.,https://m.media-amazon.com/images/I/61m5-EUS1vL._AC_UL1500_.jpg,77.00
Ray-Ban Rj9062s Rectangular Sunglasses,Rated 4.5/5 from 311 Amazon shopper reviews.,https://m.media-amazon.com/images/I/51vRTCraXEL._AC_UL1500_.jpg,77.00
Lacoste Men's Retro Big Croc Buckle Belt,Rated 4.4/5 from 96 Amazon shopper reviews.,https://m.media-amazon.com/images/I/71axixi1iAL._AC_UL1500_.jpg,77.00
"COACH Woman Sunglasses Black Frame, Dark Grey Gradient Lenses, 56MM",Rated 4.3/5 from 34 Amazon shopper reviews.,https://m.media-amazon.com/images/I/615q5jK+EnL._AC_UL1500_.jpg,76.91
Tommy Hilfiger Men's Th1650/S Rectangular Sunglasses,Rated 4.2/5 from 35 Amazon shopper reviews.,https://m.media-amazon.com/images/I/41BMafzOJlL._AC_UL1500_.jpg,76.90
GUESS 39mm Gold-Tone Glitz Chain-Link Watch,Rated 4.5/5 from 43 Amazon shopper reviews.,https://m.media-amazon.com/images/I/918N4i5Oi7L._AC_UL1500_.jpg,76.84
"Ray-Ban Men's RB4115 Rectangular Sunglasses, Black/Polarized Green, 57 mm",Rated 4.3/5 from 702 Amazon shopper reviews.,https://m.media-amazon.com/images/I/414KOQFMO+L._AC_UL1500_.jpg,76.50
Coach Men's Coin Wallet,Rated 4.4/5 from 165 Amazon shopper reviews.,https://m.media-amazon.com/images/I/61xfyZV6CaL._AC_UL1237_.jpg,76.49
"Coach Women's HC7012 Designer Sunglasses, Grey",Rated 4.5/5 from 344 Amazon shopper reviews.,https://m.media-amazon.com/images/I/51u8U0ger3L._AC_UL1500_.jpg,76.12
Oakley Men's Oo9316 Thinlink Rectangular Sunglasses,Rated 4.5/5 from 912 Amazon shopper reviews.,https://m.media-amazon.com/images/I/41LrTzIWV9L._AC_UL1500_.jpg,76.00
Betsey Johnson Flamingo Linear Drop Earrings,Rated 4.5/5 from 62 Amazon shopper reviews.,https://m.media-amazon.com/images/I/81a+ybs66UL._AC_UL1500_.jpg,76.00
Coach Pebble Leather Snap Wallet Style No. C2862 Granite,Rated 4.8/5 from 57 Amazon shopper reviews.,https://m.media-amazon.com/images/I/61Ubl+tISEL._AC_SL1001_.jpg,76.00
Oakley Men's Oo9239 Crankshaft Rectangular Sunglasses,"Rated 4.6/5 from 4,285 Amazon shopper reviews.",https://m.media-amazon.com/images/I/41nPaDKA5mL._AC_UL1500_.jpg,76.00
Oakley Men's Oo9341 Sliver XL Rectangular Sunglasses,Rated 4.5/5 from 291 Amazon shopper reviews.,https://m.media-amazon.com/images/I/51bBVL4kZsL._AC_UL1500_.jpg,76.00
Lacoste Men's Thick Buckle Belt,Rated 4.5/5 from 498 Amazon shopper reviews.,https://m.media-amazon.com/images/I/71XqSwrNTKL._AC_UL1500_.jpg,75.99
Fossil Carlie Women's Watch with Stainless Steel Bracelet or Genuine Leather Band,"Rated 4.5/5 from 1,160 Amazon shopper reviews.",https://m.media-amazon.com/images/I/81b-VX3fniL._AC_UL1500_.jpg,75.97
COACH Sunglasses HC 8241 55203B Match Oxblood,Rated 3.7/5 from 6 Amazon shopper reviews.,https://m.media-amazon.com/images/I/618XAiWk+KL._AC_UL1500_.jpg,75.96
COACH Sunglasses HC 8132 52888H Purple Confetti Tortoise,Rated 4.5/5 from 101 Amazon shopper reviews.,https://m.media-amazon.com/images/I/515YsEg5oTL._AC_UL1500_.jpg,75.91
Armani Exchange Ladies Stainless Steel Quartz Dress Watch,"Rated 4.6/5 from 1,147 Amazon shopper reviews.",https://m.media-amazon.com/images/I/51+hOjkvTtL._AC_UL1000_.jpg,75.90
Michael Kors Women's Stainless Steel Silver-Tone Slider Bracelet With Crystal Accents,Rated 4.5/5 from 441 Amazon shopper reviews.,https://m.media-amazon.com/images/I/71YLx5zUjNL._AC_UL1500_.jpg,75.78
Tommy Hilfiger Men's Th1652/G/S Square Sunglasses,Rated 4.4/5 from 66 Amazon shopper reviews.,https://m.media-amazon.com/images/I/61VfA67UeOL._AC_UL1500_.jpg,75.76
Tommy Hilfiger Mens Preppy Silk Blend Polka Dot Neck Tie Blue O/S,Rated 5/5 from 2 Amazon shopper reviews.,https://m.media-amazon.com/images/I/61ENI-oQ1oL._AC_UL1200_.jpg,75.63
Skagen Amberline Two-Hand Watch with Leather or Steel Mesh Band,Rated 4.7/5 from 19 Amazon shopper reviews.,https://m.media-amazon.com/images/I/715Ts6oBzdL._AC_UL1500_.jpg,75.62
Ray-Ban Women's RB4191 Round Sunglasses,Rated 4.6/5 from 217 Amazon shopper reviews.,https://m.media-amazon.com/images/I/51d8eFCIujL._AC_UL1500_.jpg,75.50
Tommy Hilfiger Women's 1781488 Analog Gold-Tone Watch,Rated 4.2/5 from 166 Amazon shopper reviews.,https://m.media-amazon.com/images/I/815U5hEJf4L._AC_UL1500_.jpg,75.50
"Ray-Ban Woman Sunglasses Black Frame, Green Classic G-15 Lenses, 57MM",Rated 4.5/5 from 199 Amazon shopper reviews.,https://m.media-amazon.com/images/I/51lf462euzL._AC_UL1500_.jpg,75.50
A|X ARMANI EXCHANGE Ax2002 Aviator Sunglasses,Rated 3.8/5 from 20 Amazon shopper reviews.,https://m.media-amazon.com/images/I/414M1CVINWL._AC_UL1500_.jpg,75.45
"Michael Kors Woman Sunglasses Rose Gold Frame, Grey Rose Gradient Lenses, 59MM",Rated 4.6/5 from 313 Amazon shopper reviews.,https://m.media-amazon.com/images/I/61jrNwqC0GL._AC_UL1500_.jpg,75.41
Frye Women's 40mm Leather Belt,Rated 4.3/5 from 64 Amazon shopper reviews.,https://m.media-amazon.com/images/I/71FKE1ScLqL._AC_UL1500_.jpg,75.40
"Tory Burch Women's Round Fashion Sunglasses, Olive/Solid Grey, One Size",Rated 4.3/5 from 7 Amazon shopper reviews.,https://m.media-amazon.com/images/I/51Wc4Yo69VL._AC_UL1500_.jpg,75.35
COACH Sunglasses HC 8168 512013 Dark Tortoise,Rated 4.6/5 from 540 Amazon shopper reviews.,https://m.media-amazon.com/images/I/51x1ZS7fwSL._AC_UL1500_.jpg,75.34
Michael Kors Women's Stainless Steel Chain Bracelet with Crystal Accents,Rated 4.4/5 from 458 Amazon shopper reviews.,https://m.media-amazon.com/images/I/61+N6a8HkrL._AC_UL1304_.jpg,75.25
"Marc Jacobs Women's Marc 421/S Cat Eye Sunglasses, Havana Brown Gold/Gray, 54mm, 18mm",Rated 5/5 from 3 Amazon shopper reviews.,https://m.media-amazon.com/images/I/61V0kdjyvpL._AC_UL1500_.jpg,75.11
Fossil Women's Georgia Mini Stainless Steel and Leather Casual Quartz Watch,Rated 4.6/5 from 524 Amazon shopper reviews.,https://m.media-amazon.com/images/I/81wyczWE-YL._AC_UL1500_.jpg,75.04
"GUESS Classic Stainless Steel Bracelet Watch with Day, Date + 24 Hour Military/Int'l Time. Color: Silver-Tone (Model: U1070L1)",Rated 4.3/5 from 118 Amazon shopper reviews.,https://m.media-amazon.com/images/I/91vvHYzkUEL._AC_UL1500_.jpg,75.00
Fossil Women's Sterling Silver Pendant Chain Necklace,Rated 4/5 from 40 Amazon shopper reviews.,https://m.media-amazon.com/images/I/71l9ue1x0gL._AC_UL1500_.jpg,75.00
Anne Klein Women's Resin Bracelet Watch,"Rated 4.5/5 from 8,276 Amazon shopper reviews.",https://m.media-amazon.com/images/I/71F5W6xb13L._AC_UL1500_.jpg,75.00
Bulova Jewelry Men's Marine Star Braided Leather Bracelet with Tuning Fork Clasp,Rated 4.5/5 from 181 Amazon shopper reviews.,https://m.media-amazon.com/images/I/61q3BAWl1-L._AC_UL1500_.jpg,75.00
Lacoste Jewelry Crocodile Women's Pendant Necklace,Rated 5/5 from 1 Amazon shopper reviews.,https://m.media-amazon.com/images/I/516bgQKt2UL._AC_UL1500_.jpg,75.00
Kate Spade New York Women's Amarissa Aviator Sunglasses,Rated 4.5/5 from 298 Amazon shopper reviews.,https://m.media-amazon.com/images/I/61JrOhgYlHL._AC_UL1500_.jpg,75.00
Tommy Hilfiger Jewelry Men's Screws Stainless Steel Link Bracelet Color: Silver (Model: 2790393),Rated 4.7/5 from 19 Amazon shopper reviews.,https://m.media-amazon.com/images/I/71tKXHOGXNL._AC_UL1500_.jpg,75.00
"Tommy Hilfiger Men's Jewelry Stainless Steel and Brown Leather Bracelet, Color: Brown (Model: 2790441)",Rated 4.1/5 from 4 Amazon shopper reviews.,https://m.media-amazon.com/images/I/714DD0WNZcL._AC_UL1500_.jpg,75.00
Steve Madden Women's Rubberized Bracelet Watch,Rated 4.8/5 from 22 Amazon shopper reviews.,https://m.media-amazon.com/images/I/51nLVrREz+L._AC_UL1000_.jpg,75.00
Kate Spade New York Women's Atalia Square Sunglasses,Rated 4.3/5 from 20 Amazon shopper reviews.,https://m.media-amazon.com/images/I/61Qnx5MhRTL._AC_UL1500_.jpg,75.00
Kate Spade New York Women's Jizelle Square Sunglasses,Rated 4.7/5 from 56 Amazon shopper reviews.,https://m.media-amazon.com/images/I/71jupxZG5CL._AC_UL1500_.jpg,75.00
Kenneth Cole Mens Watch KC1229,Rated 5/5 from 1 Amazon shopper reviews.,https://m.media-amazon.com/images/I/41aAVnBGSVL._AC_.jpg,75.00
Lacoste Petit Piqué Silicone Unisex Apple Watch Strap,Rated 4/5 from 51 Amazon shopper reviews.,https://m.media-amazon.com/images/I/61wym0dENnL._AC_UL1500_.jpg,75.00
"Tommy Hilfiger Men's Jewelry Stainlees Steel and Navy Leather Bracelet, Color: Navy (Model: 2790443)",Rated 4.8/5 from 9 Amazon shopper reviews.,https://m.media-amazon.com/images/I/71OuGFps-OL._AC_UL1500_.jpg,75.00
Michael Kors Silvertone Monogram Stud Earrings,Rated 4.6/5 from 6 Amazon shopper reviews.,https://m.media-amazon.com/images/I/81eVpj5YFyL._AC_UL1500_.jpg,74.99
Rugged Andes Trading Company 100% Alpaca Wool Scarf - Fuego Pattern,Rated 4.7/5 from 4 Amazon shopper reviews.,https://m.media-amazon.com/images/I/91xktfZSOwL._AC_UL1500_.jpg,74.99
Skagen Aaren Colored Silicone Quartz Minimalistic 36mm Watch,Rated 4.5/5 from 552 Amazon shopper reviews.,https://m.media-amazon.com/images/I/71-ze0xjQbL._AC_UL1500_.jpg,74.97
Trina Turk Women's Tie Waist Shirt,Rated 4.5/5 from 7 Amazon shopper reviews.,https://m.media-amazon.com/images/I/81QJkUuR-aL._AC_UL1500_.jpg,74.95
Tory Burch Women's Ty7169u Universal Fit Rectangular Sunglasses,Rated 4.4/5 from 44 Amazon shopper reviews.,https://m.media-amazon.com/images/I/510DtrowoiL._AC_UL1500_.jpg,74.91
COACH Sunglasses HC 7094 900583 Light Gold,Rated 4/5 from 3 Amazon shopper reviews.,https://m.media-amazon.com/images/I/51Arp8BjyzL._AC_UL1500_.jpg,74.88
Anne Klein Considered Women's Solar Powered Premium Crystal Accented Bracelet Watch,Rated 4.4/5 from 62 Amazon shopper reviews.,https://m.media-amazon.com/images/I/81kqmZBma4L._AC_UL1500_.jpg,74.80
Kate Spade Gleaming Gardenia Flower Scatter Necklace in Silver,Rated 5/5 from 5 Amazon shopper reviews.,https://m.media-amazon.com/images/I/41Z-mICwh5L._AC_UL1200_.jpg,74.79
"Michael Kors Woman Sunglasses Cordovan Frame, Cordovan Gradient Lenses, 56MM",Rated 4.6/5 from 102 Amazon shopper reviews.,https://m.media-amazon.com/images/I/51VOLhusCiL._AC_UL1500_.jpg,74.79
Michael Kors Women's Precious Metal-Plated Sterling Silver Pav¿ Heart Studs Earrings,Rated 4/5 from 11 Amazon shopper reviews.,https://m.media-amazon.com/images/I/61YrnPUCLqL._AC_UL1396_.jpg,74.75
DKNY Women's Fit and Flare Short Sleeve Tie Neck Dress,Rated 4.2/5 from 12 Amazon shopper reviews.,https://m.media-amazon.com/images/I/81oFed3OVOL._AC_UL1500_.jpg,74.70
GUESS womens Long Sleeve Gabi Tie Romper,Rated 3.9/5 from 4 Amazon shopper reviews.,https://m.media-amazon.com/images/I/81BzMC6codL._AC_UL1500_.jpg,74.47
Calvin Klein Midi Petal Sleeve with Belt,Rated 4.5/5 from 44 Amazon shopper reviews.,https://m.media-amazon.com/images/I/61Hh5KMfsIL._AC_UL1500_.jpg,74.47
COACH Sunglasses HC 8132 529113 Dark Tortoise,Rated 4.8/5 from 78 Amazon shopper reviews.,https://m.media-amazon.com/images/I/41OgInCSl8L._AC_UL1100_.jpg,74.36
Oakley Men's Oo9315 Stringer Rectangular Sunglasses,Rated 4.3/5 from 176 Amazon shopper reviews.,https://m.media-amazon.com/images/I/51T5LYFAPKL._AC_UL1500_.jpg,74.26
"Kenneth Cole New York Women's Analog Quartz Stainless Steel Case Stainless Steel Bracelet Silver,(Model:KC4721)",Rated 3.5/5 from 3 Amazon shopper reviews.,https://m.media-amazon.com/images/I/81UHYCvNYlL._AC_UL1500_.jpg,74.00
"Armani EA2075 Sunglasses 30156X-60 - Men's, Silver Frame, Light Blue Mirror EA2075-30156X-60",Rated 5/5 from 2 Amazon shopper reviews.,https://m.media-amazon.com/images/I/61OzP1Xil+L._AC_UL1500_.jpg,73.99
Calvin Klein womens Sleeveless Cropped Jumpsuit With Self Belt,Rated 3.9/5 from 99 Amazon shopper reviews.,https://m.media-amazon.com/images/I/91KyzqlT-yL._AC_UL1500_.jpg,73.99
Calvin Klein Women's Maxi Dress with Tie Front,Rated 3.4/5 from 9 Amazon shopper reviews.,https://m.media-amazon.com/images/I/61a0IVGaiXL._AC_UL1500_.jpg,73.98
Michael Kors Precious Metal-Plated Sterling Silver Pavé Logo Studs Earrings,Rated 3.8/5 from 14 Amazon shopper reviews.,https://m.media-amazon.com/images/I/71lYFBDIjoL._AC_UL1500_.jpg,73.91
Polo Ralph Lauren Men's Ph4154 Aviator Sunglasses,Rated 5/5 from 4 Amazon shopper reviews.,https://m.media-amazon.com/images/I/61uvuY+9whL._AC_UL1500_.jpg,73.81
Lacoste Men's L958s Rectangular Sunglasses,Rated 3.9/5 from 17 Amazon shopper reviews.,https://m.media-amazon.com/images/I/51RrYuREo2L._AC_UL1500_.jpg,73.68
Kate Spade New York Spencer Small Slim Bifold Wallet Black One Size,Rated 4.5/5 from 57 Amazon shopper reviews.,https://m.media-amazon.com/images/I/81CD2KKUrYS._AC_SL1500_.jpg,73.66
Kate Spade New York Women's Della Cat-Eye Sunglasses,Rated 4.2/5 from 15 Amazon shopper reviews.,https://m.media-amazon.com/images/I/71blDjeYuGL._AC_UL1500_.jpg,73.61
"Kate Spade New York Women's Candis Aviator Sunglasses, Silver/Blue, 58 mm",Rated 3.9/5 from 35 Amazon shopper reviews.,https://m.media-amazon.com/images/I/61D5C4sUEaL._AC_UL1500_.jpg,73.61
COACH Womens Sunglasses (HC8179) Acetate,Rated 4.3/5 from 173 Amazon shopper reviews.,https://m.media-amazon.com/images/I/61u3IhYGEFL._AC_UL1500_.jpg,73.56
Skagen Women's Signatur Quartz Analog Stainless Steel and Stainless Steel Watch,Rated 4.5/5 from 258 Amazon shopper reviews.,https://m.media-amazon.com/images/I/81ywTyA+42L._AC_UL1500_.jpg,73.37
Lacoste Men's Fitzgerald Small Billfold Wallet,Rated 4.6/5 from 813 Amazon shopper reviews.,https://m.media-amazon.com/images/I/71xbBdz-RtL._AC_UL1466_.jpg,73.36
Relic by Fossil Men's Heath Quartz Stainless Steel Sport Watch,Rated 4.4/5 from 489 Amazon shopper reviews.,https://m.media-amazon.com/images/I/81tCcKNbOkL._AC_UL1500_.jpg,73.33
Fossil Men's Commuter Stainless Steel and Leather Casual Quartz Watch,"Rated 4.6/5 from 1,838 Amazon shopper reviews.",https://m.media-amazon.com/images/I/716zFWk7QIL._AC_UL1500_.jpg,73.29
Ray-Ban Rb4315 Oval Sunglasses,Rated 4/5 from 60 Amazon shopper reviews.,https://m.media-amazon.com/images/I/51WOrdT5DJL._AC_UL1500_.jpg,73.23
Marc Jacobs Women's MARC119S Square Sunglasses,Rated 4.4/5 from 159 Amazon shopper reviews.,https://m.media-amazon.com/images/I/61qRctnS6+L._AC_UL1500_.jpg,73.20
Oakley Mens Sliver Sunglasses (OO9262) Plastic,Rated 4.3/5 from 251 Amazon shopper reviews.,https://m.media-amazon.com/images/I/51IJrxnHuKL._AC_UL1500_.jpg,73.06
Mini Wallet On A Chain,Rated 3.5/5 from 13 Amazon shopper reviews.,https://m.media-amazon.com/images/I/61TGuaqNd0L._AC_SL1000_.jpg,72.96
Lacoste L209s Aviator Sunglasses,Rated 3.4/5 from 9 Amazon shopper reviews.,https://m.media-amazon.com/images/I/51nNJG7CKnL._AC_UL1500_.jpg,72.95
Citizen Women's Aq Mid EU6032-85A Gold Stainless-Steel Japanese Quartz Dress Watch,Rated 4.4/5 from 2 Amazon shopper reviews.,https://m.media-amazon.com/images/I/61ANUbInvNL._AC_UL1500_.jpg,72.85
Kate Spade New York Women's Darilynn Square Sunglasses,Rated 4.6/5 from 195 Amazon shopper reviews.,https://m.media-amazon.com/images/I/71BaH-4EPJL._AC_UL1500_.jpg,72.50
Michael Kors Chealsea Womens Sunglasses M5004 1014T5 Gold Aviator Polarized 59mm,Rated 4.6/5 from 74 Amazon shopper reviews.,https://m.media-amazon.com/images/I/71rYlbxerwL._AC_UL1500_.jpg,72.48
Michael Kors Women's MK Stainless Steel Stud Earring (Model: MKJ7411040),Rated 4.3/5 from 10 Amazon shopper reviews.,https://m.media-amazon.com/images/I/612IcKJJ7iL._AC_UL1500_.jpg,72.48
Anne Klein Women's Genuine Diamond Dial Bracelet Watch,"Rated 4.6/5 from 5,406 Amazon shopper reviews.",https://m.media-amazon.com/images/I/81Vge+DyWlL._AC_UL1500_.jpg,72.47
Juicy Couture Women's Ju 554/S Pilot Sunglasses,Rated 4.6/5 from 16 Amazon shopper reviews.,https://m.media-amazon.com/images/I/61PhWVJwVdL._AC_UL1500_.jpg,72.38
"Tommy Hilfiger Men's TH 1674/S Rectangular Sunglasses, Black Ruthenium/Gray, 59mm, 18mm",Rated 4.1/5 from 29 Amazon shopper reviews.,https://m.media-amazon.com/images/I/61vILD0qnRL._AC_UL1500_.jpg,72.08
Michael Kors Mens Jet Set Money Piece Canvas Coated Bifold Wallet Black Small,Rated 4.3/5 from 107 Amazon shopper reviews.,https://m.media-amazon.com/images/I/9144UPdg7tL._AC_SL1500_.jpg,72.00
COACH Sunglasses HC 7079 93228H Light Gold,Rated 4.6/5 from 155 Amazon shopper reviews.,https://m.media-amazon.com/images/I/41TykBP8v8L._AC_UL1000_.jpg,72.00
"Ralph by Ralph Lauren Women's RA5241 Rectangular Sunglasses, Shiny Dark Havana/Brown, 55 mm",Rated 4.8/5 from 13 Amazon shopper reviews.,https://m.media-amazon.com/images/I/71HLUOJxp+L._AC_UL1500_.jpg,71.99
"Kate Spade New York Natalia Medium Bifold Leather, Wallet Lightweight, Black",Rated 4.6/5 from 72 Amazon shopper reviews.,https://m.media-amazon.com/images/I/51oTTrJQs9L._AC_UL1001_.jpg,71.67
Ray-Ban Rb4246m Clubhouse Wood Round Sunglasses,Rated 4.6/5 from 144 Amazon shopper reviews.,https://m.media-amazon.com/images/I/51e+o5Lh+xL._AC_UL1500_.jpg,71.50
Kate Spade New York Women's Claretta Rectangular Sunglasses,Rated 4.4/5 from 267 Amazon shopper reviews.,https://m.media-amazon.com/images/I/31l4jdt3fEL._AC_.jpg,71.30
"NIXON Siren SS A1211-100m Water Resistant Women's Digital Sport Watch (36mm Watch Face, 18mm-16mm Silicone Band)",Rated 4.4/5 from 206 Amazon shopper reviews.,https://m.media-amazon.com/images/I/71NY3PYQ5EL._AC_UL1500_.jpg,71.27
Salvatore Ferragamo Sunglasses SF668S 001 Black 57 17 125,Rated 4.6/5 from 84 Amazon shopper reviews.,https://m.media-amazon.com/images/I/61UFUgHA2GL._AC_UL1500_.jpg,71.23
Ray-Ban Rx5228c Clip-on Sunglasses for Square Prescription Eyewear Frames,Rated 4.1/5 from 146 Amazon shopper reviews.,https://m.media-amazon.com/images/I/61mZ0z27RBL._AC_UL1500_.jpg,71.00
"Kate Spade leila large continental pebbled leather wallet,Waterproof",Rated 4.7/5 from 79 Amazon shopper reviews.,https://m.media-amazon.com/images/I/61bQDwv1O8L._AC_SL1001_.jpg,70.99
Kate Spade New York Women's Kiersten 2 Oval Sunglasses,Rated 4.7/5 from 43 Amazon shopper reviews.,https://m.media-amazon.com/images/I/61jrFGPY6+L._AC_UL1500_.jpg,70.85
"Michael Kors Woman Sunglasses Black Sport Laminate Frame, Light Silver Mirror Lenses, 54MM",Rated 4.7/5 from 67 Amazon shopper reviews.,https://m.media-amazon.com/images/I/61pwtsFzwqL._AC_UL1500_.jpg,70.64
Anne Klein Women's Premium Crystal Accented Bracelet Watch,Rated 4.9/5 from 15 Amazon shopper reviews.,https://m.media-amazon.com/images/I/81QcleV35BL._AC_UL1500_.jpg,70.58
Ray-Ban RB4194 Square Sunglasses,"Rated 4.4/5 from 1,034 Amazon shopper reviews.",https://m.media-amazon.com/images/I/51PI+vLF4yL._AC_UL1500_.jpg,70.50
RB4151-601 Sunglasses Black w/Green Lens 59mm,Rated 4.4/5 from 236 Amazon shopper reviews.,https://m.media-amazon.com/images/I/51tWvc7TcVL._AC_UL1500_.jpg,70.50
Ray-Ban RB4188 Wrap Sunglasses,Rated 4.2/5 from 125 Amazon shopper reviews.,https://m.media-amazon.com/images/I/41UHP9FByTL._AC_UL1500_.jpg,70.50
"Ray-Ban RB 4188 Men Rectangle Sunglasses Black/Poly Green, 63mm",Rated 4.3/5 from 130 Amazon shopper reviews.,https://m.media-amazon.com/images/I/515QWPoV+lL._AC_UL1200_.jpg,70.50
Coach Womens Sunglasses (HC7064) Gold/Brown Metal - Non-Polarized - 56mm,Rated 4.4/5 from 270 Amazon shopper reviews.,https://m.media-amazon.com/images/I/512vBQ7OmBL._AC_UL1500_.jpg,70.45
GUESS 55mm Digital Watch,Rated 4.5/5 from 747 Amazon shopper reviews.,https://m.media-amazon.com/images/I/818N--gl1vL._AC_UL1500_.jpg,70.25
Ray-Ban Rb4315f Asian Fit Oval Sunglasses,Rated 4.4/5 from 16 Amazon shopper reviews.,https://m.media-amazon.com/images/I/51siLIKrQpL._AC_UL1500_.jpg,70.07
Kenneth Cole 10030661 Men's Diamond Silver Dial Black Croco Leather Strap Watch,Rated 4.2/5 from 28 Amazon shopper reviews.,https://m.media-amazon.com/images/I/614jzEoFyhL._AC_UL1500_.jpg,70.00
Fossil FB-01 Men's Dive-Inspired Sport Watch with Stainless Steel Bracelet Band,"Rated 4.6/5 from 3,485 Amazon shopper reviews.",https://m.media-amazon.com/images/I/71OEO3K2gkL._AC_UL1500_.jpg,70.00
"Fossil Watch Band for Apple Watch, Band for 38/40/41mm Apple Watch - Straps for Apple Watch Series 8/7/6/5/4/3/2/1/SE",Rated 4.2/5 from 96 Amazon shopper reviews.,https://m.media-amazon.com/images/I/5190DMbdDkL._AC_UL1500_.jpg,70.00
Michael Kors Signature Logo Reversible Belt - Brown,Rated 4.4/5 from 167 Amazon shopper reviews.,https://m.media-amazon.com/images/I/71W0p8TpKpL._AC_UL1193_.jpg,70.00
Oakley Men's Factory Pilot 2.0 Gloves,Rated 4.5/5 from 276 Amazon shopper reviews.,https://m.media-amazon.com/images/I/61nPeichdBL._AC_SL1001_.jpg,70.00
Steve Madden Unisex Analog-Digital Chronograph Silicone Strap Watch,Rated 4.1/5 from 25 Amazon shopper reviews.,https://m.media-amazon.com/images/I/8114Ow1YJrL._AC_UL1500_.jpg,70.00
Skagen Women's Sea Glass Rose Gold Tone Necklace,Rated 4.9/5 from 19 Amazon shopper reviews.,https://m.media-amazon.com/images/I/71NSAuvDLBL._AC_UL1500_.jpg,70.00
Michael's Jewelers-Provincetown Nantucket Basket Bracelet 925 Sterling Silver-Rhodium Gold Nantucket Basket (7),Rated 3.2/5 from 8 Amazon shopper reviews.,https://m.media-amazon.com/images/I/71XIF4IzLsL._AC_UL1500_.jpg,70.00
Nugget Rings Men's 925 Sterling Silver Four Corner Square Top (Size 14.5),Rated 5/5 from 2 Amazon shopper reviews.,https://m.media-amazon.com/images/I/71fZdtdm0pL._AC_UL1200_.jpg,69.99
Kate Spade New York RU2894 Women's Grandma's Closet Gold Tone Hummingbird Stud Earrings,Rated 4.6/5 from 33 Amazon shopper reviews.,https://m.media-amazon.com/images/I/51I+LBasY1L._AC_UL1008_.jpg,69.99
Michael Kors Goldtone Clear Earrings,Rated 3.9/5 from 5 Amazon shopper reviews.,https://m.media-amazon.com/images/I/71u6MR6fY9L._AC_UL1500_.jpg,69.99
Michael Kors Goldtone MK Stud Earrings with Clear Pav233;,Rated 4.6/5 from 3 Amazon shopper reviews.,https://m.media-amazon.com/images/I/71+JiP6f+xL._AC_UL1500_.jpg,69.99
Nugget Rings Men's 925 Sterling Silver Four Corner Square Top (Size 9.5),Rated 3.4/5 from 3 Amazon shopper reviews.,https://m.media-amazon.com/images/I/71fZdtdm0pL._AC_UL1200_.jpg,69.99
Michael Kors Jet Set Travel Large Trifold Wallet Vegan Leather (Black),Rated 4.7/5 from 41 Amazon shopper reviews.,https://m.media-amazon.com/images/I/91spYjQMbAL._AC_SL1500_.jpg,69.99
Marc Jacobs Women's Marc231/S Cat Eye Sunglasses,Rated 4.6/5 from 5 Amazon shopper reviews.,https://m.media-amazon.com/images/I/71l1n8RNuHL._AC_UL1500_.jpg,69.99
Vincero Luxury Women’s Eros Wrist Watch — Rose Gold + White dial with a Coffee Leather Watch Band — 38mm Analog Watch — Japanese Quartz Movement,Rated 4.2/5 from 20 Amazon shopper reviews.,https://m.media-amazon.com/images/I/81VzIgU4uqL._AC_UL1500_.jpg,69.99
Sunglasses FERRAGAMO SF 158 S 717 Gold,Rated 4.6/5 from 53 Amazon shopper reviews.,https://m.media-amazon.com/images/I/51r2uf-k6iL._AC_UL1500_.jpg,69.99
Sunglasses FERRAGAMO SF150S 743 LIGHT GOLD/TAUPE,Rated 4.1/5 from 25 Amazon shopper reviews.,https://m.media-amazon.com/images/I/718PHzlEKqL._AC_UL1500_.jpg,69.99
Michael Kors Women's Rose Gold Tone Pendant Necklace With Crystal Accents,Rated 4.4/5 from 368 Amazon shopper reviews.,https://m.media-amazon.com/images/I/51dKInfSiXL._AC_UL1500_.jpg,69.99
"Michael Kors Men's Diagonal Stripe Scarf and Beanie 2 Piece Set, Dark Camel",Rated 5/5 from 5 Amazon shopper reviews.,https://m.media-amazon.com/images/I/7137d56IKsL._AC_UL1333_.jpg,69.99
Oakley Men's Oo9334 Holston Round Sunglasses,Rated 4.7/5 from 308 Amazon shopper reviews.,https://m.media-amazon.com/images/I/41jYCA6aqSL._AC_UL1000_.jpg,69.98
"Caravelle by Bulova Sport Quartz Mens Watch, Stainless Steel , Silver-Tone (Model: 43B162)",Rated 4.4/5 from 32 Amazon shopper reviews.,https://m.media-amazon.com/images/I/710HjRamwuL._AC_UL1500_.jpg,69.98
Michael Kors Precious Metal-Plated Sterling Silver Pavé Mercer Link Ring Gold 8,Rated 5/5 from 1 Amazon shopper reviews.,https://m.media-amazon.com/images/I/71pfm4+k+JL._AC_UL1500_.jpg,69.98
Ray-Ban Men's Rb4280 Square Sunglasses,Rated 4.3/5 from 16 Amazon shopper reviews.,https://m.media-amazon.com/images/I/51acv8WPwzL._AC_UL1500_.jpg,69.97
"Ray-Ban RB4246 Clubround Round Sunglasses, Top Brown Transparent Grey/Brown Gradient Brown Mirrored Pink, 51 mm",Rated 4.8/5 from 31 Amazon shopper reviews.,https://m.media-amazon.com/images/I/515EVM5VlIL._AC_UL1500_.jpg,69.97
Ray-Ban Men's RB4173 Rectangular Sunglasses,Rated 4.2/5 from 66 Amazon shopper reviews.,https://m.media-amazon.com/images/I/61YhlqBth0L._AC_UL1500_.jpg,69.97
Kenneth Cole Men's Silver Leather Japanese Quartz Fashion Watch KC50229001,Rated 4/5 from 1 Amazon shopper reviews.,https://m.media-amazon.com/images/I/81Fkmhb2rhL._AC_UL1500_.jpg,69.95
Oakley Men's Oo4139 Lugplate Square Sunglasses,Rated 4.5/5 from 125 Amazon shopper reviews.,https://m.media-amazon.com/images/I/51J3x+gdfyL._AC_UL1500_.jpg,69.95
Salvatore Ferragamo SF715S-009-56 Women's Butterfly Black Sunglasses,Rated 4.6/5 from 16 Amazon shopper reviews.,https://m.media-amazon.com/images/I/71yIuUR28IL._AC_UL1500_.jpg,69.95
"Michael Kors SAN DIEGO MK1045 Sunglasses 121313-56 - Men's, Smoke Gradient MK1045-121313-56",Rated 4.3/5 from 17 Amazon shopper reviews.,https://m.media-amazon.com/images/I/41rdn6gLW+L._AC_UL1200_.jpg,69.95
Citizen 59-S52501 59-S52813 Original Replacement Black / Green Rubber Watch Band fits BN0090-01E S080100,Rated 4.2/5 from 8 Amazon shopper reviews.,https://m.media-amazon.com/images/I/51emT1zLMuL._AC_UL1100_.jpg,69.95
COACH Sunglasses HC 8192 542011 Black/Black Gunmetal Sig C,Rated 3.9/5 from 9 Amazon shopper reviews.,https://m.media-amazon.com/images/I/41QIaybqsVS._AC_UL1500_.jpg,69.95
Kate Spade New York Women's Avaline2/S Aviator Sunglasses,Rated 4.5/5 from 13 Amazon shopper reviews.,https://m.media-amazon.com/images/I/71b78iCU4BL._AC_UL1500_.jpg,69.95
"Michael Kors Woman Sunglasses Black Frame, Grey Purple Gradient Polar Lenses, 56MM",Rated 3.9/5 from 15 Amazon shopper reviews.,https://m.media-amazon.com/images/I/51TkXTyFUkL._AC_UL1500_.jpg,69.95
Kate Spade New York Women's Annora Rectangular Sunglasses,Rated 4.5/5 from 459 Amazon shopper reviews.,https://m.media-amazon.com/images/I/61RkjNDs+xL._AC_UL1500_.jpg,69.85
Kate Spade New York Leila Medium Compact Bifold Wallet Leather Warm Gingerbread,Rated 4.9/5 from 92 Amazon shopper reviews.,https://m.media-amazon.com/images/I/51bo1ttFsIL._AC_SL1338_.jpg,69.80
Tommy Hilfiger Men's Buffalo Tartan Tie,"Rated 4.8/5 from 1,009 Amazon shopper reviews.",https://m.media-amazon.com/images/I/71706Wl8aeL._AC_UL1345_.jpg,69.50
Ray-Ban Rb4337 Square Sunglasses,Rated 4.7/5 from 9 Amazon shopper reviews.,https://m.media-amazon.com/images/I/51eUvSjZy7L._AC_UL1500_.jpg,69.50
Salvatore Ferragamo Square 55 mm Sunglasses SF959S 001 55,Rated 4/5 from 28 Amazon shopper reviews.,https://m.media-amazon.com/images/I/71aI72UeMYL._AC_UL1500_.jpg,69.30
Michael Kors 56 mm Isle of Palms Square Sunglasses MK2098U Pink Tortoise/Pink Peach Gradient One Size,Rated 4.5/5 from 54 Amazon shopper reviews.,https://m.media-amazon.com/images/I/41gDWbMn3EL._AC_UL1200_.jpg,69.16
Ray-Ban RB4371f Asian Fit Round Sunglasses,Rated 4/5 from 35 Amazon shopper reviews.,https://m.media-amazon.com/images/I/51KpVuLYulL._AC_UL1500_.jpg,69.00
Kate Spade New York Dazzling Daisies Mini Necklace,Rated 5/5 from 10 Amazon shopper reviews.,https://m.media-amazon.com/images/I/41h0uUIFluL._AC_UL1000_.jpg,69.00
"COACH F64839 CUT-TO-SIZE REVERSIBLE SIGNATURE COATED CANVAS BELT, CHARCOAL/BLACK",Rated 4.2/5 from 34 Amazon shopper reviews.,https://m.media-amazon.com/images/I/51vXQRp8JxL._AC_.jpg,69.00
"Michael Michael Kors Women's MK5003 Designer Sunglasses, Gold",Rated 3.5/5 from 5 Amazon shopper reviews.,https://m.media-amazon.com/images/I/616PlMqX6mL._AC_UL1500_.jpg,69.00
kate spade new york Pink Pave Pig Reversible Earrings,Rated 4.4/5 from 7 Amazon shopper reviews.,https://m.media-amazon.com/images/I/71VZccr8fnL._AC_UL1500_.jpg,69.00
Salvatore Ferragamo SF770SA 001 Sunglasses Women's Black/Grey Gradient Lens 61mm,Rated 4.2/5 from 46 Amazon shopper reviews.,https://m.media-amazon.com/images/I/61y3bANfR8S._AC_UL1500_.jpg,69.00
"Michael Kors Women's Metallic MK Diamond Logo Scarf & Hat Set, Cream/Gold",Rated 4.3/5 from 57 Amazon shopper reviews.,https://m.media-amazon.com/images/I/81qtwNi0gzS._AC_UL1500_.jpg,69.00
Fossil Women's Carlie Mini Silver-Tone Stainless Steel Quartz Watch,Rated 4.6/5 from 249 Amazon shopper reviews.,https://m.media-amazon.com/images/I/71TGuIwwFnL._AC_UL1500_.jpg,69.00
Daniel Wellington Elan Bracelet Stainless Steel (316L) and Rose Gold Plating Rose Gold,Rated 4.6/5 from 3 Amazon shopper reviews.,https://m.media-amazon.com/images/I/41hV-MRUK2L._AC_UL1500_.jpg,69.00
kate spade new york Womens Hoop Earrings,Rated 4.1/5 from 9 Amazon shopper reviews.,https://m.media-amazon.com/images/I/917vErIpioL._AC_UL1500_.jpg,69.00
Kate Spade Ma Cherie Antoine French Bull Dog Pendant Necklace,Rated 4.8/5 from 35 Amazon shopper reviews.,https://m.media-amazon.com/images/I/51qHfB0Eh3L._AC_UL1260_.jpg,69.00
Kate Spade New York Market Street Tavy Wallet Cream Multi,Rated 5/5 from 2 Amazon shopper reviews.,https://m.media-amazon.com/images/I/811J4U3Q8xL._AC_UL1500_.jpg,69.00
Kate Spade New York Sea Star Starfish Statement Studs Earrings,Rated 4.7/5 from 2 Amazon shopper reviews.,https://m.media-amazon.com/images/I/81-whzLGILL._AC_UL1500_.jpg,69.00
"Michael Kors Women's Wallet, Brown",Rated 4.8/5 from 291 Amazon shopper reviews.,https://m.media-amazon.com/images/I/81EJosKydlL._AC_UL1500_.jpg,69.00
Kate Spade New York Womens So Foxy Fox Mini Pendant Necklace,Rated 5/5 from 5 Amazon shopper reviews.,https://m.media-amazon.com/images/I/51X72sK3ZHL._AC_UL1280_.jpg,68.99
Kate Spade Little Ladybug Red Mini Pendant Necklace,Rated 3.8/5 from 6 Amazon shopper reviews.,https://m.media-amazon.com/images/I/51kRG3omTYL._AC_UL1200_.jpg,68.98
Kate Spade New York Women's Dalia/S Us Aviator Sunglasses,Rated 4.5/5 from 977 Amazon shopper reviews.,https://m.media-amazon.com/images/I/71GrhoAEesL._AC_UL1500_.jpg,68.91
Tommy Hilfiger sunglasses (TH-1766-S 000),Rated 4.4/5 from 7 Amazon shopper reviews.,https://m.media-amazon.com/images/I/41Q-ev2MNnL._AC_UL1000_.jpg,68.89
COACH Sunglasses HC 8271 U 500287 Black,Rated 4.5/5 from 60 Amazon shopper reviews.,https://m.media-amazon.com/images/I/516I0ngCFIL._AC_UL1500_.jpg,68.86
"Marc Jacobs Women's Marc 486/S Square Sunglasses, Gold/Gray Shaded, 56mm, 15mm",Rated 2/5 from 2 Amazon shopper reviews.,https://m.media-amazon.com/images/I/61lhdqTomTL._AC_UL1500_.jpg,68.80
"Tory Burch TY7143U Sunglasses 170913-56 -, womens, Dk Brown Gradient TY7143U-170913-56",Rated 4.6/5 from 150 Amazon shopper reviews.,https://m.media-amazon.com/images/I/61BI4xfZDOL._AC_UL1500_.jpg,68.70
Frye Women's Melissa Snap Card Wallet,Rated 4.7/5 from 417 Amazon shopper reviews.,https://m.media-amazon.com/images/I/71PxREvEsXL._AC_UL1500_.jpg,68.57
Lacoste Women's L.12 Concept Petit Pique 12 Card Zip Wallet,Rated 5/5 from 2 Amazon shopper reviews.,https://m.media-amazon.com/images/I/81NcWE6oa3L._AC_UL1500_.jpg,68.57
Caravelle by Bulova Men's 43A113 Stainless Steel Bracelet Watch,Rated 3.5/5 from 23 Amazon shopper reviews.,https://m.media-amazon.com/images/I/816QjbPm7hL._AC_UL1500_.jpg,68.44
Kate Spade New York Say Yes Love Pendant Necklace Gold One Size,Rated 3/5 from 2 Amazon shopper reviews.,https://m.media-amazon.com/images/I/613fTQcvs3L._AC_UL1500_.jpg,68.30
Relic by Fossil Men's Rylan Quartz Stainless Steel Diamond Accent Dress Watch,"Rated 4.5/5 from 1,742 Amazon shopper reviews.",https://m.media-amazon.com/images/I/711lWopnmhL._AC_UL1500_.jpg,68.00
"Kate Spade New York ""Pave Hinged Bangle Do The Twist Pave Hinged Bangle Bracelet",Rated 3.4/5 from 10 Amazon shopper reviews.,https://m.media-amazon.com/images/I/71rb0ucgspL._AC_UL1500_.jpg,68.00
"HOBO Carte Compact Wallet For Women - Hide Leather Construction With Multiple Card Slots And Zipper Pocket, Durable and Handy Wallet Merlot One Size One Size",Rated 4.6/5 from 39 Amazon shopper reviews.,https://m.media-amazon.com/images/I/71UH72EXSkL._AC_SL1500_.jpg,67.99
Bulova Jewelry Men's Classic Stainless Steel Chain Link Bracelet with Clasp Closure,Rated 4.1/5 from 333 Amazon shopper reviews.,https://m.media-amazon.com/images/I/61Rz+K7WH3L._AC_UL1500_.jpg,67.99
Nautica Gents Ibiza 44MM Wrist Watch,Rated 3.8/5 from 7 Amazon shopper reviews.,https://m.media-amazon.com/images/I/61Gkuw3jYYL._AC_UL1200_.jpg,67.90
Ray-Ban Women's Rb4360 Cat Eye Sunglasses,Rated 3.2/5 from 24 Amazon shopper reviews.,https://m.media-amazon.com/images/I/51JFika0O3L._AC_UL1500_.jpg,67.59
Ray-Ban Women's RB4208 Oval Sunglasses,Rated 4.1/5 from 51 Amazon shopper reviews.,https://m.media-amazon.com/images/I/71kDCK+uS3L._AC_UL1500_.jpg,67.59
Marc Jacobs The Medallion Pendant Necklace,Rated 4.7/5 from 6 Amazon shopper reviews.,https://m.media-amazon.com/images/I/41Dp2fAIDxL._AC_UL1500_.jpg,67.58
Michael Kors MK1067B - 10148G Sunglasses CORSICA LIGHT GOLD/BLACK w/Dark Grey Gradient 55mm,Rated 4.6/5 from 163 Amazon shopper reviews.,https://m.media-amazon.com/images/I/61WRJyEorCL._AC_UL1500_.jpg,67.48
Kate Spade New York Women's Gayla Cat Eye Sunglasses,Rated 4.4/5 from 153 Amazon shopper reviews.,https://m.media-amazon.com/images/I/718pywxlHCL._AC_UL1500_.jpg,67.18
"Tommy Hilfiger Eton Leather Credit Card & Coin-Pocket Men's Wallet, Brown",Rated 4.6/5 from 565 Amazon shopper reviews.,https://m.media-amazon.com/images/I/719m6WddE+L._AC_UL1500_.jpg,66.99
Michael Kors MK2052-328911 Sunglasses ABI BLACK HORN w/GREY GRADIENT 55mm,Rated 4.6/5 from 19 Amazon shopper reviews.,https://m.media-amazon.com/images/I/61TiWG0xIbL._AC_UL1500_.jpg,66.99
COACH Sunglasses HC 8280 U 512013 Dark Tortoise,Rated 4.6/5 from 52 Amazon shopper reviews.,https://m.media-amazon.com/images/I/61DxYrcMzsL._AC_UL1500_.jpg,66.83
Anne Klein Dress Watch (Model: AK/3249),Rated 4.7/5 from 47 Amazon shopper reviews.,https://m.media-amazon.com/images/I/81AThjBpSWL._AC_UL1500_.jpg,66.76
Vera Bradley Accordion Wallet (Baroque),Rated 4.6/5 from 9 Amazon shopper reviews.,https://m.media-amazon.com/images/I/81LznzbDnWL._AC_UL1500_.jpg,66.58
"Ray-Ban Woman Sunglasses Black Frame, Grey Lenses, 59MM",Rated 4.6/5 from 14 Amazon shopper reviews.,https://m.media-amazon.com/images/I/71zvn5S3pvL._AC_UL1500_.jpg,66.50
Marc Jacobs Women's Marc096/S Rectangular Sunglasses,Rated 4/5 from 59 Amazon shopper reviews.,https://m.media-amazon.com/images/I/61zDUfnxFhL._AC_UL1500_.jpg,66.44
Kate Spade New York Women's Avaline Aviator Sunglasses,Rated 4.5/5 from 558 Amazon shopper reviews.,https://m.media-amazon.com/images/I/61PO8eDd5BL._AC_UL1500_.jpg,66.42
"Marc Jacobs Women's Marc 336/S Cat Eye Sunglasses, Black/Gray Shaded, 56mm, 16mm",Rated 4.6/5 from 148 Amazon shopper reviews.,https://m.media-amazon.com/images/I/61yGn4xd-YL._AC_UL1500_.jpg,66.27
Marc Jacobs Women's Marc 336/S Cat Eye Sunglasses,Rated 4.2/5 from 26 Amazon shopper reviews.,https://m.media-amazon.com/images/I/61Ue3ip2JAL._AC_UL1500_.jpg,66.27
Fossil Earth Day Solar Digital Rpet Watch LE1120,Rated 3.2/5 from 21 Amazon shopper reviews.,https://m.media-amazon.com/images/I/81M7x+Db5sS._AC_UL1500_.jpg,66.23
Fossil Copeland Women's Watch with Slim Case and Genuine Leather Band,Rated 4.7/5 from 456 Amazon shopper reviews.,https://m.media-amazon.com/images/I/81VkljS6UgL._AC_UL1500_.jpg,66.00
Marc Jacobs Grey Shaded Square Ladies Sunglasses MARC 526/S 0AB8/9O 57,Rated 5/5 from 4 Amazon shopper reviews.,https://m.media-amazon.com/images/I/614JtBt5Y0S._AC_UL1500_.jpg,65.98
Oakley Men's Factory Winter Gloves 2.0,Rated 3.7/5 from 6 Amazon shopper reviews.,https://m.media-amazon.com/images/I/719ywjQ7pEL._AC_UL1200_.jpg,65.95
Nautica N83 Men's NAPFWS219 N83 Finn World Silver-Tone/Blue/Blue Silicone Strap Watch,Rated 4.9/5 from 11 Amazon shopper reviews.,https://m.media-amazon.com/images/I/81f43bnHknL._AC_UL1500_.jpg,65.93
Anne Klein Women's Diamond Dial Bracelet Watch with Faceted Lens,Rated 4.4/5 from 208 Amazon shopper reviews.,https://m.media-amazon.com/images/I/81rA3i4IZqL._AC_UL1500_.jpg,65.84
kensie Women's Tie Waist Trench Coat,Rated 3.5/5 from 12 Amazon shopper reviews.,https://m.media-amazon.com/images/I/41IjvgDAPaL._AC_.jpg,65.78
COACH Signature Pave Bar Hinged Bangle bracelet rose gold one size,Rated 2.6/5 from 3 Amazon shopper reviews.,https://m.media-amazon.com/images/I/31iIB-6xxsL._AC_.jpg,65.66
Ray-Ban Mens Sunglasses (RB3364) Metal,Rated 4.5/5 from 44 Amazon shopper reviews.,https://m.media-amazon.com/images/I/51zAaiKvrlL._AC_UL1500_.jpg,65.45
Anne Klein Women's Premium Crystal Accented Watch and Bangle Set,"Rated 4.6/5 from 1,173 Amazon shopper reviews.",https://m.media-amazon.com/images/I/81WW0wIKpBL._AC_UL1500_.jpg,65.44
COACH HC7112 56 mm Cat Eye Metal Sunglasses,Rated 4.3/5 from 39 Amazon shopper reviews.,https://m.media-amazon.com/images/I/61dO-pIDvmL._AC_UL1500_.jpg,65.39
Michael Kors Park Avenue Silver-Tone Bracelet,Rated 5/5 from 1 Amazon shopper reviews.,https://m.media-amazon.com/images/I/71AYhUZ0T8L._AC_UL1500_.jpg,65.29
Kenneth Cole New York Men's KC50785004 Analog Display Quartz Silver Watch,Rated 3.8/5 from 4 Amazon shopper reviews.,https://m.media-amazon.com/images/I/81AUNHxYbeL._AC_UL1500_.jpg,65.20
"Lacoste Neocroc Women's Quartz Plastic and Silicone Strap Watch, Color: White and Pink (Model: 2001218)",Rated 4.8/5 from 42 Amazon shopper reviews.,https://m.media-amazon.com/images/I/610EbGk2TIL._AC_UL1500_.jpg,65.18
Marc by Marc Jacobs Women's MMJ 164/S Aviator Sunglasses,Rated 5/5 from 2 Amazon shopper reviews.,https://m.media-amazon.com/images/I/7171HeWPXvL._AC_UL1500_.jpg,65.01
Michael Kors Belt I Silver-Black I Genuine Leather I Reversible Belt X-Large,Rated 3.4/5 from 4 Amazon shopper reviews.,https://m.media-amazon.com/images/I/61MLTPUaI7L._AC_UL1500_.jpg,65.00
Anne Klein Women's Leather Strap Watch,Rated 4.6/5 from 117 Amazon shopper reviews.,https://m.media-amazon.com/images/I/512becu2TdL._AC_UL1500_.jpg,65.00
Anne Klein Women's Bracelet Watch,"Rated 4.5/5 from 12,487 Amazon shopper reviews.",https://m.media-amazon.com/images/I/81hxcT7-vQL._AC_UL1500_.jpg,65.00
Brahmin Credit Card Wallet,Rated 4.7/5 from 549 Amazon shopper reviews.,https://m.media-amazon.com/images/I/81jegL8lX7L._AC_UL1500_.jpg,65.00
Fossil Men's Casual Stainless Steel and Genuine Leather Bracelet,Rated 4.3/5 from 104 Amazon shopper reviews.,https://m.media-amazon.com/images/I/91qGQ9TDJuL._AC_UL1500_.jpg,65.00
Tommy Hilfiger 2780664 Women's Jewelry Stainless Steel Hinge Earrings Color: Silver,Rated 4.8/5 from 6 Amazon shopper reviews.,https://m.media-amazon.com/images/I/51mpYmvfIeL._AC_UL1283_.jpg,65.00
"Anne Klein Women's Strap Watch, AK/3842",Rated 4.6/5 from 45 Amazon shopper reviews.,https://m.media-amazon.com/images/I/51c0VIlmFeL._AC_UL1050_.jpg,65.00
Michael Kors Chealsea Womens Sunglasses M5004 1017R1 Rose Gold Aviator 59mm,Rated 4.5/5 from 231 Amazon shopper reviews.,https://m.media-amazon.com/images/I/41zZNST1tOL._AC_UL1000_.jpg,65.00
Fossil Men's RFID-Blocking Leather Passport Case Wallet,Rated 4.6/5 from 212 Amazon shopper reviews.,https://m.media-amazon.com/images/I/91jLiA2R4jL._AC_UL1500_.jpg,65.00
"Anne Klein Women's Leather Strap Watch, AK/3752",Rated 4.6/5 from 487 Amazon shopper reviews.,https://m.media-amazon.com/images/I/71J6x9H2bML._AC_UL1500_.jpg,65.00
"Tommy Hilfiger Men's Jewelry Stainless Steel, Black Lava Bead and Black Elastic Rope Stone Bracelet, Color: Black (Model: 2790435)",Rated 3.6/5 from 9 Amazon shopper reviews.,https://m.media-amazon.com/images/I/71gQgLd-8sL._AC_UL1500_.jpg,65.00
"Anne Klein Women's Easy-to-Read Navy Leather Strap Watch, AK/2156NVRG",Rated 4.5/5 from 297 Amazon shopper reviews.,https://m.media-amazon.com/images/I/81iUYMVd10L._AC_UL1500_.jpg,65.00
Anne Klein Women's Premium Crystal Accented Open Bracelet Watch,Rated 4.6/5 from 636 Amazon shopper reviews.,https://m.media-amazon.com/images/I/41C5FFYijTL._AC_UL1000_.jpg,65.00
Kate Spade New York Women's Alora Polarized Cat-Eye Sunglasses,Rated 4.5/5 from 19 Amazon shopper reviews.,https://m.media-amazon.com/images/I/71wERTd-UKL._AC_UL1500_.jpg,65.00
Betsey Johnson Bumble Bee Pave Bear Pendant Long Necklace,Rated 4.2/5 from 42 Amazon shopper reviews.,https://m.media-amazon.com/images/I/71-1FUSE5YL._AC_UL1500_.jpg,65.00
Anne Klein Women's Premium Crystal Accented Bangle Watch,Rated 4.9/5 from 29 Amazon shopper reviews.,https://m.media-amazon.com/images/I/61kam-bMSlL._AC_UL1500_.jpg,65.00
Tommy Hilfiger Men's Jewelry Tube Double Wrap Braided Leather Bracelet Color: Blue (Model: 2790326),Rated 4.2/5 from 18 Amazon shopper reviews.,https://m.media-amazon.com/images/I/718mJDN+TPL._AC_UL1500_.jpg,65.00
"Tommy Hilfiger Men's Jewelry Stainless Steel, Blue Dark Sodalite Bead and Blue Elastic Rop Stone Bracelet, Color: Blue (Model: 2790436)",Rated 4.1/5 from 10 Amazon shopper reviews.,https://m.media-amazon.com/images/I/71sWYD-AnRL._AC_UL1500_.jpg,65.00
Betsey Johnson Skulls and Roses Skull Head Pendant Necklace Blue Multi One Size,Rated 5/5 from 7 Amazon shopper reviews.,https://m.media-amazon.com/images/I/51skUFyU4RL._AC_UL1001_.jpg,65.00
COACH Quilted C Huggie Earrings,Rated 4.2/5 from 17 Amazon shopper reviews.,https://m.media-amazon.com/images/I/71bPQRcb-kL._AC_UL1500_.jpg,65.00
Tommy Hilfiger Men's Jewelry Tube Double Wrap Braided Leather Bracelet Color: Black (Model: 2790327),Rated 4.2/5 from 16 Amazon shopper reviews.,https://m.media-amazon.com/images/I/71d6N7FciFL._AC_UL1500_.jpg,65.00
"Tommy Hilfiger Women's Jewelry Open Bangle Bracelet, Color: Silver (Model: 2780490)",Rated 3.8/5 from 11 Amazon shopper reviews.,https://m.media-amazon.com/images/I/61KzfS-v4CL._AC_UL1500_.jpg,65.00
Guess Women's Watch W80055L1,Rated 4.1/5 from 7 Amazon shopper reviews.,https://m.media-amazon.com/images/I/418vG81YOvL._AC_.jpg,64.99
Michael Kors Men's Cooper Billfold with Passcase Wallet (Black PVC),Rated 4.4/5 from 123 Amazon shopper reviews.,https://m.media-amazon.com/images/I/814EZy0XtJL._AC_SL1310_.jpg,64.99
"Michael Kors Women's Scarf, Beanie & Glove Set, Black/White",Rated 4.6/5 from 37 Amazon shopper reviews.,https://m.media-amazon.com/images/I/81rgrO9Mu0L._AC_UL1500_.jpg,64.99
Michael Kors Adele Small Top Zip Coin Pouch ID Card Case Wallet,Rated 4.9/5 from 18 Amazon shopper reviews.,https://m.media-amazon.com/images/I/91CkII6a8ML._AC_UL1500_.jpg,64.98
Juicy Couture Women's 1900906 Surfside Silicon Strap Watch,Rated 3.1/5 from 8 Amazon shopper reviews.,https://m.media-amazon.com/images/I/81QCUDX3HbL._AC_UL1500_.jpg,64.98
Nautica Men's N6241s Rectangular Sunglasses,Rated 5/5 from 1 Amazon shopper reviews.,https://m.media-amazon.com/images/I/51dHkhbA3DL._AC_UL1500_.jpg,64.95
Relic by Fossil Dress Watch with Stainless Steel Strap,Rated 4.3/5 from 61 Amazon shopper reviews.,https://m.media-amazon.com/images/I/81zu9moY6RL._AC_UL1500_.jpg,64.95
Calvin Klein Women's Modern Fit Lux Pant with Belt,Rated 4.2/5 from 124 Amazon shopper reviews.,https://m.media-amazon.com/images/I/81iokRuN-dL._AC_UL1500_.jpg,64.86
Michael Kors MK Logo Heart Rose Goldtone Post Earrings,Rated 4.5/5 from 25 Amazon shopper reviews.,https://m.media-amazon.com/images/I/71iFm4tkmRL._AC_UL1500_.jpg,64.75
"Anne Klein Women's Genuine Diamond Dial Bangle Watch, AK/3566",Rated 4.4/5 from 240 Amazon shopper reviews.,https://m.media-amazon.com/images/I/71+ok82tB1L._AC_UL1500_.jpg,64.74
Michael Kors Women's Stainless Steel Gold-Tone Slider Bracelet with Crystal Accents,Rated 4.4/5 from 542 Amazon shopper reviews.,https://m.media-amazon.com/images/I/61Hip2U47IL._AC_UL1500_.jpg,64.51
Michael Kors Women's Stainless Steel Heart Shaped Stud Earrings With Crystal Accents,"Rated 4.5/5 from 1,133 Amazon shopper reviews.",https://m.media-amazon.com/images/I/61EeucyD34L._AC_UL1500_.jpg,64.50
Kate Spade New York Heart To Heart Earrings,Rated 5/5 from 4 Amazon shopper reviews.,https://m.media-amazon.com/images/I/61JDvWDcJrL._AC_UL1000_.jpg,64.50
Anne Klein Women's Diamond-Accented Mesh Bracelet Watch,Rated 4.6/5 from 964 Amazon shopper reviews.,https://m.media-amazon.com/images/I/715N0YrXa6L._AC_UL1500_.jpg,64.50
Michael Kors Women's Fashion Silver Brass Pendant Necklace (Model: MKJ7799040),Rated 4.4/5 from 6 Amazon shopper reviews.,https://m.media-amazon.com/images/I/61bdJd8c0OL._AC_UL1500_.jpg,64.35
Betsey Johnson Mixed Stone Mesh Long Necklace,Rated 5/5 from 5 Amazon shopper reviews.,https://m.media-amazon.com/images/I/71dFURz7lpL._AC_UL1500_.jpg,64.34
Lacoste Men's L882s Rectangular Sunglasses,Rated 4.1/5 from 151 Amazon shopper reviews.,https://m.media-amazon.com/images/I/51J-6zPiCCL._AC_UL1500_.jpg,64.29
Anne Klein Women's Mesh Bracelet Watch,Rated 4.4/5 from 110 Amazon shopper reviews.,https://m.media-amazon.com/images/I/71jCx5i11xL._AC_UL1500_.jpg,64.28
GUESS Women's Gu7562 Square Sunglasses,Rated 4.6/5 from 39 Amazon shopper reviews.,https://m.media-amazon.com/images/I/61Jn+Nkr0LL._AC_UL1500_.jpg,64.19
Skagen Women's SKW2719 Anita Analog Display Analog Quartz Blue Watch,Rated 4.5/5 from 22 Amazon shopper reviews.,https://m.media-amazon.com/images/I/618YY28pTHL._AC_UL1500_.jpg,64.00
"kate spade new york womens Pink Pave Pig Mini Pendant Necklace, 17"" + 4"" Extender",Rated 4.8/5 from 105 Amazon shopper reviews.,https://m.media-amazon.com/images/I/81ctRcZ2DmL._AC_UL1500_.jpg,64.00
kate spade new york Paradise Found Seahorse Stud Earrings,Rated 5/5 from 3 Amazon shopper reviews.,https://m.media-amazon.com/images/I/71fMIAwPQJL._AC_UL1500_.jpg,64.00
"Skagen Mens Pro Planet Aaren Naturals Recycled Stainless Steel Minimalist Watch with Leather Alternatives Bands Made with Mulberry Bark, Cork and Apple",Rated 4.4/5 from 64 Amazon shopper reviews.,https://m.media-amazon.com/images/I/81tC99UJNML._AC_UL1500_.jpg,64.00
Kate Spade New York Strawberry Charm Bracelet Picnic Basket Bees,Rated 3.7/5 from 5 Amazon shopper reviews.,https://m.media-amazon.com/images/I/61PVhKkRjQL._AC_UL1500_.jpg,64.00
GUESS Women's Gu3021 Wayfarer Sunglasses,Rated 4/5 from 30 Amazon shopper reviews.,https://m.media-amazon.com/images/I/51XUVg0bPcL._AC_UL1500_.jpg,63.99
Original Citizen Eco-Drive Axiom Black Leather Band Strap for Men's Watch Model AU1065-07E,Rated 4.6/5 from 11 Amazon shopper reviews.,https://m.media-amazon.com/images/I/41UerDkG-HL._AC_.jpg,63.96
"GUESS Women Quartz Watch with Stainless Steel Strap, Silver, 14 (Model: U0989L9)",Rated 4.5/5 from 44 Amazon shopper reviews.,https://m.media-amazon.com/images/I/51idTwPDl0S._AC_UL1500_.jpg,63.75
"Lacoste Rider Unisex Quartz Plastic and Silicone Strap Watch, Color: Pink (Model: 2030045)",Rated 4.5/5 from 19 Amazon shopper reviews.,https://m.media-amazon.com/images/I/617XYABLEaL._AC_UL1500_.jpg,63.75
Kate Spade New York Women's Paxton Rectangular Sunglasses,"Rated 4.4/5 from 1,086 Amazon shopper reviews.",https://m.media-amazon.com/images/I/71O7pUBqkHL._AC_UL1500_.jpg,63.73
"Michael Kors Women's Silver-Tone Brass Band Ring, Size 6 (Model: MKJ7985040)",Rated 2.2/5 from 5 Amazon shopper reviews.,https://m.media-amazon.com/images/I/51d70Z0WftL._AC_UL1500_.jpg,63.43
Michael Kors Men's Box Jet Set 4 In 1 Signature Leather Gift Set Belt (Black),Rated 4.5/5 from 954 Amazon shopper reviews.,https://m.media-amazon.com/images/I/510IwZAYrML._AC_UL1000_.jpg,63.41
Kate Spade New York Leila Small Slim Bifold Wallet Black,Rated 4.8/5 from 118 Amazon shopper reviews.,https://m.media-amazon.com/images/I/81keWCxgZ8S._AC_SL1500_.jpg,63.01
Michael's Jewelers-Provincetown The Beach Two Ball Bracelet from Cape Cod 925 Sterling Silver,Rated 4.5/5 from 86 Amazon shopper reviews.,https://m.media-amazon.com/images/I/61Z3QiWJBYL._AC_UL1500_.jpg,63.00
"Anne Klein Women's Genuine Diamond Dial Bangle Watch, AK/3636",Rated 4.5/5 from 66 Amazon shopper reviews.,https://m.media-amazon.com/images/I/71IqUa3TtmL._AC_UL1500_.jpg,63.00
Michael's Jewelers-Provincetown Center Circle Porthole Bracelet from Cape Cod 925 Sterling Silver,Rated 4.7/5 from 64 Amazon shopper reviews.,https://m.media-amazon.com/images/I/61Krg8MsZnL._AC_UL1500_.jpg,62.99
Marc Jacobs Polarized Grey Gradient Cat Eye Ladies Sunglasses MARC 525/S 02M2/WJ 55,Rated 5/5 from 1 Amazon shopper reviews.,https://m.media-amazon.com/images/I/31LYnBpq9oL._AC_UL1000_.jpg,62.98
Skagen Women's Freja Stainless Steel Dress Quartz Watch,"Rated 4.5/5 from 3,780 Amazon shopper reviews.",https://m.media-amazon.com/images/I/71Rd2ypFIIL._AC_UL1500_.jpg,62.96
Skagen Signatur Three-Hand 40mm Minimalist Watch,"Rated 4.5/5 from 1,717 Amazon shopper reviews.",https://m.media-amazon.com/images/I/81lIGfB8MdL._AC_UL1500_.jpg,62.96
Seiko Original Stainless Steel Jubilee Watch Band 22mm and Genuine Seiko Spring Bars,Rated 4.3/5 from 308 Amazon shopper reviews.,https://m.media-amazon.com/images/I/51uk7BI-iRL._AC_UL1000_.jpg,62.95
Guess 38MM Classic Watch,"Rated 4.6/5 from 1,777 Amazon shopper reviews.",https://m.media-amazon.com/images/I/81Wjfuwz+dL._AC_UL1500_.jpg,62.74
Calvin Klein Long Scuba Crepe Dress with Waist Tie,Rated 4/5 from 5 Amazon shopper reviews.,https://m.media-amazon.com/images/I/61sLiSHI45L._AC_UL1500_.jpg,62.53
Caravelle Dress Quartz Ladies Watch,Rated 4/5 from 57 Amazon shopper reviews.,https://m.media-amazon.com/images/I/61+nkvk-gvL._AC_UL1500_.jpg,62.50
Salvatore Ferragamo SF744SLA 001 Sunglasses Black/Grey Gradient Lenses 59mm,Rated 4.4/5 from 33 Amazon shopper reviews.,https://m.media-amazon.com/images/I/61uRMMpzKRS._AC_UL1500_.jpg,62.34
GUESS Pencils of Promise X Timothy Goodman Watch,Rated 3.7/5 from 77 Amazon shopper reviews.,https://m.media-amazon.com/images/I/816PPyh79gL._AC_UL1500_.jpg,62.24
Anne Klein Women's Solar Powered Easy to Read Dial Apple Peel Leather Strap Watch,Rated 3.8/5 from 7 Amazon shopper reviews.,https://m.media-amazon.com/images/I/819cynwe6AL._AC_UL1500_.jpg,62.17
Kate Spade New York Women's Picnic Perfect Pave Bee Mini Pendant Necklace Multi One Size,Rated 5/5 from 2 Amazon shopper reviews.,https://m.media-amazon.com/images/I/81LHXZsAY6L._AC_UL1500_.jpg,62.00
Kate Spade New York Light Up The Room Statement Earrings,Rated 5/5 from 1 Amazon shopper reviews.,https://m.media-amazon.com/images/I/71PGeJBPkUL._AC_UL1500_.jpg,62.00
Kate Spade New York Interchangeable Leather Band Compatible with Your 38/40mm Apple Watch- Straps for Apple Watch Series 8/7/6/5/4/3/2/1/SE,Rated 4.3/5 from 742 Amazon shopper reviews.,https://m.media-amazon.com/images/I/519jfAIBaiL._AC_UL1500_.jpg,61.99
"Armani EA4132 Sunglasses 57516G-57 -, Light Grey Mirror Silver 80 EA4132-57516G-57",Rated 4.6/5 from 6 Amazon shopper reviews.,https://m.media-amazon.com/images/I/51BHeX-tboL._AC_UL1200_.jpg,61.99
"Marc Jacobs Women's Marc 337/S Square Sunglasses, Black/Gray Shaded, 57mm, 17mm",Rated 4.4/5 from 41 Amazon shopper reviews.,https://m.media-amazon.com/images/I/61ddLT9dAvL._AC_UL1500_.jpg,61.92
"Rebecca Minkoff Women's Quartz Watch with Stainless Steel Strap, Silver, 13 (Model: 2200299)",Rated 4.6/5 from 9 Amazon shopper reviews.,https://m.media-amazon.com/images/I/71b0nNYF+ZL._AC_UL1500_.jpg,61.88
"Ray-Ban Men,Women RB3578 50 Sunglasses 50mm",Rated 4.5/5 from 13 Amazon shopper reviews.,https://m.media-amazon.com/images/I/211uaX9zPmL._AC_.jpg,61.68
Ray-Ban Rj9052s New Wayfarer Square Sunglasses,"Rated 4.3/5 from 1,382 Amazon shopper reviews.",https://m.media-amazon.com/images/I/418tdSSOT4L._AC_UL1500_.jpg,61.60
"Michael Kors Women's Reversible MK Logo Leather Belt (Brown Tan/Gold,M)",Rated 3.7/5 from 28 Amazon shopper reviews.,https://m.media-amazon.com/images/I/817R7TyzxNL._AC_UL1500_.jpg,61.26
Kate Spade New York Women's Elianna/G/S Square Sunglasses,Rated 4.2/5 from 52 Amazon shopper reviews.,https://m.media-amazon.com/images/I/61QgjrSa+YL._AC_UL1500_.jpg,61.10
Michael Kors Women's Stainless Steel Drop Earrings With Crystal Accents,Rated 4.6/5 from 921 Amazon shopper reviews.,https://m.media-amazon.com/images/I/71jFnrAWEpL._AC_UL1500_.jpg,60.99
Kate Spade New York Women's Johanna Rectangular Sunglasses,Rated 4.5/5 from 281 Amazon shopper reviews.,https://m.media-amazon.com/images/I/61A5XRWfNbL._AC_UL1332_.jpg,60.89
Anne Klein Women's AK/1046CHCV Premium Crystal-Accented Watch,"Rated 4.5/5 from 1,762 Amazon shopper reviews.",https://m.media-amazon.com/images/I/91RRJ0O6IML._AC_UL1500_.jpg,60.62
Tommy Hilfiger Jewelry Men's Magnetic Braided Ionic Thin Gold and Blue Leather Bracelet Color: Blue (Model: 2790377),Rated 4.6/5 from 6 Amazon shopper reviews.,https://m.media-amazon.com/images/I/71b47rtP+pL._AC_UL1500_.jpg,60.31
COACH Sunglasses HC 8168 534811 Black,Rated 4.6/5 from 367 Amazon shopper reviews.,https://m.media-amazon.com/images/I/51f-yiAmVUL._AC_UL1500_.jpg,60.17
Relic by Fossil Men's Garrett Quartz Stainless Steel Sport Watch,Rated 4.4/5 from 434 Amazon shopper reviews.,https://m.media-amazon.com/images/I/71SM5iIqErL._AC_UL1500_.jpg,60.07
Fossil Men's Derrick RFID-Blocking Leather Bifold Wallet with Flip ID Window,"Rated 4.7/5 from 6,328 Amazon shopper reviews.",https://m.media-amazon.com/images/I/517luztcabL._AC_UL1500_.jpg,60.00
Fossil Stainless Steel Interchangeable Watch Band Strap,Rated 4.3/5 from 755 Amazon shopper reviews.,https://m.media-amazon.com/images/I/71yurB7M6IL._AC_UL1500_.jpg,60.00
Fossil Women's Valerie Leather Flap Card Case Wallet with Keychain,Rated 4.5/5 from 187 Amazon shopper reviews.,https://m.media-amazon.com/images/I/71t4JNaqyTL._AC_UL1500_.jpg,60.00
Relic by Fossil Women's Tenley Quartz Metal Dress Watch,Rated 4.5/5 from 659 Amazon shopper reviews.,https://m.media-amazon.com/images/I/71KqiubaD9L._AC_UL1500_.jpg,60.00
Ted Baker London Melrah Icon Crystal Slider Adjustable Tennis Bracelet for Women,Rated 4.4/5 from 499 Amazon shopper reviews.,https://m.media-amazon.com/images/I/71ztKIWQQpL._AC_UL1500_.jpg,60.00
"Skagen Women's Kariana Two-Tone Curl Earrings, 40 mm",Rated 3.7/5 from 7 Amazon shopper reviews.,https://m.media-amazon.com/images/I/71ViSmPWFGL._AC_UL1500_.jpg,60.00
NIXON A3481366-00 - Women's Tessuto Watch,Rated 4.1/5 from 64 Amazon shopper reviews.,https://m.media-amazon.com/images/I/71rXAm1jNaL._AC_UL1500_.jpg,60.00
"Caravelle by Bulova Dress Quartz Ladies Watch, Stainless Steel with Black Leather Strap, Silver-Tone (Model: 43M116)",Rated 4.5/5 from 16 Amazon shopper reviews.,https://m.media-amazon.com/images/I/6138UzoqvxL._AC_UL1500_.jpg,60.00
UGG Contrast Water Resistant Sheepskin Tech Gloves Metal LG,Rated 4.3/5 from 5 Amazon shopper reviews.,https://m.media-amazon.com/images/I/81yuYKYdVhL._AC_UL1500_.jpg,59.99
Vincero Luxury Women’s Eros Wrist Watch — Japanese Quartz Movement,Rated 4.3/5 from 108 Amazon shopper reviews.,https://m.media-amazon.com/images/I/81HvDIOrQ6L._AC_UL1500_.jpg,59.99
Calvin Klein Women's Ck19133s Aviator Sunglasses,Rated 4.2/5 from 59 Amazon shopper reviews.,https://m.media-amazon.com/images/I/71idgsKS2+L._AC_UL1500_.jpg,59.99
Betsey Johnson Women's Oversized Illusions Pink Skull Heart Long Necklace Purple Strand Necklace,Rated 5/5 from 2 Amazon shopper reviews.,https://m.media-amazon.com/images/I/71ThEilNd+L._AC_UL1500_.jpg,59.99
Men's 925 Sterling Silver Nugget Band Ring,Rated 4.3/5 from 51 Amazon shopper reviews.,https://m.media-amazon.com/images/I/71pgDypchsL._AC_UL1280_.jpg,59.99
Bulova Jewelry Men's Classic Leather Strap Bracelet,Rated 4.3/5 from 106 Amazon shopper reviews.,https://m.media-amazon.com/images/I/61ZvpWUjKuL._AC_UL1500_.jpg,59.99
"Michael Kors CLAREMONT MK2103 Sunglasses 300511-56 -, Grey Gradient MK2103-300511-56",Rated 4.2/5 from 28 Amazon shopper reviews.,https://m.media-amazon.com/images/I/61CSAHCmZ8L._AC_UL1500_.jpg,59.99
Ferragamo SF957S Women Sunglasses Tortoise,Rated 4.4/5 from 29 Amazon shopper reviews.,https://m.media-amazon.com/images/I/515jNzvKahL._AC_UL1500_.jpg,59.99
"Michael Kors Womens Belt, Signature Logo Wide Belt - Black",Rated 4.5/5 from 181 Amazon shopper reviews.,https://m.media-amazon.com/images/I/51TnKJ0uMDL._AC_.jpg,59.97
Kenneth Cole New York Women's KC4985 Square Watch,Rated 4/5 from 4 Amazon shopper reviews.,https://m.media-amazon.com/images/I/81ww3kG1uaL._AC_UL1500_.jpg,59.95
Kate Spade New York Women's Primrose/G/S Cat Eye Sunglasses,Rated 4.3/5 from 15 Amazon shopper reviews.,https://m.media-amazon.com/images/I/51MDBoHYd7L._AC_UL1500_.jpg,59.95
Pulsar Men's Chronograph watch #PF3545,Rated 4.7/5 from 4 Amazon shopper reviews.,https://m.media-amazon.com/images/I/61M6c1Z12iL._AC_UL1000_.jpg,59.95
"Michael Kors Woman Sunglasses Dark Tortoise Frame, Brown Rose Gradient Lenses, 56MM",Rated 4.5/5 from 10 Amazon shopper reviews.,https://m.media-amazon.com/images/I/5124TlJTbJS._AC_UL1500_.jpg,59.95
Ray Ban RB3025 3025 RayBan Sunglasses Replacement Lenses Brown Orange Mirror 58mm,Rated 4/5 from 9 Amazon shopper reviews.,https://m.media-amazon.com/images/I/61sTzEUNThL._AC_UL1500_.jpg,59.95
"Kenneth Cole New York Women's Quartz Stainless Steel Case Leather Strap Brown Casual Watch,(Model:KC2750)",Rated 4.7/5 from 12 Amazon shopper reviews.,https://m.media-amazon.com/images/I/713pSnSIC0L._AC_UL1500_.jpg,59.95
Anne Klein Women's Premium Crystal Accented Mesh Bracelet Watch,"Rated 4.6/5 from 1,671 Amazon shopper reviews.",https://m.media-amazon.com/images/I/81GadTrYsLL._AC_UL1500_.jpg,59.79
GUESS Women's Classic Square Sunglasses,Rated 4.5/5 from 155 Amazon shopper reviews.,https://m.media-amazon.com/images/I/61f49wOOXyL._AC_UL1500_.jpg,59.67
Michael Kors Men's Cooper Tall Card Case Leather Wallet,Rated 4.7/5 from 142 Amazon shopper reviews.,https://m.media-amazon.com/images/I/81iOyXBRReL._AC_UL1500_.jpg,59.67
Kate Spade New York Women's Giana/G/S Cat Eye Sunglasses,Rated 4.6/5 from 20 Amazon shopper reviews.,https://m.media-amazon.com/images/I/61cN5W3r0oL._AC_UL1500_.jpg,59.60
Vera Bradley Women's Microfiber Turnlock Wallet with RFID Protection,Rated 4.7/5 from 160 Amazon shopper reviews.,https://m.media-amazon.com/images/I/81BLkts9rUL._AC_UL1500_.jpg,59.50
Sunglasses FERRAGAMO SF 942 S 326 Khaki Brown Gradient,Rated 4.3/5 from 21 Amazon shopper reviews.,https://m.media-amazon.com/images/I/61iXvJ2zyvL._AC_UL1500_.jpg,59.34
Michael Kors Goldtone Signature Pave Drop Earrings,Rated 4.3/5 from 9 Amazon shopper reviews.,https://m.media-amazon.com/images/I/81V63lhlHFL._AC_UL1500_.jpg,59.25
A|X ARMANI EXCHANGE Ax4041sf Low Bridge Fit Square Sunglasses,Rated 3.7/5 from 39 Amazon shopper reviews.,https://m.media-amazon.com/images/I/51D9dnkYIHL._AC_UL1500_.jpg,59.11
Fossil Women's Carlie Mini Quartz Stainless Steel Silver Watch,"Rated 4.6/5 from 4,786 Amazon shopper reviews.",https://m.media-amazon.com/images/I/71nvdcAad0L._AC_UL1500_.jpg,59.07
Kate Spade New York Women's California Dreaming Pave Shark Studs Earrings Blue Multi One Size,Rated 2.9/5 from 3 Amazon shopper reviews.,https://m.media-amazon.com/images/I/81MqhW1AwgL._AC_UL1500_.jpg,59.00
"Daniel Wellington Classic Tennis Bracelet Necklace, Adjustable Stainless Steel Crystal Bracelet Necklace",Rated 4.3/5 from 221 Amazon shopper reviews.,https://m.media-amazon.com/images/I/51NZf+rJ+gL._AC_UL1500_.jpg,59.00
Anne Klein Women's Genuine Diamond Dial Mesh Bracelet Watch,Rated 4.5/5 from 27 Amazon shopper reviews.,https://m.media-amazon.com/images/I/81bBMLkPLvS._AC_UL1500_.jpg,59.00
DKNY Women's Sleeveless Pleated Top with Tie Neck,Rated 3.8/5 from 80 Amazon shopper reviews.,https://m.media-amazon.com/images/I/71XoaJEAoCL._AC_UL1500_.jpg,59.00
"Daniel Wellington Classic Bracelet Black Large Cuff for Mens, Stainless Steel Bracelet for Couple, Adjustable Simple Cuff Bangles Jewelry Gifts",Rated 4.5/5 from 547 Amazon shopper reviews.,https://m.media-amazon.com/images/I/41zI5SrANcL._AC_UL1500_.jpg,59.00
"Kate Spade New York ""Pave Bee Mini Pendant Picnic Perfect Pave Bee Mini Multi Pendant Necklaces",Rated 4.8/5 from 11 Amazon shopper reviews.,https://m.media-amazon.com/images/I/817AXjR9GoL._AC_UL1500_.jpg,59.00
Two New Clear Rotating Earring Display Stands with 64 2 Inch x 2 Inch Black Cards,Rated 3.5/5 from 21 Amazon shopper reviews.,https://m.media-amazon.com/images/I/518ea6NNgJL._AC_.jpg,59.00
Kate Spade New York Sea Star Starfish and Crab Studs Earrings,Rated 3.8/5 from 12 Amazon shopper reviews.,https://m.media-amazon.com/images/I/71EFh12Nb7L._AC_UL1500_.jpg,59.00
Kate Spade New York Cherry Dangle Earrings,Rated 4/5 from 1 Amazon shopper reviews.,https://m.media-amazon.com/images/I/31pZXrqyYvL._AC_.jpg,59.00
"kate spade new york Horseshoe Pendant Necklace, 17"" + 3"" Extender",Rated 3.6/5 from 9 Amazon shopper reviews.,https://m.media-amazon.com/images/I/71L1RGWI5NL._AC_UL1500_.jpg,59.00
"Coach Women's Signature Buckle Belt, 25mm (L, BLACK)",Rated 4.4/5 from 28 Amazon shopper reviews.,https://m.media-amazon.com/images/I/414I8lL-WUL._AC_UL1000_.jpg,59.00
GUESS Men's Reversible G Logo Buckle Belt,Rated 3.2/5 from 16 Amazon shopper reviews.,https://m.media-amazon.com/images/I/61a1kliRN6L._AC_UL1280_.jpg,59.00
Coach Leather Logo Plaque Reversible Belt F66111,Rated 4.2/5 from 5 Amazon shopper reviews.,https://m.media-amazon.com/images/I/71e94xt13pL._AC_UL1500_.jpg,58.99
Michael Kors Mk Signature Logo Jacquard Brown Belt Goldtone Buckle M,Rated 3.8/5 from 2 Amazon shopper reviews.,https://m.media-amazon.com/images/I/51j9lXWDSQL._AC_.jpg,58.97
"Michael Kors Mens Silver Buckle,Leather Dress Belt,Black,38""",Rated 3.2/5 from 2 Amazon shopper reviews.,https://m.media-amazon.com/images/I/71f2aZVKETL._AC_UL1500_.jpg,58.90
Michael Michael Kors Women`s Scarf And Hat 2 Piece Set,Rated 4.4/5 from 35 Amazon shopper reviews.,https://m.media-amazon.com/images/I/91Ma8Y8mQUL._AC_UL1500_.jpg,58.60
Tommy Hilfiger Beth II Flap Continental Wallet Bias Bicolor Texture PVC Navy/Red Multi One Size,Rated 5/5 from 3 Amazon shopper reviews.,https://m.media-amazon.com/images/I/81yhc6WHEyL._AC_SL1500_.jpg,58.50
A|X ARMANI EXCHANGE Men's Ax4070s Square Sunglasses,Rated 4.7/5 from 136 Amazon shopper reviews.,https://m.media-amazon.com/images/I/41kql9za8YL._AC_UL1500_.jpg,58.35
"Anne Klein Women's Premium Crystal Accented Bangle Watch Set, AK/2245","Rated 4.6/5 from 2,567 Amazon shopper reviews.",https://m.media-amazon.com/images/I/914FIdPsvML._AC_UL1500_.jpg,58.33
COACH BELT WIDE HARNESS CUT-TO-SIZE REVERSIBLE PEBBLE LEATHER BLACK/BROWN,Rated 1.6/5 from 2 Amazon shopper reviews.,https://m.media-amazon.com/images/I/41BYz1o1WsL._AC_.jpg,58.30
Kate Spade New York Women's Angeliq Cat-Eye Sunglasses,"Rated 4.7/5 from 1,943 Amazon shopper reviews.",https://m.media-amazon.com/images/I/61L83Srac7L._AC_UL1500_.jpg,58.30
Michaek Kors MK2035-321187 Sunglasses SEASIDE GETAWAY BLACK HORN w/GREY SOLID Lens 55mm,Rated 4.1/5 from 6 Amazon shopper reviews.,https://m.media-amazon.com/images/I/71k6KQoBS5L._AC_UL1500_.jpg,58.10
"Kate Spade Bourgeois Bow Stud Earrings Boxed, Golden",Rated 4.4/5 from 21 Amazon shopper reviews.,https://m.media-amazon.com/images/I/611DXN0t74L._AC_UL1500_.jpg,58.00
Tommy Hilfiger Prep Club - Zip Around Wallet,Rated 5/5 from 12 Amazon shopper reviews.,https://m.media-amazon.com/images/I/91BydlY8JML._AC_UL1500_.jpg,58.00
Betsey Johnson Reindeer Hinged Bangle Bracelet,Rated 4.3/5 from 22 Amazon shopper reviews.,https://m.media-amazon.com/images/I/81brAZeF8HL._AC_UL1500_.jpg,58.00
Kate Spade New York My Love Pendant Necklace,Rated 4.6/5 from 23 Amazon shopper reviews.,https://m.media-amazon.com/images/I/513vNu4AvqL._AC_UL1500_.jpg,58.00
Michael Kors 38mm Leather Reversible MK Logo Plaque Buckle Belt,Rated 4.4/5 from 172 Amazon shopper reviews.,https://m.media-amazon.com/images/I/61qb8-mdyGL._AC_UL1129_.jpg,58.00
"Kate Spade New York Womens Pave Pineapple Mini Pendant Necklace, Clear/Gold",Rated 4.4/5 from 19 Amazon shopper reviews.,https://m.media-amazon.com/images/I/61wO5rxrHIL._AC_UL1500_.jpg,58.00
Kate Spade Love Heart Crystal Rose Gold Necklace Earrings Gift Set,Rated 3.9/5 from 10 Amazon shopper reviews.,https://m.media-amazon.com/images/I/61Vpfxml50L._AC_UL1500_.jpg,57.99
"Tommy Hilfiger Women's Qtz Multifunction Stainless Steel and Bracelet Casual Watch, Color: Two Tone (Model: 1782298)",Rated 3.1/5 from 3 Amazon shopper reviews.,https://m.media-amazon.com/images/I/01RmK+J4pJL._AC_.gif,57.99
Guess G Twist Silver Dial Silicone Strap Ladies Watch W0911L6,Rated 4.6/5 from 152 Amazon shopper reviews.,https://m.media-amazon.com/images/I/711e-jKllBL._AC_UL1500_.jpg,57.99
"Michael Kors MK2024F Sunglasses 316011-57 - Black Frame, Light Grey Gradient MK2024F-316011-57",Rated 4.5/5 from 37 Amazon shopper reviews.,https://m.media-amazon.com/images/I/418gs7MzU+L._AC_UL1500_.jpg,57.85
"CLUSE Minuit Rose Gold 33mm Analog Display Quartz Watch, Leather Band",Rated 3.8/5 from 14 Amazon shopper reviews.,https://m.media-amazon.com/images/I/61nPzylLf4L._AC_UL1500_.jpg,57.84
"Caravelle by Bulova Sport Quartz Mens Watch, Stainless Steel , Silver-Tone (Model: 43B170)",Rated 4.1/5 from 7 Amazon shopper reviews.,https://m.media-amazon.com/images/I/71ZeV0+i9eL._AC_UL1500_.jpg,57.81
Kate Spade New York Women's Annika Rectangular Sunglasses,"Rated 4.6/5 from 1,044 Amazon shopper reviews.",https://m.media-amazon.com/images/I/61lADgaCJ5L._AC_UL1500_.jpg,57.78
Fossil Women's Rose Gold-Tone Stainless Steel Chain Bracelet,Rated 4.5/5 from 136 Amazon shopper reviews.,https://m.media-amazon.com/images/I/81xeLdqwaAL._AC_UL1500_.jpg,57.68
Relic by Fossil Men's Rutherford Multifunction Quartz Watch,Rated 4/5 from 31 Amazon shopper reviews.,https://m.media-amazon.com/images/I/81nEZ5ilpQL._AC_UL1500_.jpg,57.63
"Armani Exchange Woman Sunglasses Shiny Black Frame, Grey Gradient Lenses, 54MM",Rated 4.9/5 from 13 Amazon shopper reviews.,https://m.media-amazon.com/images/I/51S3Htfe9mL._AC_UL1500_.jpg,57.60
Betsey Johnson Women's Plus Size Midi Dress with Shoulder Ties,Rated 3.5/5 from 10 Amazon shopper reviews.,https://m.media-amazon.com/images/I/41QQGc9Wn3L._AC_UL1200_.jpg,57.60
A|X ARMANI EXCHANGE Men's Ax4049sf Low Bridge Fit Square Sunglasses,Rated 4.6/5 from 252 Amazon shopper reviews.,https://m.media-amazon.com/images/I/51UtdtsfhJL._AC_UL1500_.jpg,57.57
"Michael Kors MK5007 104525 Rose Gold White Hvar Pilot Sunglasses Lens Category, 59mm",Rated 4.7/5 from 906 Amazon shopper reviews.,https://m.media-amazon.com/images/I/61feDSgcMfL._AC_UL1500_.jpg,57.50
Skagen Women's Freja Two-Hand Blue Eco Leather Watch (Model: SKW3007),Rated 4.2/5 from 9 Amazon shopper reviews.,https://m.media-amazon.com/images/I/71sA5NRQ24L._AC_UL1500_.jpg,57.47
"Michael Kors Women's Black Synthetic Leather Mk Design Square Buckle Fashion Belt (Dark Beige, Medium)",Rated 4.6/5 from 12 Amazon shopper reviews.,https://m.media-amazon.com/images/I/81EcrC4z9IL._AC_UL1500_.jpg,57.25
"Betsey Johnson Glitter Rose Frontal Necklace, Pink",Rated 4.4/5 from 258 Amazon shopper reviews.,https://m.media-amazon.com/images/I/71ohHYiiyUS._AC_UL1500_.jpg,57.24
Kate Spade New York Women's Genice Oval Sunglasses,Rated 4.5/5 from 217 Amazon shopper reviews.,https://m.media-amazon.com/images/I/51cYWbNfZzS._AC_UL1500_.jpg,57.05
Kate Spade New York Love Notes Bracelet Bangle,Rated 4.6/5 from 141 Amazon shopper reviews.,https://m.media-amazon.com/images/I/61VWg46tQBL._AC_UL1500_.jpg,57.00
"Anne Klein Consider It Women's Apple Peel Leather Strap Watch, AK/3896",Rated 5/5 from 1 Amazon shopper reviews.,https://m.media-amazon.com/images/I/71P05g81FzL._AC_UL1500_.jpg,57.00
Jivago Women's JV8433 Fun Analog Display Swiss Quartz White Watch,Rated 2/5 from 1 Amazon shopper reviews.,https://m.media-amazon.com/images/I/81k4n3zVyGL._AC_UL1500_.jpg,56.99
Kate Spade New York Love Notes Take A Bow Bangle Bracelet (O0RU1020 Rose Gold),Rated 5/5 from 7 Amazon shopper reviews.,https://m.media-amazon.com/images/I/61MmkTeEq3L._AC_UL1500_.jpg,56.98
GUESS Women's Metal Aviator Sunglasses,Rated 4.4/5 from 580 Amazon shopper reviews.,https://m.media-amazon.com/images/I/51T-H+AYJqL._AC_UL1280_.jpg,56.98
MICHAEL Michael Kors Women`s Logo Infinity Loop Scarf,Rated 4.6/5 from 75 Amazon shopper reviews.,https://m.media-amazon.com/images/I/81MeG1Q58FL._AC_UL1500_.jpg,56.97
Kate Spade New York Flutter Butterfly Fashion Necklace,Rated 5/5 from 4 Amazon shopper reviews.,https://m.media-amazon.com/images/I/51cFyP4FE9S._AC_UL1500_.jpg,56.90
GUESS Women's Classic Aviator Pilot Sunglasses,Rated 4.5/5 from 18 Amazon shopper reviews.,https://m.media-amazon.com/images/I/61aXIqyN6cL._AC_UL1500_.jpg,56.86
"Michael Kors Men's 2 Piece Hat and Scarf Reversible Set, Black/Grey",Rated 4.6/5 from 7 Amazon shopper reviews.,https://m.media-amazon.com/images/I/91P3c3+Rk6L._AC_UL1500_.jpg,56.75
"Kate Spade Sparkling Bow Mini Pendant Necklace, Silvertone",Rated 3.6/5 from 2 Amazon shopper reviews.,https://m.media-amazon.com/images/I/71NuOr4gg8L._AC_UL1500_.jpg,56.65
Tommy Hilfiger Women's Tie Neck Lace Collar Two Tone Dress,Rated 4.3/5 from 8 Amazon shopper reviews.,https://m.media-amazon.com/images/I/51+mT+ioitL._AC_UL1500_.jpg,56.56
Fossil Men's Derrick Leather RFID-Blocking Bifold Passcase with Removable Card Case Wallet,Rated 4.7/5 from 361 Amazon shopper reviews.,https://m.media-amazon.com/images/I/91cjX2OPYPL._AC_UL1500_.jpg,56.50
Michael Kors Fashion Rose Gold-Tone Brass Hoop Earring (Model: MKJ7884791),Rated 3.7/5 from 9 Amazon shopper reviews.,https://m.media-amazon.com/images/I/61XQfUEvimL._AC_UL1500_.jpg,56.45
Polo Ralph Lauren Men's Ph3112 Aviator Sunglasses,Rated 4.4/5 from 114 Amazon shopper reviews.,https://m.media-amazon.com/images/I/41dwYE7CBHS._AC_UL1475_.jpg,56.35
"Anne Klein Women's Glitter Accented Bangle Watch, AK/3690",Rated 4.6/5 from 66 Amazon shopper reviews.,https://m.media-amazon.com/images/I/71KIAFCbp+L._AC_UL1500_.jpg,56.25
Anne Klein Women's AK/2184BKGB Diamond-Accented Dial Gold-Tone Mesh Bracelet Watch,Rated 4.5/5 from 201 Amazon shopper reviews.,https://m.media-amazon.com/images/I/81+9CH+-zQL._AC_UL1500_.jpg,56.11
"Kenneth Cole New York Men's Classic Japanese-Quartz Watch with Stainless-Steel Strap, Black, 21 (Model: KC50892004)",Rated 4.8/5 from 23 Amazon shopper reviews.,https://m.media-amazon.com/images/I/81dmSr6nFKL._AC_UL1500_.jpg,56.09
Kate Spade New York Marti Small Flap Pebbled Leather Wallet Black,Rated 3.5/5 from 2 Amazon shopper reviews.,https://m.media-amazon.com/images/I/61DXd8M1MpL._AC_SL1000_.jpg,56.00
Kate Spade New York Scenic Route Hummingbird Stud Earrings O0RU2496,Rated 4.7/5 from 102 Amazon shopper reviews.,https://m.media-amazon.com/images/I/81MW192sS1L._AC_UL1500_.jpg,56.00
Kenneth Cole New York Men's KC50589022 Classic Analog Display Japanese Quartz Black Watch,Rated 4.3/5 from 31 Amazon shopper reviews.,https://m.media-amazon.com/images/I/91SXUdJeKCL._AC_UL1500_.jpg,55.99
Vera Bradley Strap Wallet in Suzani,Rated 4.4/5 from 3 Amazon shopper reviews.,https://m.media-amazon.com/images/I/71FSyeUDjxL._AC_UL1221_.jpg,55.99
Bulova Caravelle Men's 43C121 Analog Display Quartz Silver Watch,Rated 5/5 from 2 Amazon shopper reviews.,https://m.media-amazon.com/images/I/7134Nq2HaIL._AC_UL1500_.jpg,55.99
Kate Spade New York Women's Ayleen Rectangular Sunglasses,Rated 4.5/5 from 351 Amazon shopper reviews.,https://m.media-amazon.com/images/I/71k4qPj5trL._AC_UL1500_.jpg,55.95
Relic by Fossil Women's Iva Quartz Metal Sport Watch,Rated 4.5/5 from 332 Amazon shopper reviews.,https://m.media-amazon.com/images/I/81MgA7+z-SL._AC_UL1500_.jpg,55.90
Guess Women's Stud Acccent Round Sunglasses,Rated 4.4/5 from 8 Amazon shopper reviews.,https://m.media-amazon.com/images/I/61vDjGUn4gL._AC_UL1500_.jpg,55.78
SALVATORE FERRAGAMO SF770SA 213 Sunglasses Light Brown/Brown Gradient Lens 61mm,Rated 4.1/5 from 15 Amazon shopper reviews.,https://m.media-amazon.com/images/I/51x7+XyJPAS._AC_UL1500_.jpg,55.74
Juicy Couture Black Label Women's JC/1008IRWT Genuine Crystal Accented Rose Gold-Tone and White Strap Watch,Rated 4.5/5 from 5 Amazon shopper reviews.,https://m.media-amazon.com/images/I/819H2UdjN0L._AC_UL1500_.jpg,55.71
Calvin Klein womens Lurex Textured Flip Top Glove,Rated 4.7/5 from 23 Amazon shopper reviews.,https://m.media-amazon.com/images/I/91tiSwPP0TS._AC_UL1500_.jpg,55.58
Tommy Hilfiger Men's Th1556/S Rectangular Sunglasses,"Rated 4.5/5 from 1,252 Amazon shopper reviews.",https://m.media-amazon.com/images/I/61-NMrwiy6L._AC_UL1500_.jpg,55.30
DKNY Women's Soho Slim Stainless Steel Quartz Dress Watch,Rated 4.5/5 from 239 Amazon shopper reviews.,https://m.media-amazon.com/images/I/51oNlDTGVBL._AC_UL1500_.jpg,55.21
GUESS Women's Acetate Rectangle Rectangular Sunglasses,Rated 4.6/5 from 89 Amazon shopper reviews.,https://m.media-amazon.com/images/I/61tzDRcD0LL._AC_UL1500_.jpg,55.20
GUESS Women's Metal Logo Square Sunglasses,Rated 3.9/5 from 16 Amazon shopper reviews.,https://m.media-amazon.com/images/I/61ZF0bXX7jL._AC_UL1500_.jpg,55.13
Ted Baker London Hanniy Crystal Heart Huggie Hoop Earrings for Women,Rated 4.2/5 from 166 Amazon shopper reviews.,https://m.media-amazon.com/images/I/61IFpOU52gL._AC_UL1500_.jpg,55.00
Oakley Oo9013 Frogskins Square Sunglasses,"Rated 4.5/5 from 1,874 Amazon shopper reviews.",https://m.media-amazon.com/images/I/51hZWpE6usL._AC_UL1500_.jpg,55.00
Fossil Men's Stainless Steel and Genuine Leather Beaded Bracelet,Rated 4.4/5 from 135 Amazon shopper reviews.,https://m.media-amazon.com/images/I/71QgN5ARfNL._AC_UL1500_.jpg,55.00
Trina Turk Women's Standard Side Tie Hipster Bikini Swimsuit Bottom,Rated 5/5 from 4 Amazon shopper reviews.,https://m.media-amazon.com/images/I/719m0QeiU5L._AC_UL1120_.jpg,55.00
"Fossil Women's Logan Leather Wallet Bifold, Dusty Rose, 4 L x 1 W 3.5 H US",Rated 4.4/5 from 18 Amazon shopper reviews.,https://m.media-amazon.com/images/I/71Tu7WOFGTL._AC_UL1500_.jpg,55.00
