title,description,imageUrl,price
Tory Burch Women's Lee Radziwill Small Double Bag,Rated 3.8/5 from 3 Amazon shopper reviews.,https://m.media-amazon.com/images/I/71c+S1Q+PuL._AC_UL1500_.jpg,998.00
Tory Burch Small Britten Leather Tote Black Handbag New,Rated 4/5 from 1 Amazon shopper reviews.,https://m.media-amazon.com/images/I/71MzcivubOL._AC_UL1500_.jpg,895.00
Tory Burch 'Amanda' Logo Flap Clutch in Royal Tan,Rated 5/5 from 3 Amazon shopper reviews.,https://m.media-amazon.com/images/I/61wrvJqJtjL._AC_UL1000_.jpg,895.00
Disney Dooney & Bourke Sketch Large Handbag,Rated 3.3/5 from 8 Amazon shopper reviews.,https://m.media-amazon.com/images/I/81TJuqGSdfL._SL1500_.jpg,750.00
Kate Spade New York Margaux Medium Tote,Rated 5/5 from 2 Amazon shopper reviews.,https://m.media-amazon.com/images/I/91lJjmIuncL._AC_UL1500_.jpg,595.56
"Dooney & Bourke Handbag, Florentine Large Satchel",Rated 4/5 from 29 Amazon shopper reviews.,https://m.media-amazon.com/images/I/71SROm-R4uL._AC_UL1500_.jpg,568.00
Disney Dooney and Bourke Haunted Mansion 50th Anniversary Tote,Rated 3.5/5 from 4 Amazon shopper reviews.,https://m.media-amazon.com/images/I/61rMeKEo8FL._AC_UL1001_.jpg,509.13
COACH Womens Pebbled Leather Mini Nolita Satchel SV/Azure Satchel,Rated 4.6/5 from 4 Amazon shopper reviews.,https://m.media-amazon.com/images/I/91SB82yp5zL._AC_UL1500_.jpg,498.95
Coach Mini Mollie Tote 25 Crossbody Bag (Strawberry Haze),Rated 3.6/5 from 6 Amazon shopper reviews.,https://m.media-amazon.com/images/I/41+eQ5FryPL._AC_UL1498_.jpg,498.95
COACH Bleeker Mini Coated Canvas Striped Preston Satchel in Silver; Sunglow White; 30172,Rated 2.8/5 from 2 Amazon shopper reviews.,https://m.media-amazon.com/images/I/71njoZDf4hL._AC_UL1500_.jpg,498.95
COACH Women's Pebble Chelsea Crossbody,Rated 4.6/5 from 260 Amazon shopper reviews.,https://m.media-amazon.com/images/I/813JSDrOi-L._AC_UL1500_.jpg,498.95
Michael Kors Lana Leopard-print Hair Calf and Leather Tote Leopard,Rated 5/5 from 1 Amazon shopper reviews.,https://m.media-amazon.com/images/I/71uFuSPD-tL._AC_UL1500_.jpg,498.00
MICHAEL Michael Kors Hamilton MD Satchel bundled with Trifold Wallet and Purse Hook,Rated 4.6/5 from 95 Amazon shopper reviews.,https://m.media-amazon.com/images/I/615Fm+bn48L._AC_UL1001_.jpg,498.00
Coach Women's Pennie Backpack 22 (IM/Sport Blue Multi),Rated 4/5 from 24 Amazon shopper reviews.,https://m.media-amazon.com/images/I/6121SEun1xL._AC_SL1184_.jpg,486.01
COACH Women's Whls Floral Printed Taylor Tote Sv/Carmine/Wild Prairie One Size,Rated 3.6/5 from 14 Amazon shopper reviews.,https://m.media-amazon.com/images/I/81zptBphXQL._AC_UL1500_.jpg,484.39
"Marc Jacobs Women's The Box 23 Bag, Rose Tan, One Size",Rated 4.3/5 from 5 Amazon shopper reviews.,https://m.media-amazon.com/images/I/61unyLE0ejL._AC_SL1500_.jpg,479.89
Coach Ladies 65193 X Peanuts Corner Zip Wristlet Calf Leather,Rated 3.8/5 from 18 Amazon shopper reviews.,https://m.media-amazon.com/images/I/71O0GGaglpL._AC_UL1500_.jpg,477.92
BRAHMIN Ombre Melbourne Large Duxbury Satchel,Rated 4.9/5 from 42 Amazon shopper reviews.,https://m.media-amazon.com/images/I/71l4iANqG8L._AC_UL1500_.jpg,452.22
Marc Jacobs Women's The Leather Medium Tote Bag,Rated 4.8/5 from 106 Amazon shopper reviews.,https://m.media-amazon.com/images/I/81En6kGipfL._AC_UL1500_.jpg,450.00
Kate Spade New York Cara Graphic Leopard Large Tote Women's Leather Handbag,Rated 4.5/5 from 27 Amazon shopper reviews.,https://m.media-amazon.com/images/I/81seqK7ZIXL._AC_UL1500_.jpg,449.99
COACH Women's Matte Soft Grain Turnlock Tie Bucket Bag LI/Denim Cross Body,Rated 3.6/5 from 4 Amazon shopper reviews.,https://m.media-amazon.com/images/I/910jwc0-WkL._AC_UL1500_.jpg,439.00
Tory Burch McGraw Ladies Large Devon Sand Leather Tote 42200288,Rated 5/5 from 3 Amazon shopper reviews.,https://m.media-amazon.com/images/I/91tekyipwDL._AC_SL1500_.jpg,438.00
COACH Women's Color Block Polished Pebbled Leather Nolita Wristlet 24 LI/Black Cherry Clutch,Rated 3.6/5 from 2 Amazon shopper reviews.,https://m.media-amazon.com/images/I/91OhLr6P-bL._AC_UL1500_.jpg,436.68
Kate Spade Blaze a Trail Metal Owl Clutch Shoulder Bag Handbag Purse (Gold),Rated 5/5 from 1 Amazon shopper reviews.,https://m.media-amazon.com/images/I/81KuZmU1MZL._AC_UL1500_.jpg,409.94
Michael Kors MICHAEL Michael Kors Avril Large Top-Zip Satchel bundled with Trifold Wallet Purse Hook,Rated 4.5/5 from 6 Amazon shopper reviews.,https://m.media-amazon.com/images/I/512k8Rw7gUL._AC_UL1002_.jpg,408.00
COACH Signature Taylor Tote Li/Khaki/Brown One Size,Rated 5/5 from 13 Amazon shopper reviews.,https://m.media-amazon.com/images/I/91FH5gMmjJL._AC_UL1500_.jpg,403.51
Michael Kors Women's Sady Carryall Shoulder Bag,Rated 4.6/5 from 795 Amazon shopper reviews.,https://m.media-amazon.com/images/I/811pf9vQFdL._AC_UL1500_.jpg,399.94
MICHAEL Michael Kors Selby large Top Zip Satchel,Rated 4.2/5 from 2 Amazon shopper reviews.,https://m.media-amazon.com/images/I/71uHAN26FOL._AC_UL1500_.jpg,398.00
Michael Kors Women's Rayne Leather Medium East West Satchel Crossbody Bag Purse Handbag,Rated 4.6/5 from 89 Amazon shopper reviews.,https://m.media-amazon.com/images/I/51nuFykZejL._AC_UL1071_.jpg,398.00
MICHAEL Michael Kors Jet Set Travel Large Chain Shoulder Tote bundled with Michael Kors Jet Set Travel Trifold Wallet,Rated 4.7/5 from 652 Amazon shopper reviews.,https://m.media-amazon.com/images/I/514Ksz6deUL._AC_UL1001_.jpg,398.00
Tory Burch Women's Perry Tote,Rated 4.6/5 from 158 Amazon shopper reviews.,https://m.media-amazon.com/images/I/717VOlARzQL._AC_UL1423_.jpg,398.00
Frye Mel HOBO Bag,Rated 3.9/5 from 37 Amazon shopper reviews.,https://m.media-amazon.com/images/I/91U2ojO6exL._AC_UL1500_.jpg,395.61
Marc Jacobs Women's The Leather Mini Tote Bag,Rated 4.8/5 from 309 Amazon shopper reviews.,https://m.media-amazon.com/images/I/71wgkHWSU0L._AC_UL1500_.jpg,395.00
COACH Ellie File Handbag - C1648,Rated 4/5 from 11 Amazon shopper reviews.,https://m.media-amazon.com/images/I/61FcASju-WL._AC_UL1001_.jpg,395.00
COACH Polished Pebbled Leather Market Tote,Rated 4.5/5 from 133 Amazon shopper reviews.,https://m.media-amazon.com/images/I/81mAQLvWISL._AC_UL1500_.jpg,394.53
COACH Womens Rowan Satchel In Rainbow Signature Canvas IM/Khaki Multi,Rated 4.6/5 from 58 Amazon shopper reviews.,https://m.media-amazon.com/images/I/71lHKmTW5-L._AC_UL1374_.jpg,389.00
BRAHMIN Bondi Large Duxbury Satchel Scallop One Size,Rated 5/5 from 1 Amazon shopper reviews.,https://m.media-amazon.com/images/I/81lE-fs6sHL._AC_UL1500_.jpg,385.21
COACH Women's Drew Satchel,Rated 4.6/5 from 33 Amazon shopper reviews.,https://m.media-amazon.com/images/I/91SWWA3imEL._AC_UL1500_.jpg,379.95
Tory Burch Women's Perry Small Tote Bag,Rated 4.5/5 from 53 Amazon shopper reviews.,https://m.media-amazon.com/images/I/61FbuTl6UEL._AC_UL1500_.jpg,378.90
BRAHMIN Melbourne Caroline Satchel,Rated 4.7/5 from 89 Amazon shopper reviews.,https://m.media-amazon.com/images/I/71SXxdyZi5L._AC_UL1500_.jpg,369.43
Tory Burch Large Canvas Geo Logo Tote Bag (Gray multi),Rated 5/5 from 3 Amazon shopper reviews.,https://m.media-amazon.com/images/I/91fMN+Et2mL._AC_UL1500_.jpg,367.86
BRAHMIN Melbourne Small Finley Satchel,Rated 4.4/5 from 26 Amazon shopper reviews.,https://m.media-amazon.com/images/I/71yDcmK+i9L._AC_UL1500_.jpg,365.00
Marc Jacobs Tote Bag,Rated 2.8/5 from 2 Amazon shopper reviews.,https://m.media-amazon.com/images/I/71Y8eNHWUZL._AC_UL1408_.jpg,357.97
Michael Kors Gramercy Large Pebbled Leather Satchel,Rated 4.7/5 from 10 Amazon shopper reviews.,https://m.media-amazon.com/images/I/61G6yorMoTL._AC_UL1300_.jpg,354.00
Marc Jacobs Women's The Eclipse Bag,Rated 5/5 from 10 Amazon shopper reviews.,https://m.media-amazon.com/images/I/61Xn8QIloGL._AC_UL1500_.jpg,352.75
Michael Kors Sinclair Large East/West Grab Tote Chambray/Navy One Size,Rated 2.1/5 from 4 Amazon shopper reviews.,https://m.media-amazon.com/images/I/81OzB8SgQ4L._AC_UL1500_.jpg,351.95
"Kate Spade Jules Newbury Lane Saffiano Leather Large Tote Shoulder Bag Purse Handbag, Plum Berry",Rated 5/5 from 9 Amazon shopper reviews.,https://m.media-amazon.com/images/I/6100IreCwGL._AC_UL1500_.jpg,350.00
"Dooney & Bourke Handbag, Florentine Medium Russel Bag Tote",Rated 4.5/5 from 2 Amazon shopper reviews.,https://m.media-amazon.com/images/I/61mq1gUGWqL._AC_UL1500_.jpg,348.60
"Dooney & Bourke Handbag, Florentine Logo Lock Shoulder Bag",Rated 4.4/5 from 2 Amazon shopper reviews.,https://m.media-amazon.com/images/I/61xRVrm0CmL._AC_UL1500_.jpg,348.60
Tory Burch Women's Mcgraw Small Bucket Bag,Rated 4.6/5 from 27 Amazon shopper reviews.,https://m.media-amazon.com/images/I/812hoo+IQyS._AC_UL1500_.jpg,348.00
Michael Kors Fulton Large Shoulder Tote Brown,Rated 4.1/5 from 72 Amazon shopper reviews.,https://m.media-amazon.com/images/I/61DQ0RDBjOL._AC_UL1000_.jpg,348.00
Tory Burch Women's Mcgraw Camera Bag,Rated 4.5/5 from 52 Amazon shopper reviews.,https://m.media-amazon.com/images/I/71qnLYQn2jS._AC_UL1500_.jpg,348.00
Michael Kors Tote,Rated 4.4/5 from 365 Amazon shopper reviews.,https://m.media-amazon.com/images/I/71gDfasiJlL._AC_UL1080_.jpg,347.11
Michael Michael Kors Meredith Medium East/West Bonded Leather Tote Butternut,Rated 4/5 from 1 Amazon shopper reviews.,https://m.media-amazon.com/images/I/51f2uM65NwL._AC_UL1000_.jpg,346.23
BRAHMIN Melbourne Elaine Satchel,Rated 4.5/5 from 40 Amazon shopper reviews.,https://m.media-amazon.com/images/I/81GMw3lPoGS._AC_UL1500_.jpg,345.00
Tory Burch 87899 Black With Gold Hardware Women's Thea Mini Web Satchel,Rated 4.5/5 from 3 Amazon shopper reviews.,https://m.media-amazon.com/images/I/71TFfvmD1RL._AC_UL1500_.jpg,343.81
Frye Melissa Simple Zip Tote,Rated 4.3/5 from 82 Amazon shopper reviews.,https://m.media-amazon.com/images/I/31G++LDDTgL._AC_.jpg,343.10
Coach Women's Gallery Tote (Signature Canvas - Rainbow - Khaki Multi),Rated 4.7/5 from 44 Amazon shopper reviews.,https://m.media-amazon.com/images/I/61NnZYbhmwL._AC_UL1000_.jpg,338.00
BRAHMIN Ombre Melbourne Caroline Satchel Rose One Size,Rated 4.5/5 from 2 Amazon shopper reviews.,https://m.media-amazon.com/images/I/81wrXXIRK2L._AC_UL1500_.jpg,334.31
Tory Burch Thea Web Flap Crossbody Women's Bag,Rated 4.8/5 from 18 Amazon shopper reviews.,https://m.media-amazon.com/images/I/81R6JHZZzwL._AC_UL1500_.jpg,333.45
MICHAEL Michael Kors Dalia Large Shoulder Tote (Navy),Rated 4.3/5 from 3 Amazon shopper reviews.,https://m.media-amazon.com/images/I/71CQh48kKYL._AC_UL1467_.jpg,329.95
Michael Kors Large Savannah Satchel,Rated 4.4/5 from 79 Amazon shopper reviews.,https://m.media-amazon.com/images/I/71hRrR7u7IL._AC_UL1232_.jpg,329.95
COACH Womens Color Block Coach Soft Swagger 27 SV/Black/Chalk Satchel,Rated 3.9/5 from 6 Amazon shopper reviews.,https://m.media-amazon.com/images/I/81txZ-l0QLL._AC_UL1500_.jpg,328.00
"Michael Kors Jet Set Travel Medium Sutton Handbag (Medium, Ballet)",Rated 5/5 from 5 Amazon shopper reviews.,https://m.media-amazon.com/images/I/81CuYfDBEvL._AC_UL1500_.jpg,328.00
"HOBO Merrin Tote Bag For Women - Genuine Leather Construction With Top Zipper Closure, Functional and Durable Stylish Bag",Rated 4.1/5 from 15 Amazon shopper reviews.,https://m.media-amazon.com/images/I/61LqlHAX-TL._AC_UL1500_.jpg,328.00
"Dooney & Bourke Handbag, Blakely Tammy Tote",Rated 3.2/5 from 3 Amazon shopper reviews.,https://m.media-amazon.com/images/I/71OIB388nAL._AC_UL1500_.jpg,328.00
Kate Spade New York East Broadway Coal Tote Black,Rated 4/5 from 6 Amazon shopper reviews.,https://m.media-amazon.com/images/I/71iJGzG5VlL._AC_UL1500_.jpg,328.00
BRAHMIN Ombre Melbourne Medium Asher Totes,Rated 4.8/5 from 14 Amazon shopper reviews.,https://m.media-amazon.com/images/I/71PrTbkVa-L._AC_UL1500_.jpg,325.00
Marc Jacobs Women's The Denim Medium Tote Bag,Rated 4.8/5 from 158 Amazon shopper reviews.,https://m.media-amazon.com/images/I/91mrvKwfa2L._AC_UL1500_.jpg,325.00
Marc Jacobs Women's Snapshot DTM Camera Bag,Rated 4.8/5 from 7 Amazon shopper reviews.,https://m.media-amazon.com/images/I/61ySjqjm2RL._AC_UL1500_.jpg,325.00
BRAHMIN Large Duxbury Satchel,Rated 4.5/5 from 120 Amazon shopper reviews.,https://m.media-amazon.com/images/I/91AvdvfNKoL._AC_UL1500_.jpg,325.00
Michael Kors Jet Set Travel Large Drawstring Tote Center Stripe MK Signature Ballet PVC,Rated 4.1/5 from 17 Amazon shopper reviews.,https://m.media-amazon.com/images/I/71L2GgOnoCL._AC_UL1500_.jpg,325.00
MICHAEL Michael Kors Newbury Medium Chain Shoulder Tote (Brown Stud),Rated 5/5 from 11 Amazon shopper reviews.,https://m.media-amazon.com/images/I/71XASDMPE1L._AC_UL1500_.jpg,325.00
COACH Women's Floral Crossbody Nolita 24 DK/Grey Birch Cross Body,Rated 4/5 from 3 Amazon shopper reviews.,https://m.media-amazon.com/images/I/811hZNdO09L._AC_UL1500_.jpg,324.99
Michael Kors Dalia Large Shoulder Tote in Cement,Rated 4.4/5 from 3 Amazon shopper reviews.,https://m.media-amazon.com/images/I/71-M1beXMvL._AC_UL1500_.jpg,324.49
Michael Kors Brooke Medium Tote Luggage,Rated 4.6/5 from 3 Amazon shopper reviews.,https://m.media-amazon.com/images/I/81zrS-eTx2L._AC_UL1500_.jpg,324.00
"Kate Spade New York Flynn Street Satchel, Black",Rated 4.9/5 from 14 Amazon shopper reviews.,https://m.media-amazon.com/images/I/819Wdeht9lL._AC_UL1500_.jpg,322.62
Kate Spade New York Knott Medium Satchel,Rated 4.7/5 from 22 Amazon shopper reviews.,https://m.media-amazon.com/images/I/71kdkhKzpNL._AC_UL1500_.jpg,320.99
"Michael Kors Satchel, Green",Rated 4.4/5 from 58 Amazon shopper reviews.,https://m.media-amazon.com/images/I/91zEBpPtvbL._AC_UL1500_.jpg,320.00
"Furla Elle Rock Studded M Leather Tote Bag, Gloss Pink",Rated 5/5 from 1 Amazon shopper reviews.,https://m.media-amazon.com/images/I/81xOGzzwjkL._AC_UL1500_.jpg,319.30
Brahmin Duxbury Satchel Convertible Top-Handle Bag,Rated 4.6/5 from 356 Amazon shopper reviews.,https://m.media-amazon.com/images/I/81eJMGYvwHL._AC_UL1500_.jpg,315.00
Michael Kors Women's Joan Extra Large Slouchy Shoulder Bag Style 35S1GV9L4L,Rated 4.9/5 from 22 Amazon shopper reviews.,https://m.media-amazon.com/images/I/51jAlyl0RxL._AC_UL1000_.jpg,315.00
Kate Spade New York Women's Triple Gusset Dawn Breezy Floral Crossbody Bag No Size (Blazer Blue/Multicolour),Rated 5/5 from 5 Amazon shopper reviews.,https://m.media-amazon.com/images/I/81F5VrMDedL._AC_UL1500_.jpg,314.54
Rebecca Minkoff Amorous Satchel Handbag,Rated 3.9/5 from 32 Amazon shopper reviews.,https://m.media-amazon.com/images/I/91NzMVdhq0L._AC_UL1500_.jpg,309.99
FRYE Melissa Shoulder Leather Handbag,Rated 4.5/5 from 248 Amazon shopper reviews.,https://m.media-amazon.com/images/I/71+YMks2FyL._AC_UL1500_.jpg,307.26
Kate Spade Full Screen Zoom Wright Place Karla Leather Tote Shoulder Bag Purse Handbag,Rated 4.2/5 from 33 Amazon shopper reviews.,https://m.media-amazon.com/images/I/51oWbFfxeRL._AC_UL1007_.jpg,304.17
Coach Women's Kacey Satchel Crossbody (IM/Strawberry Haze),Rated 4.9/5 from 19 Amazon shopper reviews.,https://m.media-amazon.com/images/I/71JSYnMETdL._AC_UL1393_.jpg,303.53
Michael Kors Women's Mott Medium Messenger Convertible Crossbody Bag Purse Handbag,Rated 4.5/5 from 387 Amazon shopper reviews.,https://m.media-amazon.com/images/I/41UKNAVG-1L._AC_.jpg,299.99
Kate Spade New York Molly Large Tote Hibiscus Tea One Size,Rated 5/5 from 7 Amazon shopper reviews.,https://m.media-amazon.com/images/I/81lUR1ZVteL._AC_UL1500_.jpg,299.99
Coach 35030 Mini Ellis Tote in Pink Ruby,Rated 4.5/5 from 2 Amazon shopper reviews.,https://m.media-amazon.com/images/I/7167k6c8cRL._AC_UL1500_.jpg,299.95
"Dooney & Bourke Handbag, Ostrich Small Barlow Satchel",Rated 5/5 from 1 Amazon shopper reviews.,https://m.media-amazon.com/images/I/71XQ1mdj4EL._AC_UL1500_.jpg,299.60
COACH Polished Pebble Leather Fulton Satchel Dk/Oxblood One Size,Rated 4.2/5 from 28 Amazon shopper reviews.,https://m.media-amazon.com/images/I/91guIU685NL._AC_UL1500_.jpg,299.00
COACH Chicago Mini Ellis Tote LI/Chalk One Size,Rated 5/5 from 1 Amazon shopper reviews.,https://m.media-amazon.com/images/I/81K4lQGhH1L._AC_UL1500_.jpg,299.00
Kate Spade New York Reiley Laurel Way Mixed Material Purse (Cityscape),Rated 5/5 from 3 Amazon shopper reviews.,https://m.media-amazon.com/images/I/71z5hWyOldL._AC_UL1500_.jpg,298.00
Tory Burch Womens Thea Mini Backpack (Pink Moon),Rated 4/5 from 2 Amazon shopper reviews.,https://m.media-amazon.com/images/I/81hAWxw8fYL._AC_SL1500_.jpg,298.00
Coach peyton signature Domed Cora Mini Satchel Crossbody Bag,Rated 3.2/5 from 18 Amazon shopper reviews.,https://m.media-amazon.com/images/I/81KVK30LfYL._AC_UL1279_.jpg,298.00
"Dooney & Bourke Handbag, Gretta Hobo Shoulder Bag",Rated 4.1/5 from 11 Amazon shopper reviews.,https://m.media-amazon.com/images/I/71S62L44EEL._AC_UL1500_.jpg,298.00
Vince Camuto Livi Tote Bag,Rated 5/5 from 2 Amazon shopper reviews.,https://m.media-amazon.com/images/I/91jlR6kFjgL._AC_UL1500_.jpg,298.00
Coach Women's Georgie Saddle Bag (IM/Khaki/Terracotta Multi),Rated 4.7/5 from 20 Amazon shopper reviews.,https://m.media-amazon.com/images/I/61qguexMEuL._AC_UL1017_.jpg,298.00
Coach Edie Ladies Medium Leather & Suede Carryall Handbag 20165LICHT,Rated 4.8/5 from 5 Amazon shopper reviews.,https://m.media-amazon.com/images/I/919Lg55RKfL._AC_UL1500_.jpg,298.00
COACH Leather Folio Tote Bag,Rated 4.9/5 from 17 Amazon shopper reviews.,https://m.media-amazon.com/images/I/81iytFtnLgL._AC_UL1500_.jpg,295.09
"Coach Women's Otl Signature Zip Tote/Purse, Khaki Brown, One Size",Rated 4/5 from 11 Amazon shopper reviews.,https://m.media-amazon.com/images/I/91MBLUsnLhL._AC_UL1500_.jpg,295.00
COACH Womens Georgie Gem Crossbody In Pebble Leather,Rated 4.4/5 from 49 Amazon shopper reviews.,https://m.media-amazon.com/images/I/61WkTh6xu0L._AC_UL1500_.jpg,295.00
Kate Spade New York Medium Jordyn Chain Tote Shoulder Handbag,Rated 4.9/5 from 16 Amazon shopper reviews.,https://m.media-amazon.com/images/I/61OXzV6l1aL._AC_UL1500_.jpg,295.00
Marc Jacobs Women's The Jacquard Mini Tote Bag,Rated 4.6/5 from 94 Amazon shopper reviews.,https://m.media-amazon.com/images/I/71Y-HIaFEWL._AC_UL1500_.jpg,295.00
COACH Color-Block Leather Willow Tote 24,Rated 1.9/5 from 2 Amazon shopper reviews.,https://m.media-amazon.com/images/I/71EZSkMEKJL._AC_UL1500_.jpg,295.00
Fossil Women's Heritage Leather Top Handle Crossbody Purse Handbag,Rated 4.4/5 from 41 Amazon shopper reviews.,https://m.media-amazon.com/images/I/71fiHlgyVRL._AC_UL1500_.jpg,294.95
Tory Burch 88368 Black With Gold Hardware Ella Nylon Women's Backpack,Rated 5/5 from 6 Amazon shopper reviews.,https://m.media-amazon.com/images/I/61p0TuKM2uL._AC_SL1500_.jpg,294.75
Michael Kors Dee Dee Large Tote in Cinder,Rated 5/5 from 1 Amazon shopper reviews.,https://m.media-amazon.com/images/I/61-AG-a+9SL._AC_UL1397_.jpg,294.00
"Michael Michael Kors Women's Hamilton Saffiano Leather Medium Satchel, Navy",Rated 4.2/5 from 20 Amazon shopper reviews.,https://m.media-amazon.com/images/I/81W2vic9LbL._AC_UL1500_.jpg,294.00
Rowan Satchel In Signature Canvas With Mystical Floral Print (Floral Midnight),Rated 4.1/5 from 17 Amazon shopper reviews.,https://m.media-amazon.com/images/I/614MyWYwj-L._AC_UL1455_.jpg,292.00
Kate Spade New York Cameron Street Small Candace Satchel Bag Crossbody Bag,Rated 4.7/5 from 58 Amazon shopper reviews.,https://m.media-amazon.com/images/I/61HybzVNyDL._AC_UL1000_.jpg,289.00
Kate Spade Small Geraldine Patterson Drive Leather Women's Medium Crossbody Bag Purse Handbag,Rated 4.5/5 from 21 Amazon shopper reviews.,https://m.media-amazon.com/images/I/61UjES94CHL._AC_UL1500_.jpg,288.65
Kate Spade New York Staci Medium Saffiano Leather Satchel Purse,"Rated 4.6/5 from 1,041 Amazon shopper reviews.",https://m.media-amazon.com/images/I/41PYhgBhLzL._AC_UL1169_.jpg,288.50
Coach Women's Mollie Tote (Pebble Leather - Cherry),Rated 4/5 from 13 Amazon shopper reviews.,https://m.media-amazon.com/images/I/81gXB1K437L._AC_UL1500_.jpg,288.00
Coach Signature Phoebe Carryall Handbag Khaki Brown,Rated 4.5/5 from 7 Amazon shopper reviews.,https://m.media-amazon.com/images/I/61LYWdhaX1L._AC_UL1000_.jpg,288.00
"MICHAEL Michael Kors Women's Astor Large Satchel, Dark Caramel, One Size",Rated 5/5 from 2 Amazon shopper reviews.,https://m.media-amazon.com/images/I/71EiOmA+SZL._AC_UL1080_.jpg,287.50
Michael Kors Women's Jet Set Travel Laptop Leather Tote,Rated 5/5 from 1 Amazon shopper reviews.,https://m.media-amazon.com/images/I/81SInBpO1OL._AC_UL1500_.jpg,287.00
Michael Kors Women's Raven Tote,Rated 4.3/5 from 161 Amazon shopper reviews.,https://m.media-amazon.com/images/I/81N3VP8rLKL._AC_UL1500_.jpg,286.64
Tory Burch Women's Nylon Swingpack Crossbody Bag (Tory Navy),Rated 2.7/5 from 5 Amazon shopper reviews.,https://m.media-amazon.com/images/I/91Bx3zZhjrL._AC_UL1500_.jpg,285.20
Disney Dooney & Bourke Colored Sketch Wristlet Purse - Green,Rated 4.5/5 from 2 Amazon shopper reviews.,https://m.media-amazon.com/images/I/91UdDxzFQPL._AC_SL1500_.jpg,285.00
Kate Spade New York Bradley Pebbled Leather Large Tote,Rated 4.5/5 from 7 Amazon shopper reviews.,https://m.media-amazon.com/images/I/81rUEB2RKmL._AC_UL1500_.jpg,285.00
COACH Disney Mickey Mouse X Keith Haring Mollie Tote,Rated 4.6/5 from 7 Amazon shopper reviews.,https://m.media-amazon.com/images/I/61jUX1cHnBL._AC_UL1280_.jpg,282.94
Fossil Women's Carmen Leather Tote Purse Handbag,Rated 4.5/5 from 231 Amazon shopper reviews.,https://m.media-amazon.com/images/I/91g94Z9hgUL._AC_UL1500_.jpg,280.00
Fossil Women's Carmen Leather Shopper Tote Purse Handbag,Rated 4.4/5 from 106 Amazon shopper reviews.,https://m.media-amazon.com/images/I/81qbfMoQ1FL._AC_UL1500_.jpg,280.00
COACH Color-Block Leather with Coated Canvas Signature Interior Willow Tote Dark Stone One Size,Rated 3/5 from 1 Amazon shopper reviews.,https://m.media-amazon.com/images/I/81TbiOHN9AL._AC_SL1500_.jpg,279.99
Michael Kors Mercer Gallery Ladies Medium Two Tone Canvas Shoulder Bag 30F9GZ5L6B-149,Rated 4.5/5 from 12 Amazon shopper reviews.,https://m.media-amazon.com/images/I/41DaqyUWQOL._AC_.jpg,279.00
Michael Kors Women's Ciara Medium Messenger Crossbody Bag,Rated 4.3/5 from 34 Amazon shopper reviews.,https://m.media-amazon.com/images/I/61nVMfyBS4L._AC_UL1500_.jpg,279.00
"HOBO Pier Tote bag For Women - Magnetic Closure With Detachable Shoulder Strap, Gorgeous and Functional Handbag",Rated 4.6/5 from 27 Amazon shopper reviews.,https://m.media-amazon.com/images/I/71QB1BO1D2S._AC_UL1500_.jpg,279.00
MICHAEL Michael Kors Womens Selby Leather Signature Satchel Handbag Beige Medium,Rated 3.7/5 from 7 Amazon shopper reviews.,https://m.media-amazon.com/images/I/81fFdpteMML._AC_UL1500_.jpg,279.00
"HOBO Render Stylish Handbag For Women - Magnetic Closure With Adjustable Shoulder Strap, Beautiful and Practical Handbag",Rated 4.7/5 from 17 Amazon shopper reviews.,https://m.media-amazon.com/images/I/712CE6NzxkS._AC_UL1500_.jpg,279.00
"Dooney & Bourke Handbag, Gretta Kendall Drawstring",Rated 4.4/5 from 6 Amazon shopper reviews.,https://m.media-amazon.com/images/I/71E7HLycSlL._AC_UL1500_.jpg,279.00
Kate Spade Wilson Road Hummingbird Floral Alyse Satchel Hand Bag,Rated 5/5 from 7 Amazon shopper reviews.,https://m.media-amazon.com/images/I/71w6kzItVFL._AC_UL1138_.jpg,278.00
"Michael Kors Canvas and Beach Tote Bag, Black (Black)",Rated 4.5/5 from 61 Amazon shopper reviews.,https://m.media-amazon.com/images/I/9127OjWyXNL._AC_SL1500_.jpg,278.00
MICHAEL Michael Kors Women's Elana Large Convertible Shoulder Vanilla Handbag,Rated 4/5 from 26 Amazon shopper reviews.,https://m.media-amazon.com/images/I/91X-BreqfcL._AC_UL1500_.jpg,278.00
"Michael Kors Backpack Handbag, Blue",Rated 4.7/5 from 260 Amazon shopper reviews.,https://m.media-amazon.com/images/I/91Uu-JRanLL._AC_UL1500_.jpg,278.00
Michael Kors Lana Medium Tote Suntan/blk Leather,Rated 5/5 from 3 Amazon shopper reviews.,https://m.media-amazon.com/images/I/61U-YHj612L._AC_UL1500_.jpg,278.00
Rebecca Minkoff Women's Darren Shoulder Bag,Rated 3.9/5 from 33 Amazon shopper reviews.,https://m.media-amazon.com/images/I/91EGq7o1JHS._AC_UL1500_.jpg,278.00
"Dooney & Bourke Handbag, Ostrich Small Zip Crossbody",Rated 4/5 from 3 Amazon shopper reviews.,https://m.media-amazon.com/images/I/71SOjexTpmL._AC_UL1500_.jpg,277.99
Coach Women's Dempsey Tote 22 (Signature Jacquard - Patch - Green),Rated 4.4/5 from 3 Amazon shopper reviews.,https://m.media-amazon.com/images/I/51si27J1-nL._AC_UL1000_.jpg,276.00
Kate Spade New York Tote Purse Karla Flower Dangle Felicity Street (Black),Rated 4.8/5 from 12 Amazon shopper reviews.,https://m.media-amazon.com/images/I/41Ji5ez1fZL._AC_UL1001_.jpg,275.71
Kate Spade Eva See Through Lemon Satchel Top Zip,Rated 4.9/5 from 13 Amazon shopper reviews.,https://m.media-amazon.com/images/I/71jwCB7TPNL._AC_UL1500_.jpg,275.00
"Dooney & Bourke Handbag, Gretta Drawstring",Rated 5/5 from 24 Amazon shopper reviews.,https://m.media-amazon.com/images/I/714qgecuXPL._AC_UL1500_.jpg,275.00
Michael Kors Carine Medium Tote Black One Size,Rated 5/5 from 3 Amazon shopper reviews.,https://m.media-amazon.com/images/I/71FOQfDPrOL._AC_UL1500_.jpg,274.98
Frye Melissa Tote,Rated 4.4/5 from 580 Amazon shopper reviews.,https://m.media-amazon.com/images/I/81LtdI2xUQL._AC_UL1500_.jpg,274.21
Coach Rowan Satchel In Signature Canvas,"Rated 4.6/5 from 2,521 Amazon shopper reviews.",https://m.media-amazon.com/images/I/61OutcWBrTL._AC_UL1006_.jpg,274.00
"Dooney & Bourke Handbag, Pebble Grain Domed Satchel",Rated 4.4/5 from 6 Amazon shopper reviews.,https://m.media-amazon.com/images/I/71sd6qlRr-L._AC_UL1500_.jpg,273.00
Kate Spade Shore Street Margareta Shoulder Bag Tote (Splodge Dot),Rated 3.3/5 from 3 Amazon shopper reviews.,https://m.media-amazon.com/images/I/71qPm19dJ8L._AC_UL1500_.jpg,269.00
Kate Spade New York Reiley Laurel Way Purse (Hot Chili),Rated 5/5 from 3 Amazon shopper reviews.,https://m.media-amazon.com/images/I/71FEvqltk1L._AC_UL1500_.jpg,269.00
Kate Spade Anyday Medium Leather Shoulder Bag Purse Handbag,Rated 4.5/5 from 16 Amazon shopper reviews.,https://m.media-amazon.com/images/I/71y-B0ULUDL._AC_UL1500_.jpg,269.00
Michael Kors Charlotte Large satchel,Rated 4.4/5 from 34 Amazon shopper reviews.,https://m.media-amazon.com/images/I/61slrTkfFaL._AC_UL1024_.jpg,268.88
"Kate Spade New York Spencer Large Leather Satchel Bag, Tutu Pink",Rated 5/5 from 1 Amazon shopper reviews.,https://m.media-amazon.com/images/I/81m+qK2EvPL._AC_UL1500_.jpg,268.00
Cole Haan Ashlyn Large Leather Tote Bag (White Pine),Rated 3/5 from 1 Amazon shopper reviews.,https://m.media-amazon.com/images/I/81lZQ4LlGzL._AC_UL1500_.jpg,268.00
Michael Kors Jet Set Travel Large Chain Shoulder Tote bundled Purse Hook,"Rated 4.7/5 from 1,491 Amazon shopper reviews.",https://m.media-amazon.com/images/I/51X6HHZp4hL._AC_UL1001_.jpg,268.00
Michael Kors Women's Sofia Large Tote,Rated 4.7/5 from 302 Amazon shopper reviews.,https://m.media-amazon.com/images/I/41n8VRQzY3L._AC_.jpg,268.00
Tory Burch Women's Ella Printed Tote,Rated 5/5 from 4 Amazon shopper reviews.,https://m.media-amazon.com/images/I/71cSlNarcpL._AC_UL1500_.jpg,268.00
Michael Kors Jet Set Large Chain Crossbody Bag bundled with with SM TZ Coinpouch Wallet Purse Hook,Rated 4.7/5 from 173 Amazon shopper reviews.,https://m.media-amazon.com/images/I/61yysa8W8tL._AC_UL1001_.jpg,268.00
MICHAEL Michael Kors Studio Mercer Large Convertible Tote - Ultra Pink,Rated 5/5 from 3 Amazon shopper reviews.,https://m.media-amazon.com/images/I/81-T9zxOLaL._AC_UL1500_.jpg,268.00
"MICHAEL Michael Kors Women's Jet Set Top Zip Tote, Blossom, One Size",Rated 4.8/5 from 8 Amazon shopper reviews.,https://m.media-amazon.com/images/I/81I0yhMDj5L._AC_UL1500_.jpg,268.00
Kate Spade New York New Core Pebble Pebbled Leather Large Hobo Bag,Rated 4.6/5 from 3 Amazon shopper reviews.,https://m.media-amazon.com/images/I/61sttRfvxiL._AC_UL1500_.jpg,268.00
Michael Kors Studio Mercer Large Leather Satchel (Luggage),Rated 4.4/5 from 8 Amazon shopper reviews.,https://m.media-amazon.com/images/I/A1squuz48eL._AC_UL1500_.jpg,265.00
Michael Kors Large Logo Stripe Tote Bag,Rated 4.5/5 from 39 Amazon shopper reviews.,https://m.media-amazon.com/images/I/41h9kSMKWTL._AC_.jpg,265.00
Dooney & Bourke DB75 Multi Large Zip Shopper Slim Wristlet Tote,Rated 4.7/5 from 10 Amazon shopper reviews.,https://m.media-amazon.com/images/I/81duDAofA+L._AC_UL1500_.jpg,265.00
Michael Kors Erin Medium Women's Backpack (LT Cream),Rated 4.8/5 from 73 Amazon shopper reviews.,https://m.media-amazon.com/images/I/61LzO1ZDYZL._AC_SL1111_.jpg,265.00
Michael Kors Avril Large Embroidered Leather Top Zip Tote Bag Purse Handbag,Rated 4.7/5 from 5 Amazon shopper reviews.,https://m.media-amazon.com/images/I/71eXLRXwwpL._AC_UL1500_.jpg,265.00
NEW AUTHENTIC MICHAEL KORS JET SET LARGE REVERSIBLE TOTE (Brown/Sand),Rated 3.9/5 from 6 Amazon shopper reviews.,https://m.media-amazon.com/images/I/71WWh+gc30L._AC_UL1500_.jpg,264.99
Patricia Nash Benvenuto Tote Black 2 One Size,Rated 4.9/5 from 13 Amazon shopper reviews.,https://m.media-amazon.com/images/I/81bhBgaewnL._AC_UL1500_.jpg,264.99
Michael Kors Jet Set Women's Travel Tote Handbag Purse - Black,Rated 3.3/5 from 28 Amazon shopper reviews.,https://m.media-amazon.com/images/I/51vLA+j2njL._AC_UL1001_.jpg,264.00
MICHAEL Michael Kors Women's Sloan Editor Shoulder Bag,Rated 4.6/5 from 23 Amazon shopper reviews.,https://m.media-amazon.com/images/I/911vkxEHiEL._AC_UL1500_.jpg,262.23
Coach Signature East/West Celeste Convertible Hobo Crossbody Handbag 34899,Rated 3.4/5 from 14 Amazon shopper reviews.,https://m.media-amazon.com/images/I/61C2eIVZVRL._AC_UL1001_.jpg,259.99
Kate Spade New York Newbury Lane Caning Small Rachelle Convertible Handbag,Rated 3.2/5 from 7 Amazon shopper reviews.,https://m.media-amazon.com/images/I/81Ye9z46e3L._AC_UL1500_.jpg,259.95
Coach Women's Dempsey Tote 22 (Denim Multi),Rated 3.9/5 from 15 Amazon shopper reviews.,https://m.media-amazon.com/images/I/71QqqDaIcpS._AC_UL1500_.jpg,259.50
"Dooney & Bourke Handbag, Nylon Shopper Tote",Rated 4.8/5 from 30 Amazon shopper reviews.,https://m.media-amazon.com/images/I/61hLRYW1yJL._AC_UL1500_.jpg,259.13
"Dooney & Bourke Handbag, Pebble Grain Flynn Tote",Rated 4.9/5 from 12 Amazon shopper reviews.,https://m.media-amazon.com/images/I/61viLICgsfL._AC_UL1500_.jpg,258.70
"Tory Burch Block-T Leather Clutch Large Travel Pouch, Shell Pink",Rated 3/5 from 1 Amazon shopper reviews.,https://m.media-amazon.com/images/I/61ax6wNFGeL._AC_UL1500_.jpg,258.00
Coach Park Pebble Leather 23293 Hobo Shoulder Bag,Rated 4.7/5 from 5 Amazon shopper reviews.,https://m.media-amazon.com/images/I/917j5PdJyaL._AC_UL1500_.jpg,258.00
Michael Kors Voyager 30H7GV6T9L-538 Dark Chambray Leather Tote Bag,Rated 4.7/5 from 11 Amazon shopper reviews.,https://m.media-amazon.com/images/I/512W-Ksvn3L._AC_UL1000_.jpg,258.00
Kate Spade New York Joe Garden Vine Tote,Rated 4.7/5 from 11 Amazon shopper reviews.,https://m.media-amazon.com/images/I/61Up2vfwhbL._AC_UL1000_.jpg,256.30
Coach F36609 Reversible PVC City Tote In Signature Black/Chalk,Rated 4.6/5 from 7 Amazon shopper reviews.,https://m.media-amazon.com/images/I/414YdeNubJL._AC_.jpg,256.00
Michael Kors Selma Zip Quilt medium Satchel Claret Leather,Rated 5/5 from 2 Amazon shopper reviews.,https://m.media-amazon.com/images/I/71iCqVSjRCL._AC_UL1500_.jpg,256.00
Kate Spade New York Kerri Womens Medium Tote,Rated 4.2/5 from 10 Amazon shopper reviews.,https://m.media-amazon.com/images/I/61CPhBrs8AS._AC_UL1500_.jpg,254.00
MICHAEL Michael Kors Voyager East/West Tote,Rated 4.6/5 from 194 Amazon shopper reviews.,https://m.media-amazon.com/images/I/51ihNPDwS0L._AC_UL1000_.jpg,253.67
Kate Spade New York Large Adel Tote Bag,Rated 4.7/5 from 138 Amazon shopper reviews.,https://m.media-amazon.com/images/I/51A7HwNB-9L._AC_UL1001_.jpg,253.06
MICHAEL Michael Kors Nomad Large Top Zip Tote,Rated 4.7/5 from 5 Amazon shopper reviews.,https://m.media-amazon.com/images/I/91WzJY-nitL._AC_UL1500_.jpg,250.95
Kate Spade Rowe Medium Top Zip Satchel Leather Shoulder Crossbody Bag Purse Handbag,Rated 4.6/5 from 16 Amazon shopper reviews.,https://m.media-amazon.com/images/I/81bKzz9F4US._AC_UL1500_.jpg,250.00
Coach Women's Mini Brynn Crossbody Bag (Signature Canvas - Khaki - Chalk),Rated 4.5/5 from 9 Amazon shopper reviews.,https://m.media-amazon.com/images/I/81aFP5ehoRL._AC_UL1500_.jpg,250.00
Tory Burch 86838 Black Leather With Gold Hardware Adjustable Strap Women's Britten Saddle Bag,Rated 4.7/5 from 4 Amazon shopper reviews.,https://m.media-amazon.com/images/I/81Juj8LBFbL._AC_UL1500_.jpg,250.00
Kate Spade Carson Convertible Crossbody Handbag (Black multi),Rated 4.5/5 from 37 Amazon shopper reviews.,https://m.media-amazon.com/images/I/51wCc+DZKHL._AC_UL1001_.jpg,249.99
COACH Women's Crossgrain Mini Bennett Satchel,Rated 4.5/5 from 30 Amazon shopper reviews.,https://m.media-amazon.com/images/I/61k3P10583L._AC_UL1024_.jpg,249.99
Kate Spade Eva Lemon Zest Medium Top Zip Satchel WKRU6755 In Blue Multi,Rated 4.1/5 from 20 Amazon shopper reviews.,https://m.media-amazon.com/images/I/61cJL3tsBSL._AC_UL1500_.jpg,249.99
Rebecca Minkoff Sofia Tote,Rated 3.4/5 from 6 Amazon shopper reviews.,https://m.media-amazon.com/images/I/91IBdnQVuaL._AC_UL1500_.jpg,249.99
COACH Coated Canvas Signature with Floral Print Willow Tote 24 Tan/Rust Multi One Size,Rated 4.7/5 from 4 Amazon shopper reviews.,https://m.media-amazon.com/images/I/81TPTojdp8L._AC_UL1500_.jpg,249.98
Michael Kors Whitney Small Signature Logo Print Tote- Blue/Multi,Rated 4.7/5 from 5 Amazon shopper reviews.,https://m.media-amazon.com/images/I/61Fp+3RNDNL._AC_UL1000_.jpg,249.95
"Kate Spade New York Women's Hayes Street Vaness Bucket Bag, Warm Vellum, Pink, One Size",Rated 4.7/5 from 6 Amazon shopper reviews.,https://m.media-amazon.com/images/I/71+qkFZxv+L._AC_UL1500_.jpg,249.49
COACH Washed Denim Signature Field Tote Indigo/Midnight/Navy Multi One Size,Rated 3.3/5 from 6 Amazon shopper reviews.,https://m.media-amazon.com/images/I/81VjvFPSo7L._AC_UL1500_.jpg,249.45
Michael Kors Womens Sylvie Satchel,Rated 5/5 from 2 Amazon shopper reviews.,https://m.media-amazon.com/images/I/91T1LB238+L._AC_UL1500_.jpg,249.00
Kate Spade New York Cobble Hill Andee Satchel,Rated 4.5/5 from 12 Amazon shopper reviews.,https://m.media-amazon.com/images/I/91k-CSPodLL._AC_UL1500_.jpg,249.00
Michael Kors Cindy Medium Logo and Leather Satchel,Rated 4.2/5 from 24 Amazon shopper reviews.,https://m.media-amazon.com/images/I/71gxWhcX52L._AC_UL1500_.jpg,249.00
COACH Women's Box Crossbody,Rated 4.5/5 from 14 Amazon shopper reviews.,https://m.media-amazon.com/images/I/61DW4JAwx7L._AC_UL1500_.jpg,248.94
Dooney & Bourke Ostrich Emb Leather Crossbody Purse Tan,Rated 3.8/5 from 2 Amazon shopper reviews.,https://m.media-amazon.com/images/I/81pKpt79K-L._AC_UL1500_.jpg,248.00
Michael Kors Women's Emmy Lg Dome Satchel,Rated 4.4/5 from 113 Amazon shopper reviews.,https://m.media-amazon.com/images/I/51ld99mkFAL._AC_UL1000_.jpg,248.00
Coach Peyton Signature Cora Domed Satchel - Style 24606,Rated 3.6/5 from 38 Amazon shopper reviews.,https://m.media-amazon.com/images/I/81mkI1aypWL._AC_UL1500_.jpg,248.00
MICHAEL Michael Kors Voyager East/West Tote Oxblood One Size,Rated 4.4/5 from 14 Amazon shopper reviews.,https://m.media-amazon.com/images/I/41hLxbHmd1L._AC_.jpg,248.00
Tory Burch Women's Ella Patent Tote,Rated 4.7/5 from 366 Amazon shopper reviews.,https://m.media-amazon.com/images/I/81wurfXjSiL._AC_UL1500_.jpg,248.00
"Michael Kors Tote, Black",Rated 4.6/5 from 380 Amazon shopper reviews.,https://m.media-amazon.com/images/I/31ZVZ+QPUuL._AC_.jpg,248.00
kate spade new york Emerson Place Small Gina Tote Bag,Rated 5/5 from 4 Amazon shopper reviews.,https://m.media-amazon.com/images/I/91UWkvRy5oL._AC_UL1500_.jpg,248.00
Michael Kors Mckenna Medium Satchel in Black,Rated 2.2/5 from 3 Amazon shopper reviews.,https://m.media-amazon.com/images/I/71EXALxIzfL._AC_UL1500_.jpg,248.00
MICHAEL Michael Kors Hayley Medium Top Zip North South Tote Vanilla,Rated 5/5 from 6 Amazon shopper reviews.,https://m.media-amazon.com/images/I/91VUPHO-fVL._SL1500_.jpg,248.00
"Kate Spade New York Women's Ma Cherie Embellished Large Lane Satchel, Multi, One Size",Rated 5/5 from 2 Amazon shopper reviews.,https://m.media-amazon.com/images/I/91cE+E3nQpL._AC_UL1500_.jpg,248.00
MICHAEL Michael Kors Voyager Signature East/West Tote Dark Chambray Multi One Size,Rated 4.4/5 from 16 Amazon shopper reviews.,https://m.media-amazon.com/images/I/81wzBbiid4L._AC_UL1500_.jpg,248.00
kate spade new york Kingston Drive Small Alena Leather Satchel,Rated 3/5 from 2 Amazon shopper reviews.,https://m.media-amazon.com/images/I/91rzr20hnAL._AC_UL1500_.jpg,248.00
"HOBO Sheila Zip Top Small Crossbody Bag for Women - Leather Construction with Top Handle, Cotton Lining, and Removable Strap",Rated 5/5 from 2 Amazon shopper reviews.,https://m.media-amazon.com/images/I/71sAV5VsEfL._AC_UL1500_.jpg,248.00
"Dooney & Bourke Handbag, Beacon Zip Tote",Rated 4.1/5 from 15 Amazon shopper reviews.,https://m.media-amazon.com/images/I/618LR4ry1TL._AC_UL1500_.jpg,246.00
Coach Madison Mini North South Tote in Saffiano Leather Ivory 29001,Rated 5/5 from 2 Amazon shopper reviews.,https://m.media-amazon.com/images/I/711+ASP9PoL._AC_UL1500_.jpg,245.00
Kate Spade Aster Pebbled Leather Shoulder Bag Purse Handbag,Rated 4.5/5 from 38 Amazon shopper reviews.,https://m.media-amazon.com/images/I/81y9IFAd+BL._AC_UL1500_.jpg,245.00
Michael Kors Large Ciara Saffiano Leather Womens Satchel,Rated 4.7/5 from 190 Amazon shopper reviews.,https://m.media-amazon.com/images/I/71viomXFWwL._AC_UL1500_.jpg,245.00
Coach Women's Mini Camera Bag,Rated 4.4/5 from 402 Amazon shopper reviews.,https://m.media-amazon.com/images/I/61EU45hxf5L._AC_UL1094_.jpg,245.00
kate spade handbag for women Kat shoulder bag leather,Rated 4.6/5 from 78 Amazon shopper reviews.,https://m.media-amazon.com/images/I/51E5EuEwz-S._AC_UL1001_.jpg,244.99
Michael Kors Meredith Medium East/West Bonded Leather Tote- Truffle,Rated 4.3/5 from 5 Amazon shopper reviews.,https://m.media-amazon.com/images/I/51i9QExV0uL._AC_UL1000_.jpg,242.00
"Dooney & Bourke Handbag, Pebble Grain Paige Sac Shoulder Bag",Rated 4.6/5 from 55 Amazon shopper reviews.,https://m.media-amazon.com/images/I/71riWwPZVzL._AC_UL1500_.jpg,241.80
COACH Women's Nora Kisslock Crossbody,Rated 4.6/5 from 34 Amazon shopper reviews.,https://m.media-amazon.com/images/I/61RA5PYOzmS._AC_UL1001_.jpg,240.00
COACH Signature Canvas Spin Tote 42,Rated 5/5 from 3 Amazon shopper reviews.,https://m.media-amazon.com/images/I/81n1WvLfa+L._AC_UL1500_.jpg,239.98
"COACH Coach Gallery Tote Shoulder Bag, Brown/Dark Magenta",Rated 4.6/5 from 18 Amazon shopper reviews.,https://m.media-amazon.com/images/I/71uS5iEuQfL._AC_UL1500_.jpg,239.95
"Michael Kors Tote Bag, Grey",Rated 4.6/5 from 366 Amazon shopper reviews.,https://m.media-amazon.com/images/I/81U87-tSOUL._AC_UL1500_.jpg,238.80
MICHAEL Michael Kors Jet Set Chain Medium Python-Embossed Shoulder Tote,Rated 3/5 from 4 Amazon shopper reviews.,https://m.media-amazon.com/images/I/81p7vpm1zBL._AC_UL1500_.jpg,238.00
Rebecca Minkoff Women's Nylon Julian Backpack,Rated 4.5/5 from 156 Amazon shopper reviews.,https://m.media-amazon.com/images/I/91MvTA+vTGL._AC_UL1500_.jpg,238.00
Michael Kors Women's Cynthia Satchel,Rated 4.4/5 from 7 Amazon shopper reviews.,https://m.media-amazon.com/images/I/81oD8YwA4uL._AC_UL1500_.jpg,238.00
kate spade new york Sedgewick Lane Small Phoebe Shoulder Handbag,Rated 3.8/5 from 19 Amazon shopper reviews.,https://m.media-amazon.com/images/I/81IOl7Viy1L._AC_UL1500_.jpg,238.00
Kate Spade New York Women's Margaux Medium Satchel,Rated 4.4/5 from 50 Amazon shopper reviews.,https://m.media-amazon.com/images/I/71RYC1ZbxSL._AC_UL1500_.jpg,238.00
"Dooney & Bourke Handbag, Zip Tote",Rated 4.5/5 from 41 Amazon shopper reviews.,https://m.media-amazon.com/images/I/61XFXJ1kAAL._AC_UL1500_.jpg,238.00
"MICHAEL Michael Kors Women's Julia Medium Messenger Bag, Acorn, One Size",Rated 5/5 from 1 Amazon shopper reviews.,https://m.media-amazon.com/images/I/61T2nM8H7cL._AC_SL1500_.jpg,238.00
Coach City Tote In Signature Canvas With Bee Print,Rated 4.4/5 from 13 Amazon shopper reviews.,https://m.media-amazon.com/images/I/81XeZT1kjzL._AC_UL1500_.jpg,237.49
Betsey Johnson Metal Bow Flap Tote Bag with Wristlet,Rated 3.8/5 from 11 Amazon shopper reviews.,https://m.media-amazon.com/images/I/712-tLBRmIL._AC_UL1500_.jpg,236.99
michael kors jet set travel brown Tote,Rated 3.7/5 from 2 Amazon shopper reviews.,https://m.media-amazon.com/images/I/61W-B0Ppf6L._AC_UL1001_.jpg,236.00
Calvin Klein SaffiaNo Leather Satchel Top Handle Bag,Rated 4.4/5 from 6 Amazon shopper reviews.,https://m.media-amazon.com/images/I/71YzcHpaKyL._AC_UL1500_.jpg,235.93
Longchamp Le Pliage Large Shoulder Tote Bag,Rated 3.2/5 from 7 Amazon shopper reviews.,https://m.media-amazon.com/images/I/413MTp0V57L._AC_.jpg,235.00
COACH Women's Cammie Chain Bucket Bag,Rated 5/5 from 6 Amazon shopper reviews.,https://m.media-amazon.com/images/I/71-8yxJrtYL._AC_UL1500_.jpg,234.98
Tory Burch Emerson Chain Wallet Crossbody/Clutch - Black,Rated 3.8/5 from 5 Amazon shopper reviews.,https://m.media-amazon.com/images/I/51m6u5WtR3L._AC_.jpg,234.11
kate spade new york Cedar Street Dot Maise Satchel Bag,Rated 4.6/5 from 3 Amazon shopper reviews.,https://m.media-amazon.com/images/I/91eRwiUCksL._AC_UL1500_.jpg,234.00
Michael Kors Jet Set Travel East West Tote in Dark Khaki,Rated 4/5 from 4 Amazon shopper reviews.,https://m.media-amazon.com/images/I/31+lHLPayYL._AC_.jpg,234.00
Calvin Klein Glazed Satchel Bag,Rated 5/5 from 3 Amazon shopper reviews.,https://m.media-amazon.com/images/I/81iH6r75KtL._AC_UL1500_.jpg,231.86
Coach Womens Nolita Leather Patchwork Wristlet Handbag Purple Small,Rated 4/5 from 1 Amazon shopper reviews.,https://m.media-amazon.com/images/I/81w7ZgYLFqL._AC_UL1500_.jpg,231.53
MICHAEL Michael Kors Marina North South Large Drawstring Tote (Gold),Rated 5/5 from 4 Amazon shopper reviews.,https://m.media-amazon.com/images/I/51APsOYOkzL._AC_.jpg,230.00
Coach Women's Katy Satchel in Signature Canvas (Pebble Leather - Diary Embroidery - Penny Multi),Rated 5/5 from 5 Amazon shopper reviews.,https://m.media-amazon.com/images/I/81cUwj4xebL._AC_UL1500_.jpg,230.00
Michael Kors Womens Mott Medium Tote Tote,Rated 5/5 from 16 Amazon shopper reviews.,https://m.media-amazon.com/images/I/71gB5Aec+ML._AC_UL1500_.jpg,230.00
Michael Kors Women Jet Set Item Tote,Rated 4.8/5 from 70 Amazon shopper reviews.,https://m.media-amazon.com/images/I/91qcDoCGb1L._AC_UL1500_.jpg,230.00
COACH Signature Jacquard Dempsey Tote 22,Rated 4.6/5 from 30 Amazon shopper reviews.,https://m.media-amazon.com/images/I/617rXdxMPFL._AC_UL1500_.jpg,229.99
MICHAEL Michael Kors Jet Set Specchio Signature Medium East West Tote (Vanilla),Rated 3.5/5 from 2 Amazon shopper reviews.,https://m.media-amazon.com/images/I/81c1NiOtUhL._AC_UL1500_.jpg,229.99
Rebecca Minkoff Micro Perry Satchel,Rated 4/5 from 5 Amazon shopper reviews.,https://m.media-amazon.com/images/I/71+I7zp5vYL._AC_UL1500_.jpg,229.99
Michael Kors Erin Medium Quilted Women's Backpack (Black / Gold),Rated 4.7/5 from 103 Amazon shopper reviews.,https://m.media-amazon.com/images/I/41gguDak5aL._AC_SL1003_.jpg,229.50
MICHAEL Michael Kors Women's Elana Large Convertible Shoulder Black Handbag,Rated 1/5 from 2 Amazon shopper reviews.,https://m.media-amazon.com/images/I/81HnrVQ35RL._AC_UL1500_.jpg,229.00
Michael Kors Women's Emry Paisley Large Top Zip Tote,Rated 5/5 from 1 Amazon shopper reviews.,https://m.media-amazon.com/images/I/81zbZjCl2hL._AC_UL1467_.jpg,229.00
Patricia Nash | Carducci Tote Purse for Women | Leather Tote Bag for Women,Rated 4.2/5 from 18 Amazon shopper reviews.,https://m.media-amazon.com/images/I/81snKex3l0L._AC_UL1500_.jpg,229.00
Michael Kors Coraline Large Logo and Leather Tote Bag,Rated 3/5 from 3 Amazon shopper reviews.,https://m.media-amazon.com/images/I/4196jUT7wRL._AC_.jpg,229.00
MICHAEL KORS CARMEN SAFFIANO LEATHER SMALL FLAP SATCHEL SHOULDER PURSE BAG,Rated 3.3/5 from 7 Amazon shopper reviews.,https://m.media-amazon.com/images/I/61gNLN95DiL._AC_UL1500_.jpg,229.00
"Michael Kors Tote, Red",Rated 4.7/5 from 807 Amazon shopper reviews.,https://m.media-amazon.com/images/I/51H4LreU8JL._AC_UL1400_.jpg,228.99
"Patricia Nash Women's Distressed Vintage Croc Montioni Backpack, Metallic Gold Tan",Rated 2.6/5 from 2 Amazon shopper reviews.,https://m.media-amazon.com/images/I/717WgcvonML._AC_SL1018_.jpg,228.99
COACH DERBY TOTE IN PEBBLE LEATHER,Rated 4.2/5 from 47 Amazon shopper reviews.,https://m.media-amazon.com/images/I/41Wruv7jeML._AC_UL1000_.jpg,228.69
Michael Kors Women's Hailee Md Satchel No Size (Black),Rated 4.9/5 from 14 Amazon shopper reviews.,https://m.media-amazon.com/images/I/91G4Gsa3e+L._AC_UL1500_.jpg,228.00
Michael Kors Jet Set Item East/West Top Zip Tote,Rated 4.7/5 from 38 Amazon shopper reviews.,https://m.media-amazon.com/images/I/81fuCOgrA4L._AC_UL1500_.jpg,228.00
Michael Kors Large Snap Pocket Tote,Rated 4.6/5 from 16 Amazon shopper reviews.,https://m.media-amazon.com/images/I/51bjSWzBu3L._AC_UL1200_.jpg,228.00
MICHAEL Michael Kors Women's TINA Small Top Zip Messenger leather shoulder Handbag,Rated 4.4/5 from 13 Amazon shopper reviews.,https://m.media-amazon.com/images/I/81HjeEUIX8L._AC_UL1500_.jpg,228.00
MICHAEL Michael Kors Women's Elana Large Convertible Shoulder Cement Handbag,Rated 2.8/5 from 14 Amazon shopper reviews.,https://m.media-amazon.com/images/I/81MSY8qFWjL._AC_UL1500_.jpg,228.00
MICHAEL Michael Kors Beck Medium Convertible Tote Brown/Acorn One Size,Rated 4.1/5 from 18 Amazon shopper reviews.,https://m.media-amazon.com/images/I/913GZ75YlJL._AC_UL1500_.jpg,228.00
Rebecca Minkoff MAB Crossbody Bag for Women - Versatile Women’s Crossbody Purse,Rated 4.3/5 from 19 Amazon shopper reviews.,https://m.media-amazon.com/images/I/91DLPUQJDvL._AC_UL1500_.jpg,228.00
Tory Burch Women's Kira Pebbled Top Zip Crossbody,Rated 4.2/5 from 20 Amazon shopper reviews.,https://m.media-amazon.com/images/I/71HT19H-aBL._AC_UL1500_.jpg,228.00
Michael Kors Jet Set Large Leather Tote Bag $278,Rated 3.4/5 from 6 Amazon shopper reviews.,https://m.media-amazon.com/images/I/81TSFs577-L._AC_UL1500_.jpg,228.00
Coach Pebble Leather Swagger 20 Handbag Crossbody GD/OXB Oxblood,Rated 4.3/5 from 3 Amazon shopper reviews.,https://m.media-amazon.com/images/I/71InJ2dWmkL._AC_UL1500_.jpg,228.00
"HOBO Reeva Handbag For Women - Zipper Closure With Removable Crossbody Strap, Spacious and Elegant Bag",Rated 4.3/5 from 12 Amazon shopper reviews.,https://m.media-amazon.com/images/I/71U7wrMe-PL._AC_UL1500_.jpg,228.00
Kate Spade New York Women's Hayes Street Sam Tote,Rated 5/5 from 6 Amazon shopper reviews.,https://m.media-amazon.com/images/I/71S6pcANpeL._AC_UL1500_.jpg,228.00
Kate Spade x Disney Minnie Mouse Large Reversible Leather Tote Purse(White Multi),Rated 5/5 from 12 Amazon shopper reviews.,https://m.media-amazon.com/images/I/51NFhvuQMNL._AC_SL1500_.jpg,227.95
UGG Alina E/W Tote Leather,Rated 4.2/5 from 30 Amazon shopper reviews.,https://m.media-amazon.com/images/I/81SLLAXBjCL._AC_UL1500_.jpg,227.79
"Dooney & Bourke Handbag, Pebble Grain Zip Zip Satchel",Rated 4.7/5 from 379 Amazon shopper reviews.,https://m.media-amazon.com/images/I/71k0lBtivmL._AC_UL1500_.jpg,225.88
Michael Kors Marilyn Medium Top Zip Tote One Size,Rated 3.5/5 from 5 Amazon shopper reviews.,https://m.media-amazon.com/images/I/81IF5o-bKeL._AC_UL1500_.jpg,225.64
Kate Spade New York Minnie Mouse Minnie Bow Clasp Clutch,Rated 4.1/5 from 3 Amazon shopper reviews.,https://m.media-amazon.com/images/I/61GCRQqwxZL._AC_UL1001_.jpg,225.00
Kate Spade New York Women's Cameron Convertible Crossbody Bag,Rated 4.7/5 from 646 Amazon shopper reviews.,https://m.media-amazon.com/images/I/91am6Vuz0vL._AC_UL1500_.jpg,225.00
MICHAEL Michael Kors Women's Morgan Medium Tote PVC Logo Black Handbag,Rated 5/5 from 3 Amazon shopper reviews.,https://m.media-amazon.com/images/I/81wEF7AfGhL._AC_UL1500_.jpg,224.00
MICHAEL Michael Kors Frame Out Item Large North South Tote (Cherry),Rated 3/5 from 1 Amazon shopper reviews.,https://m.media-amazon.com/images/I/813FYo0DO+L._AC_UL1500_.jpg,224.00
MICHAEL KORS Mae Large Leather Tote in Pink Coral Reef,Rated 4/5 from 2 Amazon shopper reviews.,https://m.media-amazon.com/images/I/81JUqoHGhpL._AC_UL1500_.jpg,224.00
MICHAEL Michael Kors Womens Frame Out Item Leather Bag Tote Handbag Black Large,Rated 2.9/5 from 2 Amazon shopper reviews.,https://m.media-amazon.com/images/I/81JA0dyXFHL._AC_UL1500_.jpg,224.00
Tory Burch Women's Ella Tote,Rated 4.6/5 from 72 Amazon shopper reviews.,https://m.media-amazon.com/images/I/51e7aXguv4L._AC_UL1500_.jpg,224.00
"Marc Jacobs Women's The Backpack, Black, One Size",Rated 4.4/5 from 79 Amazon shopper reviews.,https://m.media-amazon.com/images/I/8184AVMFW2L._AC_SL1500_.jpg,224.00
Kate Spade Arbour Hil Kellen Black/Sweetheart Pink Leather Tote,Rated 5/5 from 2 Amazon shopper reviews.,https://m.media-amazon.com/images/I/71EOdreWA-L._AC_UL1500_.jpg,224.00
Kate Spade New York Patrice Satchel Shoulder Bag,Rated 4/5 from 1 Amazon shopper reviews.,https://m.media-amazon.com/images/I/51AE6XAb6pL._AC_UL1458_.jpg,224.00
Marc Jacobs Women's The Large Tote Bag,Rated 4.7/5 from 974 Amazon shopper reviews.,https://m.media-amazon.com/images/I/41p2JcQ5yfL._AC_UL1000_.jpg,223.98
"MICHAEL Michael Kors Selma Large Top Zip Satchel, Summer Blue",Rated 4/5 from 6 Amazon shopper reviews.,https://m.media-amazon.com/images/I/91BrWZkEA4L._AC_UL1500_.jpg,223.00
Coach Women's Lillie Carryall Top Handle Satchel Bag,Rated 4.4/5 from 117 Amazon shopper reviews.,https://m.media-amazon.com/images/I/9196vl+6tVL._AC_UL1500_.jpg,220.00
Kate Spade Carson Convertible Crossbody Handbag,Rated 4.3/5 from 46 Amazon shopper reviews.,https://m.media-amazon.com/images/I/71Wzq0kN2uL._AC_UL1396_.jpg,219.99
Fossil Women's Kier Vegan Cactus Leather Tote Bag Purse Handbag,Rated 3.7/5 from 12 Amazon shopper reviews.,https://m.media-amazon.com/images/I/61zbOnPnnvL._AC_UL1500_.jpg,219.99
Fossil Women's Leather Tote Handbag,Rated 4.5/5 from 220 Amazon shopper reviews.,https://m.media-amazon.com/images/I/81J+TwUlD7L._AC_UL1500_.jpg,219.98
"Dooney & Bourke Handbag, Ostrich Crossbody",Rated 4.9/5 from 30 Amazon shopper reviews.,https://m.media-amazon.com/images/I/71zUFX59mLL._AC_UL1500_.jpg,219.00
kate spade handbag purse Harper satchel in leather,Rated 4.4/5 from 142 Amazon shopper reviews.,https://m.media-amazon.com/images/I/51kul4l7LkL._AC_UL1500_.jpg,219.00
"MICHAEL Michael Kors Charlotte Large Zip Tote bundled with matching Trifold Wallet, Purse Hook and Skinny Scarf",Rated 4.6/5 from 112 Amazon shopper reviews.,https://m.media-amazon.com/images/I/51zThsauSXL._AC_UL1001_.jpg,219.00
MICHAEL Michael Kors Womens Jet Set Leather Signature Tote Handbag (Mocha),Rated 3.8/5 from 11 Amazon shopper reviews.,https://m.media-amazon.com/images/I/915TlfIhbUL._AC_SL1500_.jpg,219.00
Coach Madison Saffiano North South MINI Tote Crossbody Bag Tan,Rated 3.7/5 from 11 Amazon shopper reviews.,https://m.media-amazon.com/images/I/81iyaTI7o+L._AC_UL1500_.jpg,219.00
MICHAEL Michael Kors Sierra Large Satchel Luggage One Size,Rated 4.5/5 from 2 Amazon shopper reviews.,https://m.media-amazon.com/images/I/91vAOq--VCL._AC_UL1500_.jpg,218.97
"Dooney & Bourke Handbag, Gretta Crossbody",Rated 4.9/5 from 17 Amazon shopper reviews.,https://m.media-amazon.com/images/I/81tc5Hb5jNL._AC_UL1500_.jpg,218.88
Michael Kors Mercer Large Leather Dome Satchel,Rated 4.1/5 from 11 Amazon shopper reviews.,https://m.media-amazon.com/images/I/51JQRrzOh8L._AC_.jpg,218.00
Rebecca Minkoff Edie Top Handle Satchel,Rated 3.7/5 from 4 Amazon shopper reviews.,https://m.media-amazon.com/images/I/71ghrAOo2eL._AC_UL1500_.jpg,218.00
Michael By Michael Kors Jet Set Leather Tote,Rated 5/5 from 5 Amazon shopper reviews.,https://m.media-amazon.com/images/I/91UJcPPH3YL._AC_UL1500_.jpg,218.00
kate spade new york Cobble Hill Small Gina Satchel Bag,Rated 3.8/5 from 27 Amazon shopper reviews.,https://m.media-amazon.com/images/I/71N4VI+tgGL._AC_UL1500_.jpg,218.00
Kate Spade Women's Cameron Street Jensen Leather Shoulder Bag Tote,Rated 5/5 from 8 Amazon shopper reviews.,https://m.media-amazon.com/images/I/91WtYyH-YUL._AC_UL1500_.jpg,218.00
Michael Kors Emilia Large Triple Compartment Shoulder Bag Leather Tote Luggage,Rated 4.7/5 from 4 Amazon shopper reviews.,https://m.media-amazon.com/images/I/413BJXONd6L._AC_.jpg,217.95
Kate Spade Marlee Leather Tote Bag Purse Handbag (Garden Pink),Rated 5/5 from 5 Amazon shopper reviews.,https://m.media-amazon.com/images/I/41CWA6OsD-S._AC_UL1001_.jpg,214.99
Calvin Klein Pebble Leather Chain Tote,Rated 4.3/5 from 13 Amazon shopper reviews.,https://m.media-amazon.com/images/I/91RxbRVviNL._AC_UL1500_.jpg,214.01
Kate Spade Sophie Brightwater Drve Tote Black Cream New,Rated 5/5 from 1 Amazon shopper reviews.,https://m.media-amazon.com/images/I/71aurx6I3LL._AC_UL1500_.jpg,214.00
COACH Womens Gemma Crossbody In Colorblock Leather,Rated 4.1/5 from 36 Amazon shopper reviews.,https://m.media-amazon.com/images/I/61jYzQinu4L._AC_UL1130_.jpg,214.00
"Dooney & Bourke Handbag, Pebble Grain Twist Strap Hobo Shoulder Bag",Rated 5/5 from 1 Amazon shopper reviews.,https://m.media-amazon.com/images/I/614nho6kQdL._AC_UL1500_.jpg,213.20
Michael Kors Jane Large Tote,Rated 4.7/5 from 19 Amazon shopper reviews.,https://m.media-amazon.com/images/I/91wycA4SxWL._AC_UL1500_.jpg,212.00
Frye Melissa Leather Domed Zip Satchel,Rated 4.2/5 from 92 Amazon shopper reviews.,https://m.media-amazon.com/images/I/81Nbe2i-xIL._AC_UL1500_.jpg,210.57
COACH Women's Jes Crossbody Bag in Signature Canvas (Heart Petal Print - Brown - Multi),Rated 4.7/5 from 6 Amazon shopper reviews.,https://m.media-amazon.com/images/I/817fq8DzkML._AC_UL1500_.jpg,210.00
Kate Spade New York Alyse Wilson Road Purse,Rated 4.2/5 from 44 Amazon shopper reviews.,https://m.media-amazon.com/images/I/61KCxP3tMQL._AC_UL1001_.jpg,209.95
Kate Spade New York Staci Medium Pineapple Satchel Shoulder Bag,Rated 4.3/5 from 15 Amazon shopper reviews.,https://m.media-amazon.com/images/I/418+0GYNvoL._AC_.jpg,209.84
Kate Spade Small Devin Handbag,Rated 5/5 from 1 Amazon shopper reviews.,https://m.media-amazon.com/images/I/51+ORk7JIZL._AC_UL1000_.jpg,209.00
Marc Jacobs The Protégé Tote Black One Size,Rated 4.4/5 from 9 Amazon shopper reviews.,https://m.media-amazon.com/images/I/61vBvhWNBQL._AC_UL1200_.jpg,209.00
MICHAEL Michael Kors Women's Mercer Medium Tote,Rated 4.4/5 from 118 Amazon shopper reviews.,https://m.media-amazon.com/images/I/81WhgPbwSGL._AC_UL1500_.jpg,209.00
COACH Slim Envelope Wallet Crossbody Purse - #C1909,Rated 5/5 from 1 Amazon shopper reviews.,https://m.media-amazon.com/images/I/71luROGbwBL._AC_SL1400_.jpg,208.88
Kate Spade New York Roulette Large Hobo Bag,Rated 4.6/5 from 26 Amazon shopper reviews.,https://m.media-amazon.com/images/I/71ubJrIPvLL._AC_UL1200_.jpg,208.72
"Dooney & Bourke Handbag, Gretta Serena Crossbody",Rated 5/5 from 6 Amazon shopper reviews.,https://m.media-amazon.com/images/I/71TFVgks0LL._AC_UL1500_.jpg,208.60
"Dooney & Bourke Handbag, Pebble Grain Small Lexington Tote",Rated 4.7/5 from 188 Amazon shopper reviews.,https://m.media-amazon.com/images/I/71bGaIZueKL._AC_UL1500_.jpg,208.50
Calvin Klein Chained Daytonna Leather Dome Satchel,Rated 4.4/5 from 10 Amazon shopper reviews.,https://m.media-amazon.com/images/I/81nQiGhtouL._AC_UL1500_.jpg,208.05
Michael Kors Women's Ciara Large Top Zip Satchel No Size (Vanilla/Pale Blue),Rated 5/5 from 2 Amazon shopper reviews.,https://m.media-amazon.com/images/I/91mr52m+njL._AC_UL1500_.jpg,208.00
Fossil Women's Emerson Leather Satchel Purse Handbag,Rated 4.6/5 from 90 Amazon shopper reviews.,https://m.media-amazon.com/images/I/81gTgujzLVL._AC_UL1500_.jpg,208.00
"MICHAEL Michael Kors Women's Mercer Messenger Bag, Electric Blue, One Size",Rated 5/5 from 8 Amazon shopper reviews.,https://m.media-amazon.com/images/I/91hqsk0WSgL._AC_UL1500_.jpg,208.00
COACH Women's Dempsey File Crossbody Shoulder Bag in Signature Jacquard,Rated 4.5/5 from 12 Amazon shopper reviews.,https://m.media-amazon.com/images/I/71AgCmDDZ-L._AC_UL1240_.jpg,205.99
COACH Women's Anna Foldover Clutch Crossbody Bag,Rated 4.2/5 from 25 Amazon shopper reviews.,https://m.media-amazon.com/images/I/611wiMRfUiL._AC_UL1040_.jpg,205.39
Michael Kors Charlotte Large Zip Tote bundled with matching Trifold Wallet and Skinny Scarf (Signature MK Brown),Rated 4.8/5 from 6 Amazon shopper reviews.,https://m.media-amazon.com/images/I/91cMytgVw5L._AC_UL1500_.jpg,205.00
Coach Women's Court Backpack In Signature Canvas (Khaki - Saddle2),Rated 4.7/5 from 814 Amazon shopper reviews.,https://m.media-amazon.com/images/I/71cgR+l2vTL._AC_SL1500_.jpg,204.99
Kate Spade New York Cameron Medium Satchel Purse,"Rated 4.8/5 from 1,058 Amazon shopper reviews.",https://m.media-amazon.com/images/I/51x6KgtavDL._AC_UL1001_.jpg,204.40
COACH Womens Camera Bag With Horse And Carriage,Rated 4.9/5 from 64 Amazon shopper reviews.,https://m.media-amazon.com/images/I/61pKuszPJjL._AC_UL1200_.jpg,204.00
COACH Town Tote,Rated 4.5/5 from 28 Amazon shopper reviews.,https://m.media-amazon.com/images/I/51rfDAwFDML._AC_UL1098_.jpg,203.99
Kate Spade New York All Day Large Zip Top Tote,Rated 5/5 from 12 Amazon shopper reviews.,https://m.media-amazon.com/images/I/71WRJRt9neL._AC_UL1500_.jpg,203.81
Coach Val khaki redwood Duffle Signature Logo Brown Red Leather Handbag Canvas NEW,Rated 4.5/5 from 38 Amazon shopper reviews.,https://m.media-amazon.com/images/I/71zWpPd-sPS._AC_SL1256_.jpg,202.59
"Dooney & Bourke Handbag, Pebble Grain Foldover Zip Crossbody",Rated 5/5 from 6 Amazon shopper reviews.,https://m.media-amazon.com/images/I/61n2IDdpjTL._AC_UL1500_.jpg,201.60
"Dooney & Bourke Handbag, Pebble Grain Hobo Shoulder Bag",Rated 4.5/5 from 105 Amazon shopper reviews.,https://m.media-amazon.com/images/I/61MKXRMiZlL._AC_UL1500_.jpg,201.13
Coach Women's Mollie Bucket Bag 22 Crossbody Shoulder,Rated 4.3/5 from 96 Amazon shopper reviews.,https://m.media-amazon.com/images/I/41+D2c-2MML._AC_UL1002_.jpg,201.00
Michael Kors Rose Gold Signature Large Travel Chain Shoulder Tote,Rated 4.3/5 from 51 Amazon shopper reviews.,https://m.media-amazon.com/images/I/91EokGlK8vL._AC_UL1500_.jpg,200.65
Coach Women's Mini Klare Crossbody Bag,Rated 4/5 from 10 Amazon shopper reviews.,https://m.media-amazon.com/images/I/51nGBmI7+ML._AC_UL1000_.jpg,200.00
Kate Spade New York Large Leighton Pebbled Leather Satchel - Black,Rated 5/5 from 3 Amazon shopper reviews.,https://m.media-amazon.com/images/I/71dpHn7IcGL._AC_UL1242_.jpg,199.99
Tory Burch women's Blake Mini Shopper Tote (Black),Rated 2.9/5 from 2 Amazon shopper reviews.,https://m.media-amazon.com/images/I/91dvH4Y93CL._AC_UL1500_.jpg,199.99
Coach Women's Nolita 19 Bag Purse (Signature Canvas - Bee Print - Khaki Multi),Rated 4.6/5 from 16 Amazon shopper reviews.,https://m.media-amazon.com/images/I/71165P5L4eL._AC_UL1500_.jpg,199.99
Kate Spade New York Joeley Tote (BLACK),Rated 4.5/5 from 35 Amazon shopper reviews.,https://m.media-amazon.com/images/I/91Y+kZeK6rL._AC_UL1500_.jpg,199.99
Coach Women's Mini Brynn Crossbody Bag,Rated 4.4/5 from 33 Amazon shopper reviews.,https://m.media-amazon.com/images/I/71kC0sbaaeL._AC_UL1500_.jpg,199.99
COACH Lightweight Signature Small Kelsey Satchel Beige One Size,Rated 4.8/5 from 9 Amazon shopper reviews.,https://m.media-amazon.com/images/I/81DJUNE53lL._AC_UL1500_.jpg,199.99
Rebecca Minkoff Women's Regan Satchel,Rated 4/5 from 55 Amazon shopper reviews.,https://m.media-amazon.com/images/I/71tk1QRqiaL._AC_UL1500_.jpg,199.95
Patricia Nash Women's Rienzo Satchel Scarlet Bloom Handbag,Rated 5/5 from 5 Amazon shopper reviews.,https://m.media-amazon.com/images/I/81M2wt7rYmL._AC_UL1500_.jpg,199.95
Patricia Nash Women's Lanza Crossbody Organizer Turquoise Crossbody Bag,Rated 4.2/5 from 20 Amazon shopper reviews.,https://m.media-amazon.com/images/I/91F6WJzVmQL._AC_UL1500_.jpg,199.79
Kate Spade Grand Street Colorblock Small Rachelle Handbag,Rated 3.4/5 from 7 Amazon shopper reviews.,https://m.media-amazon.com/images/I/61UUSiWiYzL._AC_UL1080_.jpg,199.00
Kate Spade New York Large Floral Tote Nylon Navy Daisies,Rated 5/5 from 3 Amazon shopper reviews.,https://m.media-amazon.com/images/I/71vQU8vsz6S._AC_UL1500_.jpg,199.00
COACH Crossbody Clutch in Suede Leather with Prairie Rivets Dk/Heather Grey One Size,Rated 4.3/5 from 22 Amazon shopper reviews.,https://m.media-amazon.com/images/I/91JBr0jp-9L._AC_UL1500_.jpg,199.00
Michael Kors Raven Large Shoulder Tote Acorn 1 One Size,Rated 4.6/5 from 64 Amazon shopper reviews.,https://m.media-amazon.com/images/I/81jy-Ef7mJL._AC_SL1500_.jpg,199.00
Kate Spade New York Women's Cameron Street Little Babe Crossbody Bag Satchel,Rated 4.4/5 from 19 Amazon shopper reviews.,https://m.media-amazon.com/images/I/71JMpDlHrBL._AC_UL1188_.jpg,199.00
MICHAEL Michael Kors Medium Selma Top Zip Stud Satchel in Black,Rated 5/5 from 3 Amazon shopper reviews.,https://m.media-amazon.com/images/I/71RVycfYXmL._AC_UL1000_.jpg,199.00
Coach Women's Georgie Shoulder Bag,Rated 4.4/5 from 17 Amazon shopper reviews.,https://m.media-amazon.com/images/I/71UjdKG2DIL._AC_UL1500_.jpg,199.00
Vince Camuto Fabia Tote,Rated 3.6/5 from 7 Amazon shopper reviews.,https://m.media-amazon.com/images/I/81x0DSas5BL._AC_UL1500_.jpg,199.00
"HOBO Cambel Handbag For Women - Side Shoulder Strap With Exterior Zip and Drop Pockets, Handy and Stylish Handbag",Rated 4.7/5 from 21 Amazon shopper reviews.,https://m.media-amazon.com/images/I/81DUXKnY97L._AC_UL1500_.jpg,199.00
Michael Kors Womens Mercer Tote,Rated 4.5/5 from 15 Amazon shopper reviews.,https://m.media-amazon.com/images/I/91gC0NTsmjL._AC_UL1500_.jpg,199.00
HOBO Fern Satchel,Rated 3/5 from 2 Amazon shopper reviews.,https://m.media-amazon.com/images/I/712gk4SKIEL._AC_UL1500_.jpg,199.00
Michael Kors MICHAEL Michael Kors Jet Set Travel Large Chain Shoulder Tote bundled Jet Set Travel Trifold Wallet,Rated 4.6/5 from 372 Amazon shopper reviews.,https://m.media-amazon.com/images/I/71Y1d6GaqML._AC_UL1324_.jpg,198.97
Marc Jacobs M0016132 Smoked Almond/Gold Hardware Women's Grind Colorblocked Mini Tote Bag,Rated 4.2/5 from 43 Amazon shopper reviews.,https://m.media-amazon.com/images/I/815tZVBYwWL._AC_UL1500_.jpg,198.75
Coach Signature Zip Tote,Rated 4.5/5 from 652 Amazon shopper reviews.,https://m.media-amazon.com/images/I/51eWLGP2APL._AC_UL1406_.jpg,198.05
Michael Kors Women’s Ciara Large Top Zip PVC Leather Tote Shoulder Bag Vanilla 2019,Rated 4.6/5 from 118 Amazon shopper reviews.,https://m.media-amazon.com/images/I/91UQh5gK6mL._AC_UL1500_.jpg,198.00
Michael Kors Women's Haley Large Satchel No Size (Black),Rated 5/5 from 3 Amazon shopper reviews.,https://m.media-amazon.com/images/I/71MrRr1+yyL._AC_UL1500_.jpg,198.00
"kate spade new york Southport Avenue Cathy Leather Hobo Bag, Black",Rated 2.4/5 from 2 Amazon shopper reviews.,https://m.media-amazon.com/images/I/815HaPS89iL._AC_UL1500_.jpg,198.00
Michael Kors Women Jet Set Large Top-zip Saffiano Leather Tote Shoulder Bag,Rated 4.6/5 from 297 Amazon shopper reviews.,https://m.media-amazon.com/images/I/31cP98xrWTL._AC_.jpg,198.00
kate spade new york Cedar Street Small Jensen Tote Bag,Rated 4.4/5 from 39 Amazon shopper reviews.,https://m.media-amazon.com/images/I/71JZ8Tz6F6L._AC_UL1500_.jpg,198.00
Kate Spade New York Haven Lane Hani Shoulder Handbag,Rated 4/5 from 115 Amazon shopper reviews.,https://m.media-amazon.com/images/I/7138Dq-ga9L._AC_UL1080_.jpg,198.00
Tory Burch Women's Perry Bombe Wristlet,Rated 4.5/5 from 21 Amazon shopper reviews.,https://m.media-amazon.com/images/I/71lot7T9l0S._AC_UL1500_.jpg,198.00
kate spade new york Women's Hayes Street Small Aiden Hobo Bag,Rated 5/5 from 1 Amazon shopper reviews.,https://m.media-amazon.com/images/I/61b65FewpcL._AC_UL1500_.jpg,198.00
New Coach C Signature Purse Crossbody Bag Khaki Blue,Rated 4.5/5 from 49 Amazon shopper reviews.,https://m.media-amazon.com/images/I/61rxXTETivL._AC_UL1001_.jpg,198.00
Vince Camuto Wylie Tote,Rated 5/5 from 5 Amazon shopper reviews.,https://m.media-amazon.com/images/I/81zk7KCS3ZL._AC_UL1500_.jpg,198.00
Michael Kors Mirella Large Signature MK Tote Bag,Rated 4.8/5 from 26 Amazon shopper reviews.,https://m.media-amazon.com/images/I/81XG9XsnaQL._AC_UL1500_.jpg,198.00
"Dooney & Bourke Handbag, Pebble Grain Crossbody",Rated 4.7/5 from 198 Amazon shopper reviews.,https://m.media-amazon.com/images/I/7116A+9tHgL._AC_UL1500_.jpg,196.95
Kate Spade Briar Lane Leather Medium Convertible Shoulder Bag Purse Handbag,Rated 4.6/5 from 40 Amazon shopper reviews.,https://m.media-amazon.com/images/I/61VDHsQsG3L._AC_UL1500_.jpg,196.00
Marc Jacobs Mini Grind Leather Tote,Rated 4.4/5 from 57 Amazon shopper reviews.,https://m.media-amazon.com/images/I/61cKCZaNj9S._AC_UL1001_.jpg,195.22
Fossil Women's Jolie Leather Crossbody Purse Handbag,Rated 4.7/5 from 638 Amazon shopper reviews.,https://m.media-amazon.com/images/I/81+FxThKdML._AC_UL1500_.jpg,195.00
Marc Jacobs Women's The Medium Tote Bag,"Rated 4.7/5 from 2,436 Amazon shopper reviews.",https://m.media-amazon.com/images/I/71CqZk9HNrL._AC_UL1500_.jpg,194.99
"Dooney & Bourke Handbag, Pebble Grain Foldover Zip Crossbody - Elephant",Rated 4.7/5 from 19 Amazon shopper reviews.,https://m.media-amazon.com/images/I/61pFHytKanL._AC_UL1500_.jpg,194.99
Kate Spade Patrice tote,Rated 5/5 from 1 Amazon shopper reviews.,https://m.media-amazon.com/images/I/41cJbLHSQSL._AC_UL1052_.jpg,194.00
"Dooney & Bourke Handbag, Pebble Grain Kendall Crossbody",Rated 4.5/5 from 11 Amazon shopper reviews.,https://m.media-amazon.com/images/I/71UqNKUwRRL._AC_UL1500_.jpg,193.70
"Dooney & Bourke Handbag, Ostrich Lexington Crossbody",Rated 4.5/5 from 47 Amazon shopper reviews.,https://m.media-amazon.com/images/I/71IARiUX56L._AC_UL1500_.jpg,192.63
Kate Spade Leila Soft Pebbled Leather Medium Flap Shoulder Bag Women's Handbag WKR00330,Rated 4.4/5 from 111 Amazon shopper reviews.,https://m.media-amazon.com/images/I/51ag-pLxtGS._AC_UL1001_.jpg,192.08
Michael Kors MICHAEL Michael Kors Maisie Large Pebbled Leather 3-IN-1 Tote Bag bundled Purse Hook,Rated 4.7/5 from 44 Amazon shopper reviews.,https://m.media-amazon.com/images/I/51BZNuL6UyL._AC_UL1001_.jpg,191.98
Calvin Klein Susan Saffiano Leather Tote with Card Case Hanger,Rated 4.5/5 from 17 Amazon shopper reviews.,https://m.media-amazon.com/images/I/917S1-RZ6dL._AC_UL1500_.jpg,190.45
Kate Spade Blue Multi Market Stripe Medium Tote (Blue),Rated 4.5/5 from 5 Amazon shopper reviews.,https://m.media-amazon.com/images/I/6107vyjhyjL._AC_UL1001_.jpg,189.99
COACH Prairie Rivet Clutch Ice Purple Leather Bag New,Rated 5/5 from 1 Amazon shopper reviews.,https://m.media-amazon.com/images/I/810Dmf0gsKL._AC_UL1500_.jpg,189.98
"HOBO Fern Medium Shoulder Handbag For Women - Leather Construction With Cotton Lining, Gorgeous and Easy Carry Hand Bag",Rated 4/5 from 2 Amazon shopper reviews.,https://m.media-amazon.com/images/I/71V39n71blL._AC_UL1500_.jpg,189.97
Patricia Nash Poppy Tote White One Size,Rated 3.9/5 from 8 Amazon shopper reviews.,https://m.media-amazon.com/images/I/61Ih3jhU6FL._AC_UL1500_.jpg,189.95
Kate Spade New York Large Rosie Crossbody Shoulder Handbag Adjustable Strap,Rated 4.4/5 from 6 Amazon shopper reviews.,https://m.media-amazon.com/images/I/61kxqyi9uJL._AC_UL1500_.jpg,189.95
MICHAEL Michael Kors Womens Meredith Leather Pebbled Tote Handbag Pink Medium,Rated 5/5 from 1 Amazon shopper reviews.,https://m.media-amazon.com/images/I/51vkejRveFL._AC_UL1000_.jpg,189.89
"Vera Bradley Women's Lighten Up Convertible Travel Bag, Daisy Paisley, One Size",Rated 4.6/5 from 75 Amazon shopper reviews.,https://m.media-amazon.com/images/I/91gT9KVqk0L._AC_UL1500_.jpg,189.57
Michael Kors Saffiano Leather MINI Satchel (Acorn),Rated 5/5 from 1 Amazon shopper reviews.,https://m.media-amazon.com/images/I/91aIKgAG67L._AC_UL1500_.jpg,189.00
Coach Women's Klare Crossbody Shoulder Leather Handbag,Rated 4.6/5 from 364 Amazon shopper reviews.,https://m.media-amazon.com/images/I/71EOTqxClsL._AC_UL1498_.jpg,189.00
kate spade new york Spencer Medium Leather Satchel,Rated 5/5 from 3 Amazon shopper reviews.,https://m.media-amazon.com/images/I/81GuKIF69HL._AC_UL1472_.jpg,189.00
Kate Spade New York Jeralyn Camelia Street Small Tote Bag Black,Rated 4.5/5 from 4 Amazon shopper reviews.,https://m.media-amazon.com/images/I/61ztcxt6-bL._AC_UL1500_.jpg,189.00
Kate Spade Woods Drive Harris Satchel - Black/Cement,Rated 5/5 from 5 Amazon shopper reviews.,https://m.media-amazon.com/images/I/71E0ax46X3L._AC_UL1500_.jpg,188.00
Fossil Women's Parker Leather Convertible Backpack Purse Handbag,Rated 4.6/5 from 572 Amazon shopper reviews.,https://m.media-amazon.com/images/I/81x1DjIamvL._AC_SL1500_.jpg,187.99
Kate Spade New York Cara Tote Large Shoulder Handbag,Rated 4.6/5 from 13 Amazon shopper reviews.,https://m.media-amazon.com/images/I/51KXEo89vpL._AC_UL1500_.jpg,187.98
Michael Kors JST Large Chain Shoulder Tote JST Continental Wristlet (Brown Signature),Rated 4.6/5 from 73 Amazon shopper reviews.,https://m.media-amazon.com/images/I/61sFv2RGH9L._AC_UL1086_.jpg,187.90
Coach Rowan Leather Satchel Crossbody Purse - #F79946 - IM/Black,Rated 4.6/5 from 453 Amazon shopper reviews.,https://m.media-amazon.com/images/I/61bVJvaicTL._AC_UL1210_.jpg,187.59
Kate Spade Hancock Park Keira leather clutch,Rated 5/5 from 1 Amazon shopper reviews.,https://m.media-amazon.com/images/I/415QFWGic9L._AC_UL1001_.jpg,187.00
KATE SPADE LEILA LARGE FLAP BACKPACK TOTE BAG GINGERBREAD PEBBLED LEATHER,Rated 4.6/5 from 51 Amazon shopper reviews.,https://m.media-amazon.com/images/I/61nH4SyPqbL._AC_SL1446_.jpg,187.00
Rebecca Minkoff Women's Megan Tote,Rated 4.3/5 from 270 Amazon shopper reviews.,https://m.media-amazon.com/images/I/71pkBzxD6oL._AC_UL1500_.jpg,186.00
Kate Spade New York Maise Satchel Black,Rated 5/5 from 5 Amazon shopper reviews.,https://m.media-amazon.com/images/I/51vNFb1jcQL._AC_UL1008_.jpg,185.00
Kate Spade New York Shimmer Glitter Large Tote Shoulder Bag (deep nova burgundy),Rated 4.6/5 from 49 Amazon shopper reviews.,https://m.media-amazon.com/images/I/61Asz0b+ZCL._AC_UL1500_.jpg,184.93
Coach Women's Kristy Shoulder Bag,Rated 4.3/5 from 9 Amazon shopper reviews.,https://m.media-amazon.com/images/I/61lpgUijeCL._AC_UL1500_.jpg,184.73
Fossil Women's Heritage Leather Mini Flap Crossbody Purse Handbag,Rated 5/5 from 17 Amazon shopper reviews.,https://m.media-amazon.com/images/I/719NMLfQcpL._AC_UL1500_.jpg,183.99
Fossil Women's Ryder Leather Satchel Purse Handbag,Rated 4.6/5 from 711 Amazon shopper reviews.,https://m.media-amazon.com/images/I/81AXxYRLjQL._AC_UL1500_.jpg,183.46
MICHAEL Michael Kors Womens Jet Set Leather Shopper Tote Handbag Black Large,Rated 4.4/5 from 101 Amazon shopper reviews.,https://m.media-amazon.com/images/I/61-blwSz4xL._AC_UL1400_.jpg,182.60
Michael Kors Women's Emry Large Top Zip Tote,Rated 4.9/5 from 6 Amazon shopper reviews.,https://m.media-amazon.com/images/I/A1qjQQCN6gL._AC_UL1500_.jpg,180.00
Kate Spade New York Enchanted Forest Snail Large Reversible Tote with Zipper Pouch,Rated 5/5 from 9 Amazon shopper reviews.,https://m.media-amazon.com/images/I/61hk8D-KWHL._AC_UL1001_.jpg,179.99
Rebecca Minkoff MAB Mini Satchel Handbag,Rated 4.3/5 from 28 Amazon shopper reviews.,https://m.media-amazon.com/images/I/91GrKfPq4WL._AC_UL1500_.jpg,179.99
Fossil Women's Heritage Leather Hobo Purse Handbag,Rated 4.3/5 from 12 Amazon shopper reviews.,https://m.media-amazon.com/images/I/81XPD0jGwHL._AC_UL1500_.jpg,179.90
Patricia Nash Benvenuto Tote,Rated 4.5/5 from 56 Amazon shopper reviews.,https://m.media-amazon.com/images/I/91+dsRY6SHL._AC_UL1500_.jpg,179.53
Patricia Nash Women's Salerno Saddle Bag Denim Daisies One Size,Rated 4.1/5 from 2 Amazon shopper reviews.,https://m.media-amazon.com/images/I/91-EHKxGB3L._AC_UL1500_.jpg,179.00
Patricia Nash Emilion Woven Tote with Purse Scarf,Rated 4.6/5 from 2 Amazon shopper reviews.,https://m.media-amazon.com/images/I/71OGzo4bw2L._AC_UL1300_.jpg,179.00
Kate Spade enchanted forest bloom large reversible tote Blue Multi Floral,Rated 5/5 from 4 Amazon shopper reviews.,https://m.media-amazon.com/images/I/71zK3kcYWeL._AC_UL1500_.jpg,179.00
Michael Kors Cindy Leather Dome Satchel,Rated 4.3/5 from 50 Amazon shopper reviews.,https://m.media-amazon.com/images/I/91qYgtMx8cL._AC_UL1500_.jpg,179.00
Kate Spade Rosie Leather Small Crossbody Bag Purse Handbag,Rated 4.4/5 from 136 Amazon shopper reviews.,https://m.media-amazon.com/images/I/51OoxUfBRCL._AC_UL1304_.jpg,179.00
Michael Kors Women's Abbey Large Backpack,Rated 4.8/5 from 242 Amazon shopper reviews.,https://m.media-amazon.com/images/I/91OGHlUdYCL._AC_UL1500_.jpg,179.00
Dooney & Bourke Pebble Grain Large Shopper Tote,Rated 4.2/5 from 7 Amazon shopper reviews.,https://m.media-amazon.com/images/I/61eyVMzVJoL._AC_UL1500_.jpg,179.00
Coach Rowan Leather Satchel Crossbody Purse - #F79946 - Black/Silver,Rated 4.3/5 from 139 Amazon shopper reviews.,https://m.media-amazon.com/images/I/61Koek3xJvL._AC_UL1200_.jpg,179.00
Kate Spade New York Grove Street Millie Crossbody Handbag,Rated 3.6/5 from 4 Amazon shopper reviews.,https://m.media-amazon.com/images/I/71vScXrW51L._AC_UL1500_.jpg,179.00
Coach Women's Brynn Flap Crossbody (Brown - Black),Rated 5/5 from 3 Amazon shopper reviews.,https://m.media-amazon.com/images/I/81vLSodHBwL._AC_UL1500_.jpg,178.33
Vera Bradley Travel Tote in Va Va Bloom,Rated 5/5 from 2 Amazon shopper reviews.,https://m.media-amazon.com/images/I/71FHG2yWchL._AC_UL1345_.jpg,178.00
Vera Bradley Cotton Miller Tote Travel Bag,Rated 4.4/5 from 147 Amazon shopper reviews.,https://m.media-amazon.com/images/I/91Es8s+re1L._AC_UL1500_.jpg,178.00
Kate Spade Harlow Leather Crossbody Bag Purse Handbag,Rated 4.7/5 from 136 Amazon shopper reviews.,https://m.media-amazon.com/images/I/61RXSFlGo4L._AC_UL1500_.jpg,178.00
Rebecca Minkoff Mini MAC Convertible Cross-Body Handbag,Rated 4.5/5 from 46 Amazon shopper reviews.,https://m.media-amazon.com/images/I/71iY+1pO2OL._AC_UL1500_.jpg,178.00
Kate Spade Jackson Small Tab Crossbody Purse,Rated 4.6/5 from 21 Amazon shopper reviews.,https://m.media-amazon.com/images/I/51z+EuZBgHL._AC_UL1001_.jpg,178.00
Michael Kors Selma Leather Triangle Quilted Medium Messenger Handbag in Champagne,Rated 5/5 from 9 Amazon shopper reviews.,https://m.media-amazon.com/images/I/61IVpINSqhL._AC_UL1397_.jpg,177.61
Kate Spade New York Staci Saffiano Leather Laptop Tote Shoulder Bag Color Block,Rated 4.6/5 from 93 Amazon shopper reviews.,https://m.media-amazon.com/images/I/41+UWvU2zjL._AC_UL1000_.jpg,176.75
COACH Women's Pebbled Turnlock Chain Tote 27,Rated 4.5/5 from 208 Amazon shopper reviews.,https://m.media-amazon.com/images/I/81hjJRYeF8L._AC_UL1500_.jpg,176.29
COACH Women's Polished Pebbled Leather Fold-Over Crossbody,Rated 4.1/5 from 28 Amazon shopper reviews.,https://m.media-amazon.com/images/I/91wIY2qAUFL._AC_UL1500_.jpg,175.00
"Vera Bradley Women's Microfiber Large Travel Backpack Travel Bag, Classic Black, One Size",Rated 4.9/5 from 29 Amazon shopper reviews.,https://m.media-amazon.com/images/I/71h12BzDAiL._AC_SL1500_.jpg,175.00
Michael Kors Jet Set Travel Large Chain Leather Shoulder Tote Bag Luggage,Rated 4.5/5 from 49 Amazon shopper reviews.,https://m.media-amazon.com/images/I/71zhThapyAL._AC_UL1500_.jpg,174.99
Marc Jacobs Women's The Mini Tote,Rated 4.6/5 from 930 Amazon shopper reviews.,https://m.media-amazon.com/images/I/81PdOcy3-pL._AC_UL1500_.jpg,174.99
"Kate Spade Leila Colorblock Medium Triple Compartment Shoulder Bag Purse Handbag, WARM BEIGE MULTI",Rated 4.8/5 from 239 Amazon shopper reviews.,https://m.media-amazon.com/images/I/71otTBAgojS._AC_UL1500_.jpg,174.95
COACH Women's Katy Satchel in Signature Canvas (Khaki Multi),Rated 3.9/5 from 9 Amazon shopper reviews.,https://m.media-amazon.com/images/I/81zikNY09kL._AC_UL1500_.jpg,174.49
Michael Kors Womens Mercer Pebbled Leather Clutch Wallet Blue O/S,Rated 5/5 from 2 Amazon shopper reviews.,https://m.media-amazon.com/images/I/917lO0rAmjL._AC_UL1500_.jpg,174.00
Michael Kors KENLY LARGTE TOTE SHOULDER BAG SATCHEL,Rated 4.8/5 from 881 Amazon shopper reviews.,https://m.media-amazon.com/images/I/61IM1kFpCfS._AC_UL1110_.jpg,173.92
Calvin Klein Women's Monogram Zip Crossbody,Rated 4.4/5 from 9 Amazon shopper reviews.,https://m.media-amazon.com/images/I/A171aSnGf0L._AC_UL1500_.jpg,173.79
"Karl Lagerfeld Paris Agyness Purse – Women’s Crossbody Handbags with Sleek, Sophisticated Style",Rated 4.4/5 from 40 Amazon shopper reviews.,https://m.media-amazon.com/images/I/91zehonS3dL._AC_UL1500_.jpg,173.10
Kate Spade New York Schuyler Medium Leather Tote Shoulder Bag,Rated 4.4/5 from 123 Amazon shopper reviews.,https://m.media-amazon.com/images/I/81NKu5motwL._AC_UL1500_.jpg,172.00
Fossil Women's Jolie Leather Hobo Purse Handbag,Rated 4.5/5 from 256 Amazon shopper reviews.,https://m.media-amazon.com/images/I/9111MjEBmgL._AC_UL1500_.jpg,171.86
"COACH Women's Mini Jamie Camera Bag, Chalk Multi2",Rated 5/5 from 10 Amazon shopper reviews.,https://m.media-amazon.com/images/I/51Ktia0s4wL._AC_SL1500_.jpg,170.00
Kate Spade Talia Small Triple Compartment Satchel Bag in Peachy Rose,Rated 4/5 from 31 Amazon shopper reviews.,https://m.media-amazon.com/images/I/916lR2ozPoL._AC_UL1500_.jpg,169.99
Michael Kors Beck Medium Satchel,Rated 4.2/5 from 19 Amazon shopper reviews.,https://m.media-amazon.com/images/I/81K3GgTHpuL._AC_UL1500_.jpg,169.99
Michael Kors Sullivan Large Multi Function Top Zip Tote,Rated 4.1/5 from 4 Amazon shopper reviews.,https://m.media-amazon.com/images/I/710KmtGUq3L._AC_UL1500_.jpg,169.99
Kate Spade Lizzie Medium Flap Backpack Black Bag Purse Cherry Print,Rated 4.8/5 from 9 Amazon shopper reviews.,https://m.media-amazon.com/images/I/51TcDeg3ZOL._AC_SL1492_.jpg,169.98
Calvin Klein Women's Hayden Saffiano East/West Top Zip Chain Tote,Rated 4.6/5 from 381 Amazon shopper reviews.,https://m.media-amazon.com/images/I/91FV8fCkWqL._AC_UL1500_.jpg,169.95
"Kate Spade New York Southport Avenue Lydia Tote, Magnolia/Clocktower",Rated 2.9/5 from 2 Amazon shopper reviews.,https://m.media-amazon.com/images/I/71X7QOkNPOL._AC_UL1500_.jpg,169.16
COACH Women's Polished Pebble Leather Crosstown Crossbody SV/True Red 1 Cross Body,Rated 5/5 from 2 Amazon shopper reviews.,https://m.media-amazon.com/images/I/91QDxRW0lDL._AC_UL1500_.jpg,169.00
Coach Women's Mollie Tote (Double face leather - Taffy),Rated 3.7/5 from 6 Amazon shopper reviews.,https://m.media-amazon.com/images/I/51ciooKVvVL._AC_UL1500_.jpg,169.00
Patricia Nash Women's Veneto Crossbody,Rated 4.4/5 from 14 Amazon shopper reviews.,https://m.media-amazon.com/images/I/81huiIkdK3L._AC_UL1500_.jpg,169.00
Patricia Nash | Avellino Leather Crossbody Bag | Women's Crossbody Purse | Leather Crossbody,Rated 4.1/5 from 66 Amazon shopper reviews.,https://m.media-amazon.com/images/I/71n6ZnXJThL._AC_UL1500_.jpg,169.00
MICHAEL KORS Mirella Large Tote Bag with Adjustable Strap,Rated 4/5 from 9 Amazon shopper reviews.,https://m.media-amazon.com/images/I/71SfhcTNavL._AC_UL1500_.jpg,169.00
Kate Spade New York Mini Reiley Laurel Way Satchel Crossbody Bag,Rated 3.9/5 from 13 Amazon shopper reviews.,https://m.media-amazon.com/images/I/71Lih9jKZfL._AC_UL1500_.jpg,168.44
"Dooney & Bourke Wallet, Pebble Grain Continental Clutch Wallet",Rated 4.7/5 from 269 Amazon shopper reviews.,https://m.media-amazon.com/images/I/516xyWKBJ+L._AC_UL1500_.jpg,168.00
"DKNY Women's Multipurpose Fashion Backpack, Black Iconic Graffiti Tilly, One Size",Rated 4.5/5 from 72 Amazon shopper reviews.,https://m.media-amazon.com/images/I/91iUFfZbQiL._AC_SL1500_.jpg,168.00
Kate Spade New York Harlow Pebbled Leather Large Tote (Aphrodite),Rated 5/5 from 1 Amazon shopper reviews.,https://m.media-amazon.com/images/I/31BHLI9bf2L._AC_.jpg,167.93
Michael Kors Gilly Large Jet Set Drawstring Top Zip Tote,Rated 4.7/5 from 715 Amazon shopper reviews.,https://m.media-amazon.com/images/I/71WoiLnc1XS._AC_UL1318_.jpg,167.00
kate spade purse handbag crossbody Shimmy glitter,Rated 4.5/5 from 236 Amazon shopper reviews.,https://m.media-amazon.com/images/I/61hanuvjGJL._AC_UL1001_.jpg,166.99
Kate Spade Bailey Textured Leather Shoulder Bag Purse Handbag,Rated 4.5/5 from 153 Amazon shopper reviews.,https://m.media-amazon.com/images/I/81B6e3cTJhL._AC_UL1500_.jpg,166.00
Kate Spade Bay Street Hanna Cross Body Handbag (Black),Rated 3.3/5 from 2 Amazon shopper reviews.,https://m.media-amazon.com/images/I/61kbZk330jL._AC_UL1080_.jpg,165.00
Kate Spade New York Darcy Bucket Bag Tote Small,Rated 4.4/5 from 20 Amazon shopper reviews.,https://m.media-amazon.com/images/I/51q88g+gLqL._AC_UL1500_.jpg,165.00
Kate Spade New York Patterson Drive Medium Dome Satchel Purse,Rated 4.5/5 from 179 Amazon shopper reviews.,https://m.media-amazon.com/images/I/612qnXUVIhL._AC_UL1200_.jpg,164.97
Michael Kors Women's Nicole Large Shoulder Bag Tote Purse Handbag,Rated 4.7/5 from 675 Amazon shopper reviews.,https://m.media-amazon.com/images/I/81zpXPqz2cL._AC_UL1500_.jpg,164.64
Calvin Klein Rudy Pebble Tote,Rated 5/5 from 3 Amazon shopper reviews.,https://m.media-amazon.com/images/I/811mDk6BHhL._AC_UL1500_.jpg,164.50
COACH Women's Mini Pepper Crossbody,Rated 4.8/5 from 24 Amazon shopper reviews.,https://m.media-amazon.com/images/I/81YRdQz2wyL._AC_UL1500_.jpg,163.96
Coach Women's Mini Court Backpack (Pebble Leather - Pale Lime),Rated 4.6/5 from 53 Amazon shopper reviews.,https://m.media-amazon.com/images/I/71bh2YphrrL._AC_SL1434_.jpg,163.89
"Michael Kors Tote, Brown (Brown)",Rated 4.7/5 from 209 Amazon shopper reviews.,https://m.media-amazon.com/images/I/917OkNa-vDL._AC_UL1500_.jpg,163.62
COACH Womens Zip Top Crossbody,Rated 4.3/5 from 28 Amazon shopper reviews.,https://m.media-amazon.com/images/I/61IuPfH8sAL._AC_UL1160_.jpg,161.00
MICHAEL Michael Kors Voyager East/West Tote Pearl Grey One Size,Rated 4/5 from 15 Amazon shopper reviews.,https://m.media-amazon.com/images/I/91OKUWVPrBL._AC_SL1500_.jpg,160.98
Michael Kors Ciara LG Tote Bag Leather Luggage (35T8GC6T9L),Rated 4.7/5 from 27 Amazon shopper reviews.,https://m.media-amazon.com/images/I/81eIeKTh11L._AC_UL1500_.jpg,160.00
MICHAEL Michael Kors Portia Large East/West Shoulder Black Shoulder Handbags,Rated 4/5 from 6 Amazon shopper reviews.,https://m.media-amazon.com/images/I/91kpmcoN0kL._AC_UL1500_.jpg,160.00
Kate Spade New York Laurel Way Jeweled Satchel,Rated 4.5/5 from 33 Amazon shopper reviews.,https://m.media-amazon.com/images/I/51Robc5w+nL._AC_UL1000_.jpg,159.99
Michael Kors Women's Fulton Double Zip Leather Crossbody Bag,Rated 4.7/5 from 11 Amazon shopper reviews.,https://m.media-amazon.com/images/I/71xswOQtULL._AC_UL1500_.jpg,159.99
Kate Spade New York Sam Canvas Plunge Medium Satchel Blazer Blue One Size,Rated 4.3/5 from 4 Amazon shopper reviews.,https://m.media-amazon.com/images/I/61H9Wq+es-L._AC_UL1001_.jpg,159.99
"Kenneth Cole Reaction Chelsea Women's 2-Piece Bundle Luggage Set - 20"" Chevron Expandable 8-Wheel Carry-On Suitcase & Matching 15"" Laptop Tote Bag, Black",Rated 4.5/5 from 97 Amazon shopper reviews.,https://m.media-amazon.com/images/I/81OF8zi64xL._AC_SL1500_.jpg,159.99
Kate Spade New York Cassy Leather Tote Bag,Rated 4.7/5 from 58 Amazon shopper reviews.,https://m.media-amazon.com/images/I/71mq3S-9uLL._AC_UL1500_.jpg,159.99
Patricia Nash Poppy Tote Tooled Leather Handbag Purse,Rated 4.3/5 from 28 Amazon shopper reviews.,https://m.media-amazon.com/images/I/91OK6fb0jyL._AC_UL1500_.jpg,159.95
Coach Signature Zip Tote Shoulder Handbag,Rated 4.5/5 from 450 Amazon shopper reviews.,https://m.media-amazon.com/images/I/41iQIBMeXaL._AC_UL1000_.jpg,159.93
Kate Spade Women's Laurel Way Boho Floral Large Carsen Shoulder Handbag,Rated 4/5 from 1 Amazon shopper reviews.,https://m.media-amazon.com/images/I/61Zilo2jOhL._AC_UL1125_.jpg,159.00
Vera Bradley Luggage Women's Large Duffel Zebra Duffel Bag,Rated 4.7/5 from 9 Amazon shopper reviews.,https://m.media-amazon.com/images/I/816eOqlV35L._AC_SL1001_.jpg,159.00
Patricia Nash Womens Chania Crossbody,Rated 5/5 from 1 Amazon shopper reviews.,https://m.media-amazon.com/images/I/81Cx3tXab0L._AC_UL1500_.jpg,159.00
Kate Spade New York Lise Mulberry Street Womens Shoulder Bag,Rated 4.8/5 from 392 Amazon shopper reviews.,https://m.media-amazon.com/images/I/71-RqPsfShL._AC_UL1500_.jpg,158.99
Kate Spade New York Staci Satchel Medium,Rated 4.9/5 from 24 Amazon shopper reviews.,https://m.media-amazon.com/images/I/61e0UxXvKkL._AC_UL1500_.jpg,158.98
Marc by Marc Jacobs Natasha Quilted Nylon Crossbody Handbag (Black),Rated 4.6/5 from 39 Amazon shopper reviews.,https://m.media-amazon.com/images/I/81gJPJoZsML._AC_UL1500_.jpg,158.96
Kate Spade Women's Ward Place Ivy Shoulder Small Leather Handbag (Black),Rated 5/5 from 3 Amazon shopper reviews.,https://m.media-amazon.com/images/I/81oFo1b0yjL._AC_UL1500_.jpg,158.00
Kate Spade New York Emerson Place Roses Lenia Plumdawn Shoulder Handbags,Rated 5/5 from 1 Amazon shopper reviews.,https://m.media-amazon.com/images/I/91QABrHy1nL._AC_UL1500_.jpg,158.00
"Vera Bradley Women's Cotton Triple Compartment Travel Bag, Modern Medley with Pink, One Size",Rated 4.7/5 from 49 Amazon shopper reviews.,https://m.media-amazon.com/images/I/91Rrva0sdpL._AC_SL1500_.jpg,158.00
GUESS Womnes Logo Debossed Medium Tote Bag Handbag & Wallet Set - Black,Rated 5/5 from 3 Amazon shopper reviews.,https://m.media-amazon.com/images/I/71nZS-jrr5L._AC_UL1500_.jpg,158.00
Kate Spade New York Chester Street Tinie Pebbled Leather Wristlet Handbag (Black),Rated 4.7/5 from 31 Amazon shopper reviews.,https://m.media-amazon.com/images/I/71L6eNcF1xL._AC_UL1500_.jpg,158.00
"COACH Women's Kacey Satchel Crossbody, Red Apple Multi",Rated 4.2/5 from 15 Amazon shopper reviews.,https://m.media-amazon.com/images/I/41R9iFae-fL._AC_.jpg,156.38
COACH Women's Mollie Tote,Rated 4/5 from 46 Amazon shopper reviews.,https://m.media-amazon.com/images/I/818Q0aYVnpL._AC_UL1500_.jpg,156.20
Michael Michael Kors Jet Set Item East/West Top Zip Tote,Rated 4.7/5 from 768 Amazon shopper reviews.,https://m.media-amazon.com/images/I/91+rvdq32uS._AC_UL1500_.jpg,156.08
KATE SPADE NEW YORK MARTI LARGE BUCKET SHOULDER TOTE BAG GARDEN PINK LEATHER,Rated 4.4/5 from 26 Amazon shopper reviews.,https://m.media-amazon.com/images/I/512pfNox+xS._AC_UL1500_.jpg,155.99
Kate Spade New York Alena Larchmont Avenue Purse (Black),Rated 4.3/5 from 9 Amazon shopper reviews.,https://m.media-amazon.com/images/I/61MLLWum9mL._AC_UL1001_.jpg,155.06
Vera Bradley Women's Cotton Grand Weekender Travel Bag,"Rated 4.9/5 from 1,230 Amazon shopper reviews.",https://m.media-amazon.com/images/I/81wMQMIqgqL._AC_UL1500_.jpg,155.00
Vera Bradley Women's Performance Twill Vera Tote Bag,Rated 4.7/5 from 601 Amazon shopper reviews.,https://m.media-amazon.com/images/I/71ZGMvuaJYL._AC_UL1500_.jpg,155.00
Vera Bradley Women's Performance Twill Oversized Hobo Shoulder Bag,Rated 4.7/5 from 28 Amazon shopper reviews.,https://m.media-amazon.com/images/I/619UZ1pf3iL._AC_UL1500_.jpg,155.00
Michael Michael Kors Avril Small Logo Top-Zip Satchel - Black,Rated 4.3/5 from 103 Amazon shopper reviews.,https://m.media-amazon.com/images/I/61V9fE0UQ8L._AC_UL1174_.jpg,154.98
MICHAEL Michael Kors Nomad Small Convertibe Top Zip Tote,Rated 4.3/5 from 48 Amazon shopper reviews.,https://m.media-amazon.com/images/I/61MXNg-ysdS._AC_UL1400_.jpg,154.80
"Dooney & Bourke Handbag, Pebble Grain Hallie Crossbody",Rated 5/5 from 2 Amazon shopper reviews.,https://m.media-amazon.com/images/I/61hOzGGF-qL._AC_UL1500_.jpg,154.70
Michael Kors Carmen Colorblock Medium Flap Satchel,Rated 4.3/5 from 58 Amazon shopper reviews.,https://m.media-amazon.com/images/I/51e0l5PUW9L._AC_UL1366_.jpg,154.40
Michael Kors Jet Set Travel Deco ZA Continental Wallet Mandarin Navy Clutch,Rated 5/5 from 1 Amazon shopper reviews.,https://m.media-amazon.com/images/I/81STPs6f5QL._AC_UL1500_.jpg,154.00
Kate Spade Leila Pebbled Leather Crossbody Purse,Rated 4.5/5 from 184 Amazon shopper reviews.,https://m.media-amazon.com/images/I/51Lk6ftLHkL._AC_UL1232_.jpg,154.00
Kate Spade York Street Neda Clutch Wallet Stripes,Rated 5/5 from 1 Amazon shopper reviews.,https://m.media-amazon.com/images/I/41y8IIN8kOL._AC_.jpg,154.00
Coach Katy Satchel In Signature Canvas (IM/Brown Black),Rated 4.2/5 from 210 Amazon shopper reviews.,https://m.media-amazon.com/images/I/81LVbIfo5yL._AC_UL1500_.jpg,153.99
Frye Charlie Simple Tote,Rated 4.2/5 from 17 Amazon shopper reviews.,https://m.media-amazon.com/images/I/71FhCaQuA5L._AC_UL1500_.jpg,153.88
COACH Women's Nolita 19 Bag Purse,Rated 4.8/5 from 33 Amazon shopper reviews.,https://m.media-amazon.com/images/I/61h9IQvwATL._AC_UL1500_.jpg,153.00
Fossil Women's Gigi Leather Drawstring Shoulder Bag Purse Handbag,Rated 4.6/5 from 3 Amazon shopper reviews.,https://m.media-amazon.com/images/I/71HOrtIV9wL._AC_UL1500_.jpg,152.68
Kate Spade New York Staci Colorblock Medium Satchel Nimbus Grey Multi,Rated 4.7/5 from 72 Amazon shopper reviews.,https://m.media-amazon.com/images/I/515dH1+MGWL._AC_UL1500_.jpg,151.52
Michael Kors Women's Jet Set Travel Double Zip Wristlet,"Rated 4.7/5 from 5,335 Amazon shopper reviews.",https://m.media-amazon.com/images/I/51iudU3fyCL._AC_UL1500_.jpg,151.29
Kate Spade Payton Colorblock Medium Dome Satchel Leather Crossbody Bag Purse Handbag,Rated 4.6/5 from 62 Amazon shopper reviews.,https://m.media-amazon.com/images/I/41-C7gXwqmS._AC_UL1001_.jpg,151.11
Kate Spade Harper Leather Tote Bag Purse Handbag (Aphrodite),Rated 4.8/5 from 14 Amazon shopper reviews.,https://m.media-amazon.com/images/I/81uknU39uLL._AC_UL1500_.jpg,151.00
Michael Kors Women's Trisha Large Shoulder Bag Tote Purse Handbag,Rated 4.5/5 from 69 Amazon shopper reviews.,https://m.media-amazon.com/images/I/91fYwbOXrBL._AC_UL1500_.jpg,150.67
Kate Spade Darcy Leather Top Handle Satchel Crossbody in Black,Rated 4.3/5 from 29 Amazon shopper reviews.,https://m.media-amazon.com/images/I/51P6einp79L._AC_UL1001_.jpg,150.03
"Vera Bradley Women's Microfiber Campus Backpack, Classic Black, One Size",Rated 4.8/5 from 919 Amazon shopper reviews.,https://m.media-amazon.com/images/I/71HCjQz3TEL._AC_SL1500_.jpg,150.00
Fossil Women's Kinley Small Crossbody Purse Handbag,Rated 4.5/5 from 629 Amazon shopper reviews.,https://m.media-amazon.com/images/I/81YhhWxDASL._AC_UL1500_.jpg,150.00
Karl Lagerfeld Paris Maybelle Tote,Rated 4.6/5 from 212 Amazon shopper reviews.,https://m.media-amazon.com/images/I/81L8UgQbPVL._AC_UL1500_.jpg,150.00
Fossil Women's Harper Leather Wallet Phone Crossbody Bag,Rated 3/5 from 10 Amazon shopper reviews.,https://m.media-amazon.com/images/I/71cAVxcWRUL._AC_UL1500_.jpg,150.00
COACH Women's Ombre Rivets Small Wristlet Sv/Chalk One Size,Rated 5/5 from 1 Amazon shopper reviews.,https://m.media-amazon.com/images/I/91YvQtuLHCL._AC_UL1500_.jpg,150.00
"Vera Bradley Women's Cotton Large Travel Backpack Travel Bag, Sunlit Garden Sage - Recycled Cotton, One Size",Rated 4.9/5 from 32 Amazon shopper reviews.,https://m.media-amazon.com/images/I/81dMkPUEsFL._AC_SL1500_.jpg,150.00
Vera Bradley Women's Cotton Deluxe Tote Travel Bag,Rated 4.8/5 from 266 Amazon shopper reviews.,https://m.media-amazon.com/images/I/81t9OI4fp4L._AC_UL1500_.jpg,150.00
NINE WEST New Logo Purse Hand Bag Crossbody & Zip Wallet 2 Piece Set Pink Floral,Rated 5/5 from 1 Amazon shopper reviews.,https://m.media-amazon.com/images/I/811SYxMXVGL._AC_UL1500_.jpg,149.99
Coach Women's Kacey Satchel Crossbody (IM/Khaki/Multi),Rated 4.4/5 from 52 Amazon shopper reviews.,https://m.media-amazon.com/images/I/61bgytiIv2L._AC_UL1000_.jpg,149.99
New Nine West Logo Purse Handbag Crossbody & Wristlet 2 Piece Set Black Flower,Rated 5/5 from 1 Amazon shopper reviews.,https://m.media-amazon.com/images/I/71N0+pQAs6L._AC_UL1500_.jpg,149.99
Vince Camuto Maxi Tote,Rated 3.7/5 from 11 Amazon shopper reviews.,https://m.media-amazon.com/images/I/71sIjbQz13L._AC_UL1500_.jpg,149.99
Michael Kors Teagen Large Long Drop Satchel,Rated 4.5/5 from 243 Amazon shopper reviews.,https://m.media-amazon.com/images/I/61gbLtrpOLL._AC_UL1500_.jpg,149.99
Vera Bradley Luggage Women's Grand Traveler Sierra Duffel Bag,Rated 4.5/5 from 3 Amazon shopper reviews.,https://m.media-amazon.com/images/I/910y0O5VCCL._AC_UL1500_.jpg,149.99
Steve Madden Designer 15 Inch Carry on Suitcase- Small Weekender Overnight Business Travel Luggage- Lightweight 2- Rolling Spinner Wheels Under Seat Bag for Women (Peek-A-Boo Purple),Rated 4.4/5 from 768 Amazon shopper reviews.,https://m.media-amazon.com/images/I/61S0zPh6xML._AC_SL1000_.jpg,149.99
Michael Kors Women's Jet Set Travel - Clutch Crossbody,Rated 4.7/5 from 665 Amazon shopper reviews.,https://m.media-amazon.com/images/I/41VyjRj6nCL._AC_.jpg,149.98
MICHAEL Michael Kors Women's Bedford Large Pocket Tote Baltic Blue,Rated 5/5 from 2 Amazon shopper reviews.,https://m.media-amazon.com/images/I/61DIH19MrIL._AC_UL1024_.jpg,149.95
Kate Spade New York Staci Small Saffiano Leather Satchel Bag,Rated 5/5 from 8 Amazon shopper reviews.,https://m.media-amazon.com/images/I/81YFYMSkmdL._AC_UL1500_.jpg,149.95
"UGG womens Inara Sherpa Backpack, Natural, One Size US",Rated 4.6/5 from 16 Amazon shopper reviews.,https://m.media-amazon.com/images/I/81YPsAOLE1L._AC_SL1500_.jpg,149.95
COACH Women's City Tote in Signature Canvas (Printed Coated Canvas - Brown Dark Magenta),Rated 3.8/5 from 4 Amazon shopper reviews.,https://m.media-amazon.com/images/I/61xJupKKkzL._AC_UL1358_.jpg,149.85
COACH Womens Rowan File Bag In Signature Canvas (SV/Graphite/Black),Rated 4.4/5 from 94 Amazon shopper reviews.,https://m.media-amazon.com/images/I/91ojuLUrVhL._AC_UL1500_.jpg,149.23
Michael Kors XS Carry All Jet Set Travel Womens Tote,"Rated 4.4/5 from 1,693 Amazon shopper reviews.",https://m.media-amazon.com/images/I/31XWo4-MfUL._AC_.jpg,149.00
Fossil Lane Satchel Handbag,Rated 3.6/5 from 28 Amazon shopper reviews.,https://m.media-amazon.com/images/I/A1krwL8BDbL._AC_UL1500_.jpg,149.00
Michael Kors MERCER MEDIUM MESSENGER CROSSBODY SATCHEL POWDER BLUSH MULTI,Rated 4.4/5 from 196 Amazon shopper reviews.,https://m.media-amazon.com/images/I/61lMXyseVhS._SL1500_.jpg,148.97
Coach Mini Mollie Tote 25 Crossbody Bag (Faded Blush),Rated 4/5 from 14 Amazon shopper reviews.,https://m.media-amazon.com/images/I/71i872mZWJL._AC_UL1500_.jpg,148.93
Patricia Nash English Garden Floral Map Poppy Tote,Rated 3.6/5 from 4 Amazon shopper reviews.,https://m.media-amazon.com/images/I/711xT02VRDS._AC_UL1500_.jpg,148.00
Tommy Hilfiger Jaden Plus Tote,Rated 4.7/5 from 858 Amazon shopper reviews.,https://m.media-amazon.com/images/I/81rkILAyJqL._AC_UL1500_.jpg,148.00
Lacoste Anna Vertical Shopping Tote Bag,Rated 4.6/5 from 192 Amazon shopper reviews.,https://m.media-amazon.com/images/I/91vZEz-4fjL._AC_UL1500_.jpg,148.00
Coach Signature Leather Trifold ID Wallet Clutch - #F79868,Rated 4.5/5 from 30 Amazon shopper reviews.,https://m.media-amazon.com/images/I/41oI6EmBjvL._AC_UL1000_.jpg,148.00
Michael Kors Women's Natalie Medium Chain Messenger Bag,Rated 5/5 from 3 Amazon shopper reviews.,https://m.media-amazon.com/images/I/71JmpzY6NTL._AC_UL1500_.jpg,148.00
Kate Spade New York Grove Street Millie Leather Shoulder Handbag Purse (Black/Cement),Rated 4.2/5 from 23 Amazon shopper reviews.,https://m.media-amazon.com/images/I/61Af0h8oc0L._AC_UL1080_.jpg,147.83
"Karl Lagerfeld Paris womens Lucien SATCHEL, Blk/Gold, One Size US",Rated 4/5 from 18 Amazon shopper reviews.,https://m.media-amazon.com/images/I/911cmrQMWkL._AC_UL1500_.jpg,147.19
"HOBO Darcy Sleek Crossbody Handbag For Women - Top Zipper Closure With Tassel Detail and Patterned Interior, Chic and Stylish Handbag Glam One Size One Size",Rated 2.9/5 from 4 Amazon shopper reviews.,https://m.media-amazon.com/images/I/91PSzYxhHvL._AC_UL1500_.jpg,146.71
Coach Women's Mini Dempsey Camera Bag (Tiger Print - Honey - Black Multi),Rated 3.4/5 from 7 Amazon shopper reviews.,https://m.media-amazon.com/images/I/61pBKwCRgtL._AC_UL1008_.jpg,146.43
Michael Kors Gilly Large Drawstring Zip Tote Bag Powder Blush,Rated 4.3/5 from 28 Amazon shopper reviews.,https://m.media-amazon.com/images/I/51LlJPMBxfL._AC_UL1500_.jpg,145.97
Kate Spade New York Women's Angelea Arbour Hill Shoulder Bag,Rated 5/5 from 1 Amazon shopper reviews.,https://m.media-amazon.com/images/I/71xJ49UchuL._AC_UL1500_.jpg,145.86
Kate Spade New York Mel Packable Nylon Tote,Rated 4.2/5 from 12 Amazon shopper reviews.,https://m.media-amazon.com/images/I/3106CWHxDeL._AC_.jpg,145.84
Michael Kors Women's Avril Top Zip Leather MK Signature Satchel Bag,Rated 4.2/5 from 19 Amazon shopper reviews.,https://m.media-amazon.com/images/I/8117TmKg52L._AC_UL1500_.jpg,144.99
Calvin Klein Hailey Signature Top Zip Chain Tote,Rated 4.6/5 from 58 Amazon shopper reviews.,https://m.media-amazon.com/images/I/61jvbZUINPL._AC_UL1024_.jpg,144.99
Coach Womens Georgie Shoulder Bag (Colorblock - Rivets - Graphite - Black),Rated 4.7/5 from 39 Amazon shopper reviews.,https://m.media-amazon.com/images/I/61MHe2LV6AL._AC_UL1500_.jpg,144.92
Calvin Klein Iris Hermine Leather Top Handle Satchel,Rated 4.6/5 from 19 Amazon shopper reviews.,https://m.media-amazon.com/images/I/91ePgmB+0PL._AC_UL1500_.jpg,144.82
Calvin Klein Elaine Bubble Lamb Novelty Triple Compartment Tote,Rated 4.4/5 from 126 Amazon shopper reviews.,https://m.media-amazon.com/images/I/81GVopP3hjL._AC_UL1500_.jpg,144.00
"Patricia Nash, Adeline Tote, Burnished Cutout Tooled",Rated 4.1/5 from 59 Amazon shopper reviews.,https://m.media-amazon.com/images/I/813GonHbEAL._AC_UL1500_.jpg,143.98
PATRICIA NASH WOMEN'S TOOLED COLLECTION GRACCHI SATCHEL FLORENCE LEATHER HANDBAG PURSE,Rated 4.1/5 from 25 Amazon shopper reviews.,https://m.media-amazon.com/images/I/91pDSPgPKML._AC_UL1500_.jpg,143.89
"GUESS Noelle Elite Tote, Black",Rated 4.5/5 from 164 Amazon shopper reviews.,https://m.media-amazon.com/images/I/618U0yvjtYL._AC_UL1200_.jpg,143.64
KATE SPADE Double Compartment Shoulder Women's Jackson Leather Handbag,Rated 3.9/5 from 24 Amazon shopper reviews.,https://m.media-amazon.com/images/I/71xtoHgvtsL._AC_UL1053_.jpg,142.99
Fossil Satchel,Rated 4.2/5 from 224 Amazon shopper reviews.,https://m.media-amazon.com/images/I/910tM69ShNL._AC_UL1500_.jpg,142.30
GUESS Enisa High Society Satchel,Rated 3/5 from 6 Amazon shopper reviews.,https://m.media-amazon.com/images/I/71eRE-cDkKL._AC_UL1500_.jpg,142.20
COACH Women's Gallery Tote in Crossgrain Leather,Rated 4.6/5 from 47 Amazon shopper reviews.,https://m.media-amazon.com/images/I/61pKrnVuxCL._AC_UL1460_.jpg,142.00
kate spade new york Cedar Street Monday Cross-Body Handbag,Rated 3.7/5 from 72 Amazon shopper reviews.,https://m.media-amazon.com/images/I/A1EQbGyzrbL._AC_UL1500_.jpg,142.00
"Dooney & Bourke Handbag, Pebble Grain Ginger Crossbody",Rated 4.5/5 from 238 Amazon shopper reviews.,https://m.media-amazon.com/images/I/71uU2kKAiTL._AC_UL1500_.jpg,141.82
"HOBO Lauren Clutch Wallet - Soft Leather Construction with Kiss Lock Closure, Interior Zipper Pocket, and Card Slots",Rated 4.6/5 from 953 Amazon shopper reviews.,https://m.media-amazon.com/images/I/71OiHFXSCFL._AC_UL1500_.jpg,140.00
"HOBO Rachel Clutch Wallet for Women - Soft Leather Construction with Magnetic Lock Closure, Zipper Pocket, Gorgeous and Stylish",Rated 4.7/5 from 321 Amazon shopper reviews.,https://m.media-amazon.com/images/I/71HK49L+f9S._AC_UL1500_.jpg,140.00
Vera Bradley Women's Microfiber Vera Tote Bag,Rated 4.8/5 from 357 Amazon shopper reviews.,https://m.media-amazon.com/images/I/81XSlpSn67S._AC_UL1500_.jpg,140.00
COACH Legacy Jacquard Prairie Satchel,Rated 4.6/5 from 31 Amazon shopper reviews.,https://m.media-amazon.com/images/I/712zMvb27nL._AC_UL1500_.jpg,139.99
"Vera Bradley Women's Lighten Up Journey Backpack, Foxwood Meadow, One Size",Rated 4.7/5 from 205 Amazon shopper reviews.,https://m.media-amazon.com/images/I/81JKdPhVxsL._AC_SL1500_.jpg,139.87
COACH Womens Rowan File Bag In Signature Canvas,Rated 4.6/5 from 880 Amazon shopper reviews.,https://m.media-amazon.com/images/I/71lWpyVm2-L._AC_UL1500_.jpg,139.76
Patricia Nash | Torri Crossbody Bag | Leather Crossbody Purse | Genuine Leather Handbag for Women,Rated 4.2/5 from 107 Amazon shopper reviews.,https://m.media-amazon.com/images/I/91S2fJGYFUL._AC_UL1500_.jpg,139.16
Michael Kors Womens Desi Leather Metallic Clutch Wallet White O/S,Rated 5/5 from 1 Amazon shopper reviews.,https://m.media-amazon.com/images/I/71gayGAcALL._AC_UL1500_.jpg,139.00
Vera Bradley Women's Vera Coastal Blue Handbag,Rated 5/5 from 2 Amazon shopper reviews.,https://m.media-amazon.com/images/I/61HZO92Z36L._AC_UL1035_.jpg,139.00
KATE SPADE LEILA LARGE FLAP BACKPACK TOTE BAG BLACK PEBBLED LEATHER,Rated 4.3/5 from 46 Amazon shopper reviews.,https://m.media-amazon.com/images/I/61Nv911tQdL._AC_SL1500_.jpg,139.00
Fossil Tote,Rated 4.4/5 from 64 Amazon shopper reviews.,https://m.media-amazon.com/images/I/81tVG0p450L._AC_UL1500_.jpg,138.95
Betsey Johnson Gigi Satchel Black/White One Size,Rated 4/5 from 14 Amazon shopper reviews.,https://m.media-amazon.com/images/I/71ZcEiylPfL._AC_UL1500_.jpg,138.00
Michael Kors Avril Small Leather Top Zip Satchel Crossbody Brown MK Army Green,Rated 4.1/5 from 58 Amazon shopper reviews.,https://m.media-amazon.com/images/I/91paMqEMxfL._AC_UL1500_.jpg,138.00
Vince Camuto Orla Tote,Rated 4.4/5 from 112 Amazon shopper reviews.,https://m.media-amazon.com/images/I/91bLm8ORcZL._AC_UL1500_.jpg,138.00
"HOBO Lana Shoulder Bag For Women - Snap Top Closure With Interior Pockets and Polyester Lining, Gorgeous and Practical Bag",Rated 3.6/5 from 61 Amazon shopper reviews.,https://m.media-amazon.com/images/I/71T-upG42yS._AC_UL1500_.jpg,138.00
COACH Anna Foldover Clutch Crossbody,Rated 4.6/5 from 395 Amazon shopper reviews.,https://m.media-amazon.com/images/I/81jWNfoy9YL._AC_UL1500_.jpg,137.80
Kate Spade Weston Leather Shoulder Crossbody Bag Purse Handbag,Rated 4.7/5 from 27 Amazon shopper reviews.,https://m.media-amazon.com/images/I/718pCicITjL._AC_UL1500_.jpg,137.78
Michael Kors Brooke Medium Bucket Messenger Shoulder Handbag Light Cream Leather,Rated 3.8/5 from 5 Amazon shopper reviews.,https://m.media-amazon.com/images/I/31nvR6M69jL._AC_.jpg,137.77
Michael Kors Jet Set Travel Large Logo Tote Bag,Rated 4.7/5 from 104 Amazon shopper reviews.,https://m.media-amazon.com/images/I/51bC7nJcO6L._AC_UL1500_.jpg,137.45
Kate Spade Marti Women's Shoulder Large Bucket Handbag (Watermelon),Rated 3.6/5 from 8 Amazon shopper reviews.,https://m.media-amazon.com/images/I/81beAF0m+EL._AC_UL1500_.jpg,136.96
"Dooney & Bourke Handbag, Pebble Grain Large Shopper Tote",Rated 4.3/5 from 19 Amazon shopper reviews.,https://m.media-amazon.com/images/I/71KnpkYmQDL._AC_UL1500_.jpg,136.25
Fossil Women's Sydney Satchel Purse Handbag,Rated 4.4/5 from 414 Amazon shopper reviews.,https://m.media-amazon.com/images/I/81PPqYdbOFS._AC_UL1500_.jpg,135.86
Coach Katy Satchel In Signature Canvas,Rated 4.3/5 from 455 Amazon shopper reviews.,https://m.media-amazon.com/images/I/91mQ96rDSZL._AC_UL1500_.jpg,135.62
Karl Lagerfeld Paris Karolina Bag – Women’s Tote Handbags with Timeless Chain Detail,Rated 4.5/5 from 73 Amazon shopper reviews.,https://m.media-amazon.com/images/I/81s3xph7dkL._AC_UL1500_.jpg,134.79
Fossil Women's Camilla Leather Convertible Backpack Purse Handbag,Rated 4.5/5 from 371 Amazon shopper reviews.,https://m.media-amazon.com/images/I/914E-d5MokL._AC_UL1500_.jpg,134.51
Michael Kors Jet Set Medium Front Pocket Chain Top Zip Tote Jewel Green,Rated 4.7/5 from 7 Amazon shopper reviews.,https://m.media-amazon.com/images/I/711XUokn6wL._AC_UL1500_.jpg,134.00
"MICHAEL Michael Kors Barbara Medium Soft Envelope Clutch, Tile Blue",Rated 4.5/5 from 3 Amazon shopper reviews.,https://m.media-amazon.com/images/I/51-nRi52AbL._AC_.jpg,134.00
Kate Spade Leila Medium Triple Compartment Satchel Crossbody Bag Purse Handbag,Rated 4.7/5 from 990 Amazon shopper reviews.,https://m.media-amazon.com/images/I/51ZC8wgdhaL._AC_UL1001_.jpg,133.94
Michael Kors Emilia Small Triple Compartment Satchel Crossbody MK Logo,Rated 4.8/5 from 101 Amazon shopper reviews.,https://m.media-amazon.com/images/I/51WYC3+ZGIL._AC_UL1059_.jpg,133.25
Vera Bradley Women's Microfiber Grand Weekender Travel Bag,Rated 4.6/5 from 132 Amazon shopper reviews.,https://m.media-amazon.com/images/I/71jk9FEQwYL._AC_UL1500_.jpg,133.00
Vera Bradley Women's Performance Twill Grand Weekender Travel Bag,Rated 4.8/5 from 100 Amazon shopper reviews.,https://m.media-amazon.com/images/I/816PFJ9bGnL._AC_UL1500_.jpg,132.83
"Kate Spade Jackson Tropical Toss Top Zip Crossbody Leather Crossbody Bag Purse Handbag, PINK MULTI",Rated 5/5 from 3 Amazon shopper reviews.,https://m.media-amazon.com/images/I/71OvPquikwL._AC_UL1500_.jpg,132.00
Fossil Women's Carlie Leather Satchel Purse Handbag,Rated 4.5/5 from 44 Amazon shopper reviews.,https://m.media-amazon.com/images/I/71wXPLkSN3L._AC_UL1500_.jpg,131.98
Kate Spade Staci Wrapping Paper Print Medium Satchel Black multi,Rated 4.2/5 from 9 Amazon shopper reviews.,https://m.media-amazon.com/images/I/71TC+YsqnmL._AC_UL1448_.jpg,131.00
Kate Spade X Disney New York Minnie Mouse Tote Bag Large,Rated 4.7/5 from 13 Amazon shopper reviews.,https://m.media-amazon.com/images/I/71S-c5I7ZgL._AC_UL1500_.jpg,131.00
Calvin Klein Hadley Triple Compartment Satchel,Rated 4.6/5 from 11 Amazon shopper reviews.,https://m.media-amazon.com/images/I/71aYAmK0LfL._AC_UL1500_.jpg,130.20
kate spade new york Hawthorne Lane Ryan Tote,Rated 4.4/5 from 128 Amazon shopper reviews.,https://m.media-amazon.com/images/I/918WLyb5KiL._AC_UL1500_.jpg,129.99
Kate Spade Grove Street Carli Leather Crossbody Bag Purse Satchel Shoulder Bag,Rated 4.6/5 from 12 Amazon shopper reviews.,https://m.media-amazon.com/images/I/81cJ2K34jtS._AC_UL1500_.jpg,129.99
Jet Set Travel Extra-Small Logo Embossed Pebbled Leather Tote,Rated 4/5 from 18 Amazon shopper reviews.,https://m.media-amazon.com/images/I/31vX4Vg6mOL._AC_.jpg,129.98
Michael Kors Jet Set Item Large Pocket MF Tote (Dark Camel/Pale Gold),Rated 3/5 from 1 Amazon shopper reviews.,https://m.media-amazon.com/images/I/71C2HwsQTXL._AC_UL1500_.jpg,129.88
Kate Spade Cara Large Top Zip Tote Wrapping Paper Stripe Pink Black Multi,Rated 3/5 from 3 Amazon shopper reviews.,https://m.media-amazon.com/images/I/71ClT2eZB-L._AC_UL1500_.jpg,129.78
Michael Kors Avril Small Top Zip Satchel Shoulder Crossbody Leather Bag In Pale Gold,Rated 4.4/5 from 23 Amazon shopper reviews.,https://m.media-amazon.com/images/I/81dSMblDHFL._AC_UL1500_.jpg,129.69
"Coach Gallery Tote Leather Midnight 79608, Medium",Rated 4.5/5 from 49 Amazon shopper reviews.,https://m.media-amazon.com/images/I/61kx6veVq9L._AC_UL1200_.jpg,129.00
Vera Bradley Crossroads - Tote Sweet in Hello Dahlia!,Rated 5/5 from 1 Amazon shopper reviews.,https://m.media-amazon.com/images/I/81vCb2duaxL._AC_SL1500_.jpg,129.00
Calvin Klein Becky Turn Lock Satchel,Rated 4/5 from 6 Amazon shopper reviews.,https://m.media-amazon.com/images/I/818YuYhgpLL._AC_UL1500_.jpg,128.74
Kate Spade New York Flash Glitter Tote,Rated 5/5 from 2 Amazon shopper reviews.,https://m.media-amazon.com/images/I/41B3TThGtpL._AC_UL1500_.jpg,128.05
Rebecca Minkoff Ruched Clutch for Women - Quality Leather Purses for Women,Rated 4.7/5 from 60 Amazon shopper reviews.,https://m.media-amazon.com/images/I/71qve76JcNL._AC_UL1500_.jpg,128.00
Betsey Johnson Gigi Purple Pastel Rainbow Printed Textured Faux Leather Triple Compartment Satchel with Scarf Shoulder Bag,Rated 4.7/5 from 22 Amazon shopper reviews.,https://m.media-amazon.com/images/I/71i8ptVhV4L._AC_UL1500_.jpg,128.00
GUESS Vikky Classic Logo Large Tote,Rated 4.6/5 from 573 Amazon shopper reviews.,https://m.media-amazon.com/images/I/91griEGLLhL._AC_UL1500_.jpg,127.38
Kate Spade New York Women's Minni Alisanne Laureal Way Crossbody Bag,Rated 5/5 from 1 Amazon shopper reviews.,https://m.media-amazon.com/images/I/81-gyYQ6hmL._AC_UL1500_.jpg,127.00
Calvin Klein Camille Organizational Daytona Tote,Rated 4.7/5 from 44 Amazon shopper reviews.,https://m.media-amazon.com/images/I/810If2Ry2bS._AC_UL1500_.jpg,126.98
Kate Spade New York Darcy Small Satchel (Black),Rated 4.5/5 from 193 Amazon shopper reviews.,https://m.media-amazon.com/images/I/51-qkJj0RGS._AC_UL1001_.jpg,126.95
Michael Kors Jodie Large Logo Jacquard Tote Bag,Rated 3.6/5 from 10 Amazon shopper reviews.,https://m.media-amazon.com/images/I/71H3EFWukGL._AC_UL1481_.jpg,126.74
MICHAEL Michael Kors Whitney Large Satchel,Rated 5/5 from 2 Amazon shopper reviews.,https://m.media-amazon.com/images/I/71Ky67AWQSL._AC_UL1500_.jpg,125.99
Kate Spade New York Briar Lane Quilted Kendall Womens Leather Crossbody Bag (BLACK),Rated 3/5 from 1 Amazon shopper reviews.,https://m.media-amazon.com/images/I/81MbYwUTmIL._AC_UL1500_.jpg,125.00
Vera Bradley Women's Cotton Collegiate Large Travel Duffle Bag (Multiple Teams Available),Rated 4.9/5 from 297 Amazon shopper reviews.,https://m.media-amazon.com/images/I/81R-Td7xfeL._AC_UL1500_.jpg,125.00
Calvin Klein womens Lina Nylon North/South Tote,Rated 4.4/5 from 59 Amazon shopper reviews.,https://m.media-amazon.com/images/I/711ASmpkA6S._AC_UL1500_.jpg,125.00
Michael Kors Gilly Large Drawstring Travel Tote Shoulder Bag Luggage,Rated 4.6/5 from 37 Amazon shopper reviews.,https://m.media-amazon.com/images/I/91SHCS9GC-L._AC_UL1500_.jpg,125.00
Coach Rowan Satchel (Crossgrain Leather - Twilight),Rated 4.2/5 from 17 Amazon shopper reviews.,https://m.media-amazon.com/images/I/81UnljyN8zL._AC_UL1500_.jpg,124.99
Vince Camuto Cyra Tote,Rated 3.5/5 from 11 Amazon shopper reviews.,https://m.media-amazon.com/images/I/81rtbJKaOaL._AC_UL1500_.jpg,124.99
COACH Women's Nolita 19 Bag Purse (Signature Canvas - Miami Red),Rated 4.3/5 from 18 Amazon shopper reviews.,https://m.media-amazon.com/images/I/81fLm+7ahNL._AC_UL1500_.jpg,124.80
Hobo Women's Eden VN-22501BLK Clutch,Rated 5/5 from 5 Amazon shopper reviews.,https://m.media-amazon.com/images/I/91IURzfkZML._AC_UL1500_.jpg,124.00
Tommy Hilfiger Julia Tote Bag,Rated 4.6/5 from 289 Amazon shopper reviews.,https://m.media-amazon.com/images/I/7186ceXUAKL._AC_UL1500_.jpg,123.98
Michael Kors Charlotte Large Top Zip Tote,"Rated 4.7/5 from 5,097 Amazon shopper reviews.",https://m.media-amazon.com/images/I/61TW38kqaNL._AC_UL1500_.jpg,123.97
"HOBO Robin Small Clutch Wallet For Women - Sleek and Stylish Polished Leather Construction With Hidden Magnetic Closure, Chic and Trendy Wallet Merlot 1 One Size One Size",Rated 5/5 from 4 Amazon shopper reviews.,https://m.media-amazon.com/images/I/71xdDOT6HAL._AC_SL1500_.jpg,122.92
COACH Womens Large Corner Zip Wristlet In Signature Canvas,Rated 4.7/5 from 97 Amazon shopper reviews.,https://m.media-amazon.com/images/I/61UJC9ZjdrL._AC_UL1000_.jpg,122.00
Fossil Women's Sydney Tote Purse Handbag,Rated 4.5/5 from 224 Amazon shopper reviews.,https://m.media-amazon.com/images/I/81hNczHe5HL._AC_UL1500_.jpg,121.00
Kate spade bag (tote bag) WKR00517 Blue Multi Jay Fleurette Toss Nylon Large Tote Ladies,Rated 5/5 from 1 Amazon shopper reviews.,https://m.media-amazon.com/images/I/71hexbwWI7S._AC_UL1200_.jpg,120.00
Vera Bradley Women's Cotton Oversized Hobo Shoulder Bag,Rated 4.8/5 from 29 Amazon shopper reviews.,https://m.media-amazon.com/images/I/81rtTUOnvlL._AC_UL1500_.jpg,120.00
Calvin Klein Clara Textured Embossed Logo Satchel Brown/Khaki/Caramel One Size,Rated 4/5 from 1 Amazon shopper reviews.,https://m.media-amazon.com/images/I/814VcMRHCML._AC_UL1500_.jpg,119.99
Calvin Klein Larissa Pebble Leather North/South Tote,Rated 4.2/5 from 14 Amazon shopper reviews.,https://m.media-amazon.com/images/I/81rmzAwXaCL._AC_UL1500_.jpg,119.99
GUESS Shawna Small Cali Satchel,Rated 4.2/5 from 186 Amazon shopper reviews.,https://m.media-amazon.com/images/I/714c6aM81QL._AC_UL1500_.jpg,119.95
Calvin Klein Havana Novelty Organizational Tote,Rated 4.2/5 from 17 Amazon shopper reviews.,https://m.media-amazon.com/images/I/81P6FHGSufL._AC_UL1500_.jpg,119.91
Kate Spade Monica Pebbled Leather Crossbody Bag Purse Handbag,Rated 4.5/5 from 194 Amazon shopper reviews.,https://m.media-amazon.com/images/I/61cHWU4Ha0L._AC_UL1001_.jpg,119.84
"HOBO Sheila Small Satchel HandBag For Women - Vintage Hide Leather Construction With Removable Shoulder Strap, Chic and Stylish Purse",Rated 4.2/5 from 16 Amazon shopper reviews.,https://m.media-amazon.com/images/I/71e5wpg7bAL._AC_UL1500_.jpg,119.04
Michael Kors Bedford Large Zip Clutch Black Leather Embossed Clutch Gold Hardware,Rated 4/5 from 1 Amazon shopper reviews.,https://m.media-amazon.com/images/I/81uS9-dSCQL._AC_UL1500_.jpg,119.00
Vera Bradley Women's Microfiber XL Campus Backpack,Rated 4.8/5 from 436 Amazon shopper reviews.,https://m.media-amazon.com/images/I/71lNKLxjCcL._AC_UL1500_.jpg,119.00
Michael Kors Jet Set Medium Crossbody Leather Handbag (Marigold),Rated 4.6/5 from 22 Amazon shopper reviews.,https://m.media-amazon.com/images/I/81tpo7WYSCL._AC_UL1500_.jpg,119.00
Fossil Women's Liza Eco Leather Camera Bag Crossbody Purse Handbag,Rated 4.7/5 from 28 Amazon shopper reviews.,https://m.media-amazon.com/images/I/71XsS5fMj3L._AC_UL1500_.jpg,119.00
Marc Jacobs M0016679 Black/Gold Hardware Women's Quilted Nylon Mini Backpack,Rated 4.6/5 from 15 Amazon shopper reviews.,https://m.media-amazon.com/images/I/618938CQ3GS._AC_SL1500_.jpg,119.00
Calvin Klein Becky Triple Compartment Tote,Rated 4.3/5 from 5 Amazon shopper reviews.,https://m.media-amazon.com/images/I/81ASJ9w3vyL._AC_UL1500_.jpg,118.80
Michael Kors Jet Set Travel Large Chain Shoulder Tote Black MK Signature,Rated 4.6/5 from 111 Amazon shopper reviews.,https://m.media-amazon.com/images/I/61vs6XdseIL._AC_UL1244_.jpg,118.70
Tommy Hilfiger Crewe Tote Red/Multi One Size,Rated 4.6/5 from 5 Amazon shopper reviews.,https://m.media-amazon.com/images/I/816+CCuPAqL._AC_UL1500_.jpg,118.00
HOBO Vintage Daria Convertible Cross-Body Handbag,Rated 4.1/5 from 127 Amazon shopper reviews.,https://m.media-amazon.com/images/I/91dwmYSuCuL._AC_UL1500_.jpg,118.00
Tommy Hilfiger Women's Julia Backpack,Rated 4.6/5 from 167 Amazon shopper reviews.,https://m.media-amazon.com/images/I/91X4oPB3IhL._AC_SL1500_.jpg,118.00
Vera Bradley Cotton Hadley Tote Bag,Rated 4.6/5 from 183 Amazon shopper reviews.,https://m.media-amazon.com/images/I/91xovoSgjHL._AC_UL1500_.jpg,118.00
Betsey Johnson XO Chloe Snake Satchel,Rated 4.5/5 from 19 Amazon shopper reviews.,https://m.media-amazon.com/images/I/710HN0-jj6L._AC_UL1500_.jpg,118.00
Kate Spade New York Brynn Tote,Rated 4.9/5 from 30 Amazon shopper reviews.,https://m.media-amazon.com/images/I/51r13Z8oV-L._AC_UL1001_.jpg,118.00
Kate Spade New York Tinsel Glitter Fabric Satchel Crossbody Purse,Rated 4.4/5 from 89 Amazon shopper reviews.,https://m.media-amazon.com/images/I/71btI9u0H+L._AC_UL1253_.jpg,118.00
Calvin Klein Gabrianna Novelty Slim Side Zip Tote,Rated 4.6/5 from 107 Amazon shopper reviews.,https://m.media-amazon.com/images/I/81njf6FKUdL._AC_UL1500_.jpg,117.55
Vince Camuto Lenka Tote,Rated 4.3/5 from 8 Amazon shopper reviews.,https://m.media-amazon.com/images/I/81LUOQe+DvL._AC_UL1500_.jpg,117.00
Karl Lagerfeld Paris Maybelle Novelty Purse – Women’s Crossbody Handbags with Iconic Karl Flair,Rated 5/5 from 18 Amazon shopper reviews.,https://m.media-amazon.com/images/I/91J1ojol35L._AC_UL1500_.jpg,116.31
"Dooney & Bourke Handbag, Pebble Grain Camera Zip Crossbody",Rated 4.5/5 from 17 Amazon shopper reviews.,https://m.media-amazon.com/images/I/71tXNIHZLFL._AC_UL1500_.jpg,115.70
Kate Spade Sadie North South Crossbody Purse,Rated 4.6/5 from 29 Amazon shopper reviews.,https://m.media-amazon.com/images/I/91EXGbzoMeL._AC_UL1500_.jpg,115.01
Kate Spade New York Cara Large Tote Shoulder Bag (Candied Cherry),Rated 5/5 from 8 Amazon shopper reviews.,https://m.media-amazon.com/images/I/81Imd83iC9L._AC_UL1500_.jpg,115.00
Vera Bradley Women's Cotton Glenna Satchel Purse,"Rated 4.7/5 from 3,887 Amazon shopper reviews.",https://m.media-amazon.com/images/I/81tV4Fdc-LL._AC_UL1500_.jpg,115.00
Vera Bradley Performance Twill Small Multi-Strap Tote Bag,Rated 4.6/5 from 54 Amazon shopper reviews.,https://m.media-amazon.com/images/I/81Daf6QPG8L._AC_UL1500_.jpg,115.00
"ALDO Women's Tripwald Duffle Bag, Black",Rated 4.4/5 from 16 Amazon shopper reviews.,https://m.media-amazon.com/images/I/81n2PonB4xL._AC_UL1500_.jpg,115.00
Vince Camuto Moyra Tote,Rated 3.7/5 from 17 Amazon shopper reviews.,https://m.media-amazon.com/images/I/61k5xRDF4jL._AC_UL1500_.jpg,114.99
Coach Women's Kacey Satchel Crossbody (IM/Brown/Black),Rated 4.3/5 from 27 Amazon shopper reviews.,https://m.media-amazon.com/images/I/51j1DvdhfTL._AC_UL1000_.jpg,114.75
Vince Camuto Chlor Hobo Bag,Rated 2.7/5 from 3 Amazon shopper reviews.,https://m.media-amazon.com/images/I/5130Ktf-YJL._AC_UL1250_.jpg,113.99
Calvin Klein Ember Organizational Tote,Rated 4.5/5 from 6 Amazon shopper reviews.,https://m.media-amazon.com/images/I/71ukzbhdOeL._AC_UL1500_.jpg,112.80
Vera Bradley Women's Microfiber Weekender Travel Bag,Rated 4.7/5 from 369 Amazon shopper reviews.,https://m.media-amazon.com/images/I/71WESxzomJL._AC_UL1500_.jpg,112.00
Vera Bradley Women's Performance Twill Small Backpack Bookbag,Rated 4.7/5 from 545 Amazon shopper reviews.,https://m.media-amazon.com/images/I/91alCY3bvDL._AC_UL1500_.jpg,110.00
Vera Bradley Recycled Lighten Up Reactive Tote Bag,Rated 4.6/5 from 357 Amazon shopper reviews.,https://m.media-amazon.com/images/I/71RXRuV5X+L._AC_UL1500_.jpg,110.00
Fossil Women's Serena Leather Belt Bag Purse Handbag,Rated 4.1/5 from 52 Amazon shopper reviews.,https://m.media-amazon.com/images/I/91gxy2TDLfL._AC_UL1500_.jpg,110.00
Calvin Klein Penny Triple Compartment Tote,Rated 5/5 from 5 Amazon shopper reviews.,https://m.media-amazon.com/images/I/81TkYaNaszL._AC_UL1500_.jpg,109.63
GUESS Kristle Girlfriend Satchel,Rated 4.8/5 from 29 Amazon shopper reviews.,https://m.media-amazon.com/images/I/91yybgLjPQL._AC_UL1500_.jpg,109.14
Kate Spade Parchment Drive Milou Pebbled Leather Handbag Clutch Wallet (Geranium),Rated 5/5 from 1 Amazon shopper reviews.,https://m.media-amazon.com/images/I/91Rk9+3M1yL._AC_UL1500_.jpg,109.00
Kate Spade New York Leighton Leather Small Satchel Bag,Rated 4.4/5 from 18 Amazon shopper reviews.,https://m.media-amazon.com/images/I/61MNd5nyb5L._AC_UL1001_.jpg,109.00
Calvin Klein Frankie Triple Compartment Satchel,Rated 3.9/5 from 9 Amazon shopper reviews.,https://m.media-amazon.com/images/I/71oK00lG8rL._AC_UL1500_.jpg,108.63
Guess Women's Greta Convertible Crossbody Should Bag Handbag - White Multi,Rated 4/5 from 1 Amazon shopper reviews.,https://m.media-amazon.com/images/I/81f918xsXuL._AC_UL1500_.jpg,108.00
Calvin Klein Cora Bubble Lamb Novelty North/South Tote,Rated 4.5/5 from 19 Amazon shopper reviews.,https://m.media-amazon.com/images/I/91kqNBzzjoL._AC_UL1500_.jpg,108.00
Fossil Women's Fiona Large Crossbody Purse Handbag,"Rated 4.7/5 from 2,441 Amazon shopper reviews.",https://m.media-amazon.com/images/I/81IgNBZGerL._AC_UL1500_.jpg,107.30
Calvin Klein Hailey Micro Pebble Triple Compartment Chain Satchel,Rated 3.9/5 from 43 Amazon shopper reviews.,https://m.media-amazon.com/images/I/91xaIEoKqrS._AC_UL1500_.jpg,107.20
Coach Women's Mini Pepper Crossbody (Signature Canvas - Light Khaki - Chalk),Rated 4.3/5 from 10 Amazon shopper reviews.,https://m.media-amazon.com/images/I/81S8enROEPL._AC_UL1500_.jpg,107.00
Nine West Women's Marilee Tote,Rated 4.5/5 from 42 Amazon shopper reviews.,https://m.media-amazon.com/images/I/71fL708WJkL._AC_UL1500_.jpg,107.00
Calvin Klein Sussex Nylon North/South Tote,Rated 4/5 from 13 Amazon shopper reviews.,https://m.media-amazon.com/images/I/81TgVUe84fL._AC_UL1500_.jpg,106.00
Calvin Klein Shelly Rocky Road Novelty Large Tote,Rated 4.2/5 from 14 Amazon shopper reviews.,https://m.media-amazon.com/images/I/91Bz2k2s20S._AC_UL1500_.jpg,105.83
Lacoste Anna Reversible Tote Bag,Rated 4.7/5 from 452 Amazon shopper reviews.,https://m.media-amazon.com/images/I/81TUb-xMmYL._AC_UL1500_.jpg,104.87
Calvin Klein Millie Novelty Tote,Rated 4.3/5 from 30 Amazon shopper reviews.,https://m.media-amazon.com/images/I/81I3vCmWotL._AC_UL1500_.jpg,104.87
"Kate Spade Jae Bold Blooms Small Camera Bag Crossbody Bag Purse Handbag, Black Multi",Rated 4/5 from 6 Amazon shopper reviews.,https://m.media-amazon.com/images/I/71rgM8rLeGL._AC_UL1500_.jpg,103.00
HOBO Mila Wallet Crossbody,Rated 3.8/5 from 4 Amazon shopper reviews.,https://m.media-amazon.com/images/I/61G6ciYZ3SL._AC_UL1500_.jpg,102.96
Michael Kors Briley Small Messenger Crossbody Bag Purse Handbag,Rated 4.1/5 from 35 Amazon shopper reviews.,https://m.media-amazon.com/images/I/81Djezr22FL._AC_UL1500_.jpg,102.20
Calvin Klein Leah Tote,Rated 4.3/5 from 15 Amazon shopper reviews.,https://m.media-amazon.com/images/I/61q4PD82NfL._AC_UL1024_.jpg,101.32
Michael Kors Women's Jet Set Travel Md Carryall Tote,"Rated 4.7/5 from 1,188 Amazon shopper reviews.",https://m.media-amazon.com/images/I/61NN1kzxuIL._AC_UL1200_.jpg,101.19
ALDO Women's Kattie Shoulder Bag,Rated 4/5 from 29 Amazon shopper reviews.,https://m.media-amazon.com/images/I/71Vi0kPSVxL._AC_UL1500_.jpg,101.19
Vera Bradley Performance Twill Large Multi-Strap Tote Bag,Rated 4.7/5 from 38 Amazon shopper reviews.,https://m.media-amazon.com/images/I/81dFgoNn8OL._AC_UL1500_.jpg,101.18
"Vera Bradley Women's Recycled Lighten Up Reactive Journey Backpack, Belle Paisley, One Size",Rated 4.6/5 from 175 Amazon shopper reviews.,https://m.media-amazon.com/images/I/819xA9YawiL._AC_SL1500_.jpg,100.53
Michael Kors MK Women's Bag Small Oval Crossbody Twill Sheepskin Camera Bag,Rated 4.7/5 from 92 Amazon shopper reviews.,https://m.media-amazon.com/images/I/61DbEBxI1AL._AC_UL1001_.jpg,100.12
Vera Bradley Straw Bucket Tote Bag,Rated 4.8/5 from 37 Amazon shopper reviews.,https://m.media-amazon.com/images/I/71Q3mx7mGYL._AC_UL1500_.jpg,100.00
Fossil Women's Tara Leather Zip Around Clutch Wallet,Rated 4.7/5 from 163 Amazon shopper reviews.,https://m.media-amazon.com/images/I/81vSXFzRHKL._AC_UL1500_.jpg,100.00
"HOBO Sable Wristlet Pouch For Women - Tumbled Leather Construction With Circular Wrist Strap, Handy and Compact Pouch",Rated 4.8/5 from 852 Amazon shopper reviews.,https://m.media-amazon.com/images/I/81u0UCKMPhL._AC_UL1500_.jpg,99.99
Vera Bradley Women's Large Duffel Heather Duffel Bag,Rated 4.5/5 from 49 Amazon shopper reviews.,https://m.media-amazon.com/images/I/71GrGlMHr1L._AC_UL1001_.jpg,99.99
Vera Bradley Grand Traveler Tote Pixie Blooms,Rated 4.7/5 from 4 Amazon shopper reviews.,https://m.media-amazon.com/images/I/81wvVxjKV3L._AC_SL1500_.jpg,99.99
Vera Bradley Women's Work Tote Classic Black Tote,Rated 3.6/5 from 12 Amazon shopper reviews.,https://m.media-amazon.com/images/I/71twiXJgD+L._AC_UL1467_.jpg,99.99
Betsey Johnson Designer Underseat Luggage Collection - 15 Inch Hardside Carry On Suitcase for Women- Lightweight Under Seat Bag with 2-Rolling Spinner Wheels,Rated 4.5/5 from 45 Amazon shopper reviews.,https://m.media-amazon.com/images/I/61RAO5LH3sL._AC_UL1500_.jpg,99.99
Kate Spade Kate Spade Laurel Way Small Black Dally Tote Bag (Almndne/Black),Rated 3.9/5 from 7 Amazon shopper reviews.,https://m.media-amazon.com/images/I/01RmK+J4pJL._AC_.gif,99.99
Fossil Women's Gigi Leather Shoulder Bag Purse Handbag,Rated 4.4/5 from 253 Amazon shopper reviews.,https://m.media-amazon.com/images/I/71e52sYvgRL._AC_UL1500_.jpg,99.50
NINE WEST Aria Satchel,Rated 3.6/5 from 6 Amazon shopper reviews.,https://m.media-amazon.com/images/I/91w3Yh4YYVL._AC_UL1500_.jpg,99.41
Tommy Hilfiger Women's Puffer Lightweight Hooded Jacket with Drawstring Packing Bag,Rated 4.6/5 from 349 Amazon shopper reviews.,https://m.media-amazon.com/images/I/91B1g2ckTKL._AC_UL1500_.jpg,99.00
Hobo Women's Glade Fuchsia Handbag,Rated 5/5 from 1 Amazon shopper reviews.,https://m.media-amazon.com/images/I/61UtM5NIt8L._AC_UL1080_.jpg,99.00
Calvin Klein Karsyn Nappa Leather Belted North/South Tote,Rated 3.4/5 from 15 Amazon shopper reviews.,https://m.media-amazon.com/images/I/715ugzLy8+L._AC_UL1500_.jpg,99.00
"Vera Bradley Carry-On Travel Tote, Fan Flowers",Rated 5/5 from 3 Amazon shopper reviews.,https://m.media-amazon.com/images/I/81tuOZf-kSL._AC_UL1500_.jpg,98.91
Fossil Women's Rio Leather Phone Crossbody Wallet,Rated 4.2/5 from 45 Amazon shopper reviews.,https://m.media-amazon.com/images/I/81CsLBj+J8L._AC_UL1500_.jpg,98.10
Betsey Johnson Zaria Tote with Pouch,Rated 4.6/5 from 46 Amazon shopper reviews.,https://m.media-amazon.com/images/I/6163AW06V+L._AC_UL1000_.jpg,98.00
Fossil Women's Kier Vegan Cactus Leather Crossbody Purse Handbag,Rated 4.5/5 from 17 Amazon shopper reviews.,https://m.media-amazon.com/images/I/61eEK808XRL._AC_UL1500_.jpg,98.00
GUESS Factory Smoke Logo Satchel,Rated 4.8/5 from 6 Amazon shopper reviews.,https://m.media-amazon.com/images/I/81-AnapF48L._AC_UL1500_.jpg,98.00
Michael Kors Women's Leather Pouch Shoulder Handbag Small,Rated 4.4/5 from 87 Amazon shopper reviews.,https://m.media-amazon.com/images/I/91CcrRZ+13L._AC_UL1500_.jpg,98.00
Vera Bradley Women's Microfiber Large Travel Duffle Bag,Rated 4.8/5 from 755 Amazon shopper reviews.,https://m.media-amazon.com/images/I/61e6vpCpvAL._AC_UL1500_.jpg,98.00
Betsey Johnson Aspen Quilted Large Satchel,Rated 4.4/5 from 12 Amazon shopper reviews.,https://m.media-amazon.com/images/I/81vaTSCAlUL._AC_UL1500_.jpg,98.00
Vera Bradley Women's Lighten Up Grande Backpack Camocat Backpack,Rated 5/5 from 1 Amazon shopper reviews.,https://m.media-amazon.com/images/I/81L2+X6ln+L._AC_UL1001_.jpg,97.99
"HOBO Fern Stylish Bag for Women - Leather Construction with Top Zip Closure, Printed Lined Interior, and Adjustable Crossbody Strap Bag Scarlet Velvet Hide One Size One Size",Rated 4.3/5 from 13 Amazon shopper reviews.,https://m.media-amazon.com/images/I/81Sk7c3jgiL._AC_UL1500_.jpg,96.85
GUESS Silvana Tote,Rated 4.3/5 from 15 Amazon shopper reviews.,https://m.media-amazon.com/images/I/911Fbkivv8L._AC_UL1500_.jpg,96.60
GUESS Zadie Logo Girlfriend Satchel,Rated 4.6/5 from 27 Amazon shopper reviews.,https://m.media-amazon.com/images/I/A1hxzpL3IbL._AC_UL1500_.jpg,96.60
"Dooney & Bourke Handbag, Nylon Crossbody Pouchette",Rated 4.5/5 from 18 Amazon shopper reviews.,https://m.media-amazon.com/images/I/81lky6gRU1L._AC_UL1500_.jpg,96.20
Vera Bradley Women's Drawstring Backpack Imperial Rose One Size,Rated 3.1/5 from 5 Amazon shopper reviews.,https://m.media-amazon.com/images/I/71hU5DdZbwL._AC_UL1001_.jpg,96.10
COACH Women's Nolita 15 Wristlet Pouch Bag,Rated 4.5/5 from 2 Amazon shopper reviews.,https://m.media-amazon.com/images/I/61UF5SggN7L._AC_UL1409_.jpg,96.00
MICHAEL Michael Kors Womens Kempton Small Pocket Crossbody Light Sky,Rated 4.1/5 from 3 Amazon shopper reviews.,https://m.media-amazon.com/images/I/716Ik5cnDbL._AC_UL1024_.jpg,95.99
Nine West Women's Townes Satchel,Rated 4.7/5 from 67 Amazon shopper reviews.,https://m.media-amazon.com/images/I/81Jr3+MGBpL._AC_UL1500_.jpg,95.17
Vera Bradley Women's Microfiber Hipster Crossbody Purse,Rated 4.7/5 from 634 Amazon shopper reviews.,https://m.media-amazon.com/images/I/81XBNTLfULL._AC_UL1500_.jpg,95.00
Vera Bradley Denim All in One Crossbody Purse with RFID Protection,Rated 4.3/5 from 124 Amazon shopper reviews.,https://m.media-amazon.com/images/I/91Apj3ICG9L._AC_UL1500_.jpg,95.00
Vera Bradley Cotton Collegiate Triple Zip Hipster Crossbody Purse (Multiple Teams Available),Rated 4.8/5 from 470 Amazon shopper reviews.,https://m.media-amazon.com/images/I/61Ujc+ZfAbL._AC_UL1000_.jpg,95.00
"Vera Bradley Women's Performance Twill Travel Backpack Travel Bag, Paris Plaid, One Size",Rated 4.9/5 from 33 Amazon shopper reviews.,https://m.media-amazon.com/images/I/81KUfVpu22L._AC_SL1500_.jpg,95.00
Vera Bradley Vera Tote Beary Merry One Size,Rated 4.6/5 from 7 Amazon shopper reviews.,https://m.media-amazon.com/images/I/71Vvwp0HyuL._AC_UL1500_.jpg,94.99
Vera Bradley Women's Drawstring Backpack Bohemian Blooms One Size,Rated 4.7/5 from 8 Amazon shopper reviews.,https://m.media-amazon.com/images/I/81QU8t7sc-L._AC_UL1001_.jpg,94.80
Calvin Klein Gabrianna Bubble Lamb North/South Key Item Tote,Rated 4.5/5 from 993 Amazon shopper reviews.,https://m.media-amazon.com/images/I/81qbONXL3WL._AC_UL1500_.jpg,94.80
Nine West Women's Payton Small Tote,Rated 4.6/5 from 20 Amazon shopper reviews.,https://m.media-amazon.com/images/I/81BYl+P71PL._AC_UL1500_.jpg,94.80
Vera Bradley Women's Cotton Weekender Travel Bag,"Rated 4.9/5 from 1,904 Amazon shopper reviews.",https://m.media-amazon.com/images/I/81No172eVZL._AC_UL1500_.jpg,94.50
Vera Bradley Women's Performance Twill Triple Zip Shoulder Satchel Purse,Rated 4.6/5 from 57 Amazon shopper reviews.,https://m.media-amazon.com/images/I/71-bucZs3xL._AC_UL1500_.jpg,94.50
Vera Bradley Women's Microfiber Multi-Compartment Shoulder Satchel Purse,Rated 4.6/5 from 125 Amazon shopper reviews.,https://m.media-amazon.com/images/I/71BZAaJIqGL._AC_UL1500_.jpg,94.50
Steve Madden Hugh Cross Body Handbag,Rated 4.5/5 from 15 Amazon shopper reviews.,https://m.media-amazon.com/images/I/81kO0Dc42cL._AC_UL1500_.jpg,94.32
NINE WEST Satchel,Rated 3.6/5 from 23 Amazon shopper reviews.,https://m.media-amazon.com/images/I/61aUa+iNX3L._AC_UL1000_.jpg,94.21
Vera Bradley Cotton Carryall Crossbody Purse,Rated 4.1/5 from 62 Amazon shopper reviews.,https://m.media-amazon.com/images/I/81AC6R-pB+L._AC_UL1500_.jpg,94.00
DKNY Women's Everyday Multipurpose Crossbody Handbag,Rated 4.7/5 from 152 Amazon shopper reviews.,https://m.media-amazon.com/images/I/81ak5Co8JGL._AC_UL1500_.jpg,93.53
"Calvin Klein Women's Leilani Micro Pebble Backpack, Dark Gray Mix, One Size",Rated 1/5 from 1 Amazon shopper reviews.,https://m.media-amazon.com/images/I/71Qao3jbKDL._AC_SL1024_.jpg,93.35
Kate Spade Bailey Textured Leather Crossbody Bag Purse Handbag,Rated 4.7/5 from 153 Amazon shopper reviews.,https://m.media-amazon.com/images/I/71mURv-+gvL._AC_UL1500_.jpg,93.00
Vera Bradley Women's Cotton Compact Weekender Travel Bag,"Rated 4.8/5 from 1,159 Amazon shopper reviews.",https://m.media-amazon.com/images/I/A1DUrmS6QZL._AC_UL1500_.jpg,92.67
Vera Bradley Women's Performance Twill Large Travel Duffle Bag,Rated 4.9/5 from 205 Amazon shopper reviews.,https://m.media-amazon.com/images/I/71w9ZMEnDGL._AC_UL1500_.jpg,92.36
GUESS Noelle Small Elite Tote,Rated 4.3/5 from 24 Amazon shopper reviews.,https://m.media-amazon.com/images/I/71V55T3BkhL._AC_UL1500_.jpg,92.26
Vera Bradley Women's Performance Twill Triple Zip Hipster Crossbody Purse,Rated 4.7/5 from 890 Amazon shopper reviews.,https://m.media-amazon.com/images/I/81u4zqEnObL._AC_UL1500_.jpg,92.15
Fossil Logan Zip Around Clutch,Rated 4.8/5 from 330 Amazon shopper reviews.,https://m.media-amazon.com/images/I/818cUPFNdeL._AC_UL1500_.jpg,92.00
Vera Bradley Backpack Tote,Rated 4.2/5 from 43 Amazon shopper reviews.,https://m.media-amazon.com/images/I/71inSdBCVbL._AC_UL1200_.jpg,91.99
Vera Bradley Cotton Deluxe Vera Tote Bag,Rated 5/5 from 4 Amazon shopper reviews.,https://m.media-amazon.com/images/I/81UiyrRCSCL._AC_UL1500_.jpg,91.94
Calvin Klein Women's Gabrianna Monogram North/South Key Item Tote,Rated 4.3/5 from 151 Amazon shopper reviews.,https://m.media-amazon.com/images/I/61tZidYFS6L._AC_UL1024_.jpg,91.64
kate spade handbag for women Leila small flap crossbody bag,Rated 4.4/5 from 109 Amazon shopper reviews.,https://m.media-amazon.com/images/I/51PqX2q54yL._AC_UL1001_.jpg,91.53
Vera Bradley Microfiber Glenna Satchel Purse,Rated 4.5/5 from 513 Amazon shopper reviews.,https://m.media-amazon.com/images/I/71yRJ4KaeNL._AC_UL1500_.jpg,91.00
Betsey Johnson Women's Betsey Johnson Crossbody Backpack,Rated 5/5 from 1 Amazon shopper reviews.,https://m.media-amazon.com/images/I/81Xy+l0o2aL._AC_UL1500_.jpg,91.00
"Vera Bradley Women's Cotton Campus Backpack, Amethyst Plaid - Recycled Cotton, One Size","Rated 4.8/5 from 7,717 Amazon shopper reviews.",https://m.media-amazon.com/images/I/81jj5hNJrXL._AC_SL1500_.jpg,91.00
Calvin Klein Aurora Tote,Rated 3.2/5 from 8 Amazon shopper reviews.,https://m.media-amazon.com/images/I/61FIqgBC5tL._AC_UL1024_.jpg,90.80
Michael Kors Jet Set Medium Crossbody Leather Handbag,Rated 4.6/5 from 764 Amazon shopper reviews.,https://m.media-amazon.com/images/I/51T8zNRpBzL._AC_.jpg,90.43
Fossil Women's Rachel Tote Purse Handbag,"Rated 4.6/5 from 1,240 Amazon shopper reviews.",https://m.media-amazon.com/images/I/81RpfLbq8gL._AC_UL1500_.jpg,90.00
Vera Bradley Women's Microfiber All in One Crossbody Purse with RFID Protection,Rated 4.7/5 from 776 Amazon shopper reviews.,https://m.media-amazon.com/images/I/71+CzR1BWhL._AC_UL1500_.jpg,90.00
Kate Spade Sawyer Street Tori Smooth Leather Tote Shoulder Bag Purse Handbag (Black),Rated 5/5 from 1 Amazon shopper reviews.,https://m.media-amazon.com/images/I/71QO7M2mESL._AC_UL1500_.jpg,89.99
ALDO Women's Legoiri Top Handle Bag,Rated 4.4/5 from 168 Amazon shopper reviews.,https://m.media-amazon.com/images/I/81YR3ipNUfL._AC_UL1500_.jpg,89.99
Vera Bradley Edie Satchel,Rated 4.4/5 from 26 Amazon shopper reviews.,https://m.media-amazon.com/images/I/81bLEENubdL._AC_UL1500_.jpg,89.99
"UGG Women's Dannie II Mini Backpack Sheepskin, Chestnut, Small",Rated 4.7/5 from 119 Amazon shopper reviews.,https://m.media-amazon.com/images/I/81kftertuWL._AC_SL1500_.jpg,89.98
GUESS Bobbi Velvet Inside Out Tote,Rated 3.2/5 from 8 Amazon shopper reviews.,https://m.media-amazon.com/images/I/91tmNS6SP-L._AC_UL1500_.jpg,89.98
GUESS Shea Cali Dome Satchel,Rated 3.6/5 from 2 Amazon shopper reviews.,https://m.media-amazon.com/images/I/71GfOytpFOL._AC_UL1280_.jpg,89.95
GUESS Fantine Girlfriend Satchel,Rated 4.3/5 from 41 Amazon shopper reviews.,https://m.media-amazon.com/images/I/81HWt0Yzc0L._AC_UL1500_.jpg,89.82
Vera Bradley Luggage Women's Large Duffel Hot Angles One Size,Rated 5/5 from 1 Amazon shopper reviews.,https://m.media-amazon.com/images/I/71B-cHh2rIL._AC_UL1001_.jpg,89.73
"GUESS womens Cessily Convertible Crossbody Flap, Lilac, one size US",Rated 5/5 from 1 Amazon shopper reviews.,https://m.media-amazon.com/images/I/81ibfuGCzBL._AC_UL1500_.jpg,89.60
Calvin Klein Women's Millie Novelty Belt Bag,Rated 4.7/5 from 22 Amazon shopper reviews.,https://m.media-amazon.com/images/I/71VxDYuAWIL._AC_UL1500_.jpg,89.60
Steve Madden Breslin Clutch Crossbody Bag,Rated 4.1/5 from 7 Amazon shopper reviews.,https://m.media-amazon.com/images/I/81-p2gSkluL._AC_UL1500_.jpg,89.47
Vince Camuto Evlyn Clutch,Rated 5/5 from 3 Amazon shopper reviews.,https://m.media-amazon.com/images/I/61w-ixHlQfL._AC_UL1500_.jpg,89.45
Calvin Klein Zoe Tote,Rated 4.4/5 from 15 Amazon shopper reviews.,https://m.media-amazon.com/images/I/61ykGk14OtL._AC_UL1024_.jpg,89.39
Rebecca Minkoff Sofia Clutch,Rated 2.9/5 from 11 Amazon shopper reviews.,https://m.media-amazon.com/images/I/B1lzsPchX5S._AC_UL1500_.jpg,89.07
Kate Spade New York Sadie Envelope Leather Crossbody Purse,Rated 4.1/5 from 28 Amazon shopper reviews.,https://m.media-amazon.com/images/I/71zRPB6A-nL._AC_UL1500_.jpg,89.00
Steve Madden Brendas Sequin Clutch Crossbody,Rated 4.9/5 from 23 Amazon shopper reviews.,https://m.media-amazon.com/images/I/81dxxc8HGcL._AC_UL1500_.jpg,89.00
Vera Bradley Glenna Shoulder Handbag - Classic Black,Rated 3.6/5 from 14 Amazon shopper reviews.,https://m.media-amazon.com/images/I/51S6M97iwTL._AC_UL1000_.jpg,88.99
Fossil Women's Tara Leather Crossbody Purse Handbag,Rated 4.5/5 from 418 Amazon shopper reviews.,https://m.media-amazon.com/images/I/91gujSpfk0L._AC_UL1500_.jpg,88.94
Karl Lagerfeld Paris Amour Tote,Rated 4.7/5 from 60 Amazon shopper reviews.,https://m.media-amazon.com/images/I/81ckyYj55iL._AC_UL1500_.jpg,88.80
"GUESS womens Manhattan Large Backpack, Black, One Size US",Rated 4.6/5 from 870 Amazon shopper reviews.,https://m.media-amazon.com/images/I/81hh5pI5AhL._AC_SL1500_.jpg,88.50
Steve Madden Riga Clear Satchel,Rated 3.7/5 from 6 Amazon shopper reviews.,https://m.media-amazon.com/images/I/61WbDy15ymL._AC_UL1500_.jpg,88.10
Tommy Hilfiger Women’s Julia Small Crossbody Bag,Rated 4.5/5 from 871 Amazon shopper reviews.,https://m.media-amazon.com/images/I/81TvzEYMYjL._AC_UL1500_.jpg,88.00
Nine West Womens Camelia Jetset Satchel Black One Size,Rated 4.4/5 from 11 Amazon shopper reviews.,https://m.media-amazon.com/images/I/817A+m188+L._AC_UL1500_.jpg,88.00
"GUESS womens Noelle Crossbody Camera, Brown Logo, One Size US",Rated 4.6/5 from 212 Amazon shopper reviews.,https://m.media-amazon.com/images/I/9178LnOfg0L._AC_UL1500_.jpg,88.00
Vera Bradley Womens Laptop Messenger Katalina Showers Crossbody Bag,Rated 5/5 from 3 Amazon shopper reviews.,https://m.media-amazon.com/images/I/91vP0huYv7L._AC_UL1500_.jpg,87.99
"Fossil Women's Rachel Faux Leather Satchel Purse Handbag, Black Key Stripe (Model: ZB7990080)",Rated 4.5/5 from 218 Amazon shopper reviews.,https://m.media-amazon.com/images/I/81Qqe0QjNLL._AC_UL1500_.jpg,87.75
Kate Spade New York Ivy Street Amy Leather Crossbody Bag Purse,Rated 4.2/5 from 38 Amazon shopper reviews.,https://m.media-amazon.com/images/I/7119frUjRLL._AC_UL1500_.jpg,86.09
Calvin Klein Myra 2 in 1 Organizational Tote,Rated 4.4/5 from 13 Amazon shopper reviews.,https://m.media-amazon.com/images/I/81SGAyNyKFL._AC_UL1500_.jpg,85.49
Michael Kors Briley Small Messenger Crossbody Signature Handbag,Rated 4.1/5 from 213 Amazon shopper reviews.,https://m.media-amazon.com/images/I/41Y0+vp3r+L._AC_.jpg,85.46
Steve Madden Breece Satchel,Rated 4.2/5 from 19 Amazon shopper reviews.,https://m.media-amazon.com/images/I/71IkLAY52lL._AC_UL1500_.jpg,85.00
ALDO Women's Pounce Belt Bag,Rated 4.5/5 from 283 Amazon shopper reviews.,https://m.media-amazon.com/images/I/61i4vpINGEL._AC_UL1500_.jpg,85.00
Calvin Klein Lina Nylon Mini Tote,Rated 4.5/5 from 75 Amazon shopper reviews.,https://m.media-amazon.com/images/I/819vGuGr9YL._AC_UL1500_.jpg,84.99
kate spade crossbody purse for women Leila triple gusset handbag for women,Rated 4.7/5 from 692 Amazon shopper reviews.,https://m.media-amazon.com/images/I/81UDGhmhvQL._AC_UL1500_.jpg,84.98
Calvin Klein Dilan Novelty Organizational Tote,Rated 4.4/5 from 197 Amazon shopper reviews.,https://m.media-amazon.com/images/I/81xuI+JsDbL._AC_UL1500_.jpg,84.59
GUESS Zira High Society Satchel,Rated 4.8/5 from 27 Amazon shopper reviews.,https://m.media-amazon.com/images/I/91Fwt1H19uL._AC_UL1500_.jpg,84.48
Vera Bradley Cotton Vera Tote Bag,"Rated 4.8/5 from 2,887 Amazon shopper reviews.",https://m.media-amazon.com/images/I/81HU3va0+TL._AC_UL1500_.jpg,84.00
Lacoste Women's L.12.12 Concept Petit Zipper Crossbody Bag,Rated 4.5/5 from 515 Amazon shopper reviews.,https://m.media-amazon.com/images/I/811QSRosU5L._AC_UL1500_.jpg,83.55
Vera Bradley Women's Performance Twill Medium Travel Duffle Bag,Rated 4.7/5 from 161 Amazon shopper reviews.,https://m.media-amazon.com/images/I/71cNIxMIauL._AC_UL1500_.jpg,83.16
Calvin Klein Rossa Smooth Novelty Organizational North/South Tote,Rated 4.3/5 from 38 Amazon shopper reviews.,https://m.media-amazon.com/images/I/61hoEQrYdEL._AC_UL1024_.jpg,82.99
Nine West Women's Klarybel Swing Pack Shoulder Bag,Rated 4.6/5 from 10 Amazon shopper reviews.,https://m.media-amazon.com/images/I/61zh2cawhmL._AC_UL1500_.jpg,82.80
Fossil Women's Gigi Small Leather Drawstring Crossbody Purse Handbag,Rated 3.8/5 from 38 Amazon shopper reviews.,https://m.media-amazon.com/images/I/81vi+bqumBL._AC_UL1500_.jpg,82.42
Nine West Paulson Satchel,Rated 4.4/5 from 93 Amazon shopper reviews.,https://m.media-amazon.com/images/I/91TlijUXgqL._AC_UL1500_.jpg,81.89
Calvin Klein Bette 2 in 1 Tote,Rated 4.8/5 from 16 Amazon shopper reviews.,https://m.media-amazon.com/images/I/71+4bUr0VyL._AC_UL1500_.jpg,81.71
Vera Bradley Performance Twill Multi-Strap Shoulder Satchel Purse,Rated 4.7/5 from 349 Amazon shopper reviews.,https://m.media-amazon.com/images/I/81Ac3xbtjfL._AC_UL1500_.jpg,81.57
Vera Bradley Women's Performance Twill Cinch Shoulder Bag Purse,Rated 4.6/5 from 95 Amazon shopper reviews.,https://m.media-amazon.com/images/I/91TZlKj0NLL._AC_UL1500_.jpg,81.24
Anne Klein Quilted Petite E/W Flap Satchel,Rated 4/5 from 39 Amazon shopper reviews.,https://m.media-amazon.com/images/I/91l72SnaZBL._AC_UL1500_.jpg,81.00
Anne Klein Trinity Medium Satchel Handbag,Rated 4.7/5 from 13 Amazon shopper reviews.,https://m.media-amazon.com/images/I/A1umwKNjqYL._AC_UL1500_.jpg,80.99
Calvin Klein Gabrianna Bubble Lamb Mini Tote Crossbody,Rated 3.9/5 from 290 Amazon shopper reviews.,https://m.media-amazon.com/images/I/910jnXEOMuL._AC_UL1500_.jpg,80.64
Oakley Performance Coated Backpack - Women's,Rated 4.1/5 from 2 Amazon shopper reviews.,https://m.media-amazon.com/images/I/61T6VfW8cIL._AC_UL1200_.jpg,80.04
Vera Bradley Women's Microfiber Tote Bag,Rated 4.7/5 from 223 Amazon shopper reviews.,https://m.media-amazon.com/images/I/81Aw6hQVeEL._AC_UL1500_.jpg,79.99
Vera Bradley Women's Performance Twill Work Tote Bag,Rated 4.7/5 from 347 Amazon shopper reviews.,https://m.media-amazon.com/images/I/81lpbKZKfUL._AC_UL1500_.jpg,79.99
Vera Bradley Recycled Lighten Up Reactive Large Family Tote Bag,Rated 4.6/5 from 77 Amazon shopper reviews.,https://m.media-amazon.com/images/I/91-Qt9GjYBL._AC_UL1500_.jpg,79.99
Nine West Coralia Me Time Satchel Chambray Multi One Size,Rated 4.7/5 from 27 Amazon shopper reviews.,https://m.media-amazon.com/images/I/71rxTIDHFTL._AC_UL1500_.jpg,79.99
GUESS Factory Women's Willie Logo Backpack,Rated 4.8/5 from 9 Amazon shopper reviews.,https://m.media-amazon.com/images/I/71fgGSJvQuL._AC_SL1500_.jpg,79.98
Calvin Klein Clara Tote,Rated 4.1/5 from 19 Amazon shopper reviews.,https://m.media-amazon.com/images/I/81wTqqq7SAL._AC_UL1500_.jpg,79.98
Vera Bradley Women's Microfiber Triple Zip Hipster Crossbody Purse,Rated 4.7/5 from 999 Amazon shopper reviews.,https://m.media-amazon.com/images/I/A1XMTn5K2XL._AC_UL1500_.jpg,79.95
"Michael Kors Women's Jet Set Item Large East West Chain Crossbody in Black, Style 35S1GTTC7L.",Rated 4.6/5 from 549 Amazon shopper reviews.,https://m.media-amazon.com/images/I/61Zdpo53z5L._AC_UL1500_.jpg,79.55
Vera Bradley Cotton Utility Oversized Tote Travel Bag,Rated 4.8/5 from 77 Amazon shopper reviews.,https://m.media-amazon.com/images/I/61yzcX6cCgL._AC_UL1500_.jpg,79.10
Juicy Couture Sweet Fantasy Satchel,Rated 4.4/5 from 61 Amazon shopper reviews.,https://m.media-amazon.com/images/I/81vEx2ZbJAL._AC_UL1500_.jpg,79.00
Calvin Klein Women's Gabrianna Novelty Bucket Shoulder Bag,"Rated 4.4/5 from 1,035 Amazon shopper reviews.",https://m.media-amazon.com/images/I/91fosGGUgtL._AC_UL1500_.jpg,78.70
Calvin Klein Lucy Triple Compartment Satchel,Rated 4.5/5 from 108 Amazon shopper reviews.,https://m.media-amazon.com/images/I/81VhyV9PYdL._AC_UL1500_.jpg,78.15
Tommy Hilfiger Women’s TH Flag Canvas Crossbody Bag,Rated 4.5/5 from 558 Amazon shopper reviews.,https://m.media-amazon.com/images/I/91RX9-1WOyL._AC_UL1500_.jpg,78.00
Tommy Hilfiger Estella II-Convertible Triple Compartment Satchel-Geometric Jacquard Black/Alpaca One Size,Rated 3.6/5 from 2 Amazon shopper reviews.,https://m.media-amazon.com/images/I/81A0U5Oj3-S._AC_UL1500_.jpg,78.00
Vera Bradley Women's Recycled Lighten Up Reactive Travel Duffle Bag,Rated 5/5 from 31 Amazon shopper reviews.,https://m.media-amazon.com/images/I/71iH7TARzdL._AC_UL1500_.jpg,77.00
"Vera Bradley Women's Cotton XL Campus Backpack, Plaza Tile - Recycled Cotton, One Size","Rated 4.9/5 from 3,036 Amazon shopper reviews.",https://m.media-amazon.com/images/I/91-5a4ceFAS._AC_SL1500_.jpg,77.00
Vera Bradley Women's Performance Twill Small Travel Duffle Bag,Rated 4.7/5 from 178 Amazon shopper reviews.,https://m.media-amazon.com/images/I/71NsiHHWHhL._AC_UL1500_.jpg,75.42
Vera Bradley Faux Leather Tess Crossbody Purse,Rated 4.7/5 from 6 Amazon shopper reviews.,https://m.media-amazon.com/images/I/91GP4hzwxjL._AC_UL1500_.jpg,75.25
Calvin Klein Sonoma Novelty North/South Tote,Rated 4.6/5 from 688 Amazon shopper reviews.,https://m.media-amazon.com/images/I/51VWW-qPv9S._AC_UL1024_.jpg,75.01
ALDO Women's Jerilini Top Handle Bag,"Rated 4.5/5 from 3,192 Amazon shopper reviews.",https://m.media-amazon.com/images/I/71sYrA1b66L._AC_UL1500_.jpg,75.00
Ted Baker Womens Bow Large Icon Handbag Bags And Wallets Pink,Rated 4.7/5 from 69 Amazon shopper reviews.,https://m.media-amazon.com/images/I/61Cy4XdWheL._AC_UL1500_.jpg,75.00
"ALDO Women's Barland Dome Bag, Champagne","Rated 4.4/5 from 2,039 Amazon shopper reviews.",https://m.media-amazon.com/images/I/81WCmoc0aFL._AC_UL1500_.jpg,75.00
ALDO Women's Greenwald Crossbody Bag,"Rated 4.5/5 from 7,570 Amazon shopper reviews.",https://m.media-amazon.com/images/I/71NxFKsruuL._AC_UL1500_.jpg,75.00
Ted Baker Womens Bow Large Icon Handbag Bags And Wallets Black,Rated 4.6/5 from 472 Amazon shopper reviews.,https://m.media-amazon.com/images/I/714BRKDnTSL._AC_UL1500_.jpg,75.00
Vera Bradley Women's Microfiber Mini Hipster Crossbody Purse with RFID Protection,Rated 4.6/5 from 791 Amazon shopper reviews.,https://m.media-amazon.com/images/I/81bKcKCCJJL._AC_UL1500_.jpg,75.00
Vera Bradley Ripstop Drawstring Family Tote Bag,Rated 5/5 from 27 Amazon shopper reviews.,https://m.media-amazon.com/images/I/71EtFUJYbxL._AC_UL1500_.jpg,75.00
Vera Bradley Women's Lighten Up Reactive Grand Backpack,Rated 4.8/5 from 791 Amazon shopper reviews.,https://m.media-amazon.com/images/I/71cfjEcTS6S._AC_UL1500_.jpg,74.99
NINE WEST Imogen Lrg Jet Set Satchel,Rated 3.9/5 from 9 Amazon shopper reviews.,https://m.media-amazon.com/images/I/91RTDY7hbzL._AC_UL1500_.jpg,74.99
Vera Bradley Cotton Utility Bucket Crossbody Purse,Rated 4.4/5 from 154 Amazon shopper reviews.,https://m.media-amazon.com/images/I/71UpF59HvJL._AC_UL1500_.jpg,74.99
Calvin Klein Clara Mini Satchel Crossbody,Rated 4.4/5 from 19 Amazon shopper reviews.,https://m.media-amazon.com/images/I/71TALO3PEQL._AC_UL1500_.jpg,74.98
Vera Bradley Performance Twill on The Go Crossbody Purse,Rated 4.5/5 from 191 Amazon shopper reviews.,https://m.media-amazon.com/images/I/81Yna84mnEL._AC_UL1500_.jpg,74.97
"Vera Bradley Women's Duffle Lighten Up Large Duffel Travel Bag, Petite Vines, One Size",Rated 4.7/5 from 180 Amazon shopper reviews.,https://m.media-amazon.com/images/I/81moFvUlcsL._AC_UL1500_.jpg,74.74
Betsey Johnson Womens Bow Crossbody,Rated 4.1/5 from 85 Amazon shopper reviews.,https://m.media-amazon.com/images/I/61w1HhZtGSL._AC_UL1500_.jpg,74.50
Vera Bradley Recycled Lighten Up Reactive Large Car Tote,Rated 4.8/5 from 32 Amazon shopper reviews.,https://m.media-amazon.com/images/I/71KHXP7qO6L._AC_UL1500_.jpg,74.25
Calvin Klein Hayden Saffiano Leather Chain Satchel Walnut One Size,Rated 4/5 from 2 Amazon shopper reviews.,https://m.media-amazon.com/images/I/71Hh7lfcaLL._AC_UL1500_.jpg,74.00
Coach Women's Corner Zip Wristlet With Horse And Carriage (Strawberry Haze),Rated 4.7/5 from 6 Amazon shopper reviews.,https://m.media-amazon.com/images/I/81Alu+672ZL._AC_UL1500_.jpg,74.00
"Coach Phone Leather Clutch in Saddle, F53977 IMSAD",Rated 5/5 from 1 Amazon shopper reviews.,https://m.media-amazon.com/images/I/41DCmSt6ChL._AC_.jpg,74.00
Calvin Klein Susan Monogram Tote with Card Case Hanger,Rated 4.5/5 from 8 Amazon shopper reviews.,https://m.media-amazon.com/images/I/A16Q4+g3J2L._AC_UL1500_.jpg,74.00
Vera Bradley Women's Microfiber Small Vera Tote Bag,Rated 4.8/5 from 826 Amazon shopper reviews.,https://m.media-amazon.com/images/I/71IJie6hCzL._AC_UL1500_.jpg,73.50
Vera Bradley Mesh Tote Bag,Rated 5/5 from 4 Amazon shopper reviews.,https://m.media-amazon.com/images/I/91J5ylkOEcL._AC_UL1500_.jpg,72.99
Steve Madden Women's Boho Bucket Hobo Bag,Rated 3.4/5 from 101 Amazon shopper reviews.,https://m.media-amazon.com/images/I/91WvpwGxhAL._AC_UL1500_.jpg,72.75
Calvin Klein Modern Essentials Organizational Satchel,Rated 4.3/5 from 38 Amazon shopper reviews.,https://m.media-amazon.com/images/I/81LX1-rmikL._AC_UL1500_.jpg,72.55
"Dooney & Bourke Handbag, Florentine Large Slim Wristlet",Rated 4.2/5 from 15 Amazon shopper reviews.,https://m.media-amazon.com/images/I/51FC91xCUqL._AC_UL1500_.jpg,72.31
Vera Bradley Cotton Multi-Strap Shoulder Satchel Purse,Rated 4.6/5 from 311 Amazon shopper reviews.,https://m.media-amazon.com/images/I/91H50fLp+aL._AC_UL1500_.jpg,72.24
Steve Madden Wellie Satchel,Rated 3.9/5 from 21 Amazon shopper reviews.,https://m.media-amazon.com/images/I/61JTgUqrtBL._AC_UL1500_.jpg,71.88
Calvin Klein Margot Textured Logo Emboss Tote,Rated 4.6/5 from 137 Amazon shopper reviews.,https://m.media-amazon.com/images/I/91f1X3Iq7XL._AC_UL1500_.jpg,71.38
Michael Kors Women's Jet Set Item Lg Crossbody,"Rated 4.8/5 from 3,058 Amazon shopper reviews.",https://m.media-amazon.com/images/I/71ktxTaE0LL._AC_UL1500_.jpg,71.00
Michael Kors Women's Jet Set Item Crossbody Bag - Blossom,Rated 4.7/5 from 831 Amazon shopper reviews.,https://m.media-amazon.com/images/I/712A8xAtqnL._AC_UL1172_.jpg,70.87
Tommy Hilfiger Women's Canvas Flag Backpack,Rated 4.3/5 from 38 Amazon shopper reviews.,https://m.media-amazon.com/images/I/91L1aAyR2uL._AC_UL1500_.jpg,70.56
ALDO Women's Ramadaa Tote Handbag,Rated 4.3/5 from 211 Amazon shopper reviews.,https://m.media-amazon.com/images/I/81jF8ftudvL._AC_UL1500_.jpg,70.00
Vera Bradley Cotton Hadley East West Tote Bag,Rated 4.6/5 from 110 Amazon shopper reviews.,https://m.media-amazon.com/images/I/91bc5S-pu0L._AC_UL1500_.jpg,69.99
Badgley Mischka Diana Vegan Leather Tote Weekender Travel Bag,Rated 3.7/5 from 11 Amazon shopper reviews.,https://m.media-amazon.com/images/I/81ZHBRoIIJL._AC_SL1500_.jpg,69.99
"Badgley Mischka Modern 20"" L x 8"" W x 13"" H Quilted Vegan Leather Travel Tote Weekender Bag",Rated 4.4/5 from 35 Amazon shopper reviews.,https://m.media-amazon.com/images/I/71x77hlyZNL._AC_UL1500_.jpg,69.99
Madalyn Vegan Leather Travel Tote Weekender Bag,Rated 3.9/5 from 8 Amazon shopper reviews.,https://m.media-amazon.com/images/I/91uahAoe0LL._AC_UL1500_.jpg,69.99
"Vera Bradley Angle Tote, Loves Me",Rated 5/5 from 7 Amazon shopper reviews.,https://m.media-amazon.com/images/I/81pD8mBZsnL._AC_UL1500_.jpg,69.99
Vera Bradley Lighten Up Expandable Tote,Rated 4.6/5 from 41 Amazon shopper reviews.,https://m.media-amazon.com/images/I/91kAxcNU9HL._AC_UL1500_.jpg,69.95
Michael Kors Mercer Small Coin Purse Soft Pink One Size,Rated 4.7/5 from 385 Amazon shopper reviews.,https://m.media-amazon.com/images/I/81m9JseqmGL._AC_UL1500_.jpg,69.61
Vera Bradley Cotton Carson Shoulder Bag Crossbody Purse,"Rated 4.7/5 from 1,310 Amazon shopper reviews.",https://m.media-amazon.com/images/I/81m4WvZQNJL._AC_UL1500_.jpg,69.39
Calvin Klein Women's Leilani Micro Pebble Top Handle Crossbody,Rated 4.4/5 from 61 Amazon shopper reviews.,https://m.media-amazon.com/images/I/9121qAnrqCL._AC_UL1500_.jpg,69.35
Vera Bradley Women's Cotton Bucket Crossbody Purse,Rated 4.7/5 from 503 Amazon shopper reviews.,https://m.media-amazon.com/images/I/81I1ekHbwlL._AC_UL1500_.jpg,69.17
Calvin Klein Margot Textured Logo Emboss Satchel,Rated 4.3/5 from 81 Amazon shopper reviews.,https://m.media-amazon.com/images/I/A1hkaTerPlL._AC_UL1500_.jpg,69.05
Tommy Hilfiger Women's Mid-Length Puffer Hooded Down Jacket with Drawstring Packing Bag,"Rated 4.4/5 from 2,489 Amazon shopper reviews.",https://m.media-amazon.com/images/I/71lypSMJyhS._AC_UL1500_.jpg,69.01
Lacoste Women's Summer Fantaisie Medium Shopping Bag,Rated 4.9/5 from 22 Amazon shopper reviews.,https://m.media-amazon.com/images/I/91rId4JcNKL._AC_UL1500_.jpg,69.00
Nine West Women's Ring Leader Tote - Chalk,Rated 1/5 from 1 Amazon shopper reviews.,https://m.media-amazon.com/images/I/61jBLLe63qL._AC_UL1500_.jpg,68.78
Kate Spade Kourtney Camera Leather Crossbody Bag Purse Handbag style # wkru6817,Rated 4.7/5 from 229 Amazon shopper reviews.,https://m.media-amazon.com/images/I/715rKsxuhdL._AC_UL1500_.jpg,68.76
Nine West Women's Harper Satchel,Rated 3.5/5 from 4 Amazon shopper reviews.,https://m.media-amazon.com/images/I/71SfRuGtsuL._AC_UL1500_.jpg,67.99
Vera Bradley Women's Small Trimmed Vera Pixie Blooms Tote,Rated 5/5 from 4 Amazon shopper reviews.,https://m.media-amazon.com/images/I/71Ldr2ZAQJL._AC_UL1335_.jpg,67.99
Tommy Hilfiger Jaden Satchel Crossbody Bag,"Rated 4.6/5 from 1,204 Amazon shopper reviews.",https://m.media-amazon.com/images/I/A1q8K7yBPAS._AC_UL1500_.jpg,67.92
MICHAEL Michael Kors Small Coin Purse Pearl Grey One Size,Rated 4.6/5 from 54 Amazon shopper reviews.,https://m.media-amazon.com/images/I/81d30oDNVXL._AC_UL1500_.jpg,67.89
Fossil Women's Willa Leather Slim Tab Bifold Wallet Wristlet With Removable Card Case,Rated 4.4/5 from 67 Amazon shopper reviews.,https://m.media-amazon.com/images/I/81GxZhJqdPL._AC_UL1500_.jpg,67.70
NINE WEST Emery Tote,Rated 3.2/5 from 2 Amazon shopper reviews.,https://m.media-amazon.com/images/I/91uDN+rWBfL._AC_UL1500_.jpg,67.08
COACH WOMENS Corner Zip Wristlet In Canvas Leather,"Rated 4.6/5 from 3,519 Amazon shopper reviews.",https://m.media-amazon.com/images/I/61FShVP9ZaL._AC_UL1000_.jpg,67.00
Calvin Klein Quinn North/South Mini Tote Crossbody,Rated 4.3/5 from 29 Amazon shopper reviews.,https://m.media-amazon.com/images/I/71QEmURILgL._AC_UL1500_.jpg,66.80
Vera Bradley Women's Cotton Small Vera Tote Bag,"Rated 4.7/5 from 4,106 Amazon shopper reviews.",https://m.media-amazon.com/images/I/715s0U9mbYL._AC_UL1500_.jpg,66.50
"Vera Bradley Women's Cotton Campus Backpack, Galaxy Gray - Recycled Cotton, One Size","Rated 4.8/5 from 7,728 Amazon shopper reviews.",https://m.media-amazon.com/images/I/917dxinlXgL._AC_SL1500_.jpg,65.86
Vera Bradley Women's Cotton Large Travel Duffel Bag,"Rated 4.9/5 from 5,111 Amazon shopper reviews.",https://m.media-amazon.com/images/I/81XsANSXoQL._AC_UL1500_.jpg,65.63
Vera Bradley Cotton Utility Tote Bag,Rated 4.5/5 from 547 Amazon shopper reviews.,https://m.media-amazon.com/images/I/714j7MBXwQL._AC_UL1500_.jpg,65.26
Fossil Women's Rio 3-in-1 Wristlet,Rated 5/5 from 8 Amazon shopper reviews.,https://m.media-amazon.com/images/I/91k4aTV7uRL._AC_UL1500_.jpg,65.25
Tommy Hilfiger Women's Julia Small Dome Backpack,Rated 4.6/5 from 268 Amazon shopper reviews.,https://m.media-amazon.com/images/I/81d07cubXOL._AC_SL1500_.jpg,65.18
Tommy Hilfiger Karla Convertible Satchel,Rated 4.5/5 from 3 Amazon shopper reviews.,https://m.media-amazon.com/images/I/81qLP80xWWL._AC_UL1500_.jpg,65.06
Vera Bradley Extra Large Family Tote in Signature Quilted Cotton (Blue Tapestry),Rated 5/5 from 4 Amazon shopper reviews.,https://m.media-amazon.com/images/I/812PGkvPJSL._AC_UL1500_.jpg,65.00
Vera Bradley Women's Recycled Lighten Up ReActive Compact Crossbody Purse with RFID Protection,Rated 4.6/5 from 449 Amazon shopper reviews.,https://m.media-amazon.com/images/I/81ChuzkzKbL._AC_UL1500_.jpg,65.00
Vera Bradley Women's Cotton Sling Backpack Bookbag,"Rated 4.7/5 from 3,023 Amazon shopper reviews.",https://m.media-amazon.com/images/I/71Vy6uvrIYL._AC_UL1500_.jpg,65.00
Vera Bradley Performance Twill All in One Crossbody Purse with RFID Protection,Rated 4.4/5 from 106 Amazon shopper reviews.,https://m.media-amazon.com/images/I/91HJuALmn8L._AC_UL1500_.jpg,65.00
Vera Bradley Straw Bucket Crossbody Purse,Rated 4.6/5 from 162 Amazon shopper reviews.,https://m.media-amazon.com/images/I/81L6CLHUnZL._AC_UL1500_.jpg,65.00
Vera Bradley Women's Recycled Lighten Up ReActive Drawstring Family Tote Bag,Rated 4.7/5 from 453 Amazon shopper reviews.,https://m.media-amazon.com/images/I/81O9Hzvk3sL._AC_UL1500_.jpg,65.00
Vera Bradley Cotton Tote,Rated 4.6/5 from 556 Amazon shopper reviews.,https://m.media-amazon.com/images/I/714dC9qi2AL._AC_UL1500_.jpg,64.99
"Vera Bradley Women's Lighten Up Small Backpack, Ditsy Dot, One Size",Rated 4.5/5 from 64 Amazon shopper reviews.,https://m.media-amazon.com/images/I/917PivZh1uL._AC_SL1500_.jpg,64.99
Vera Bradley Cotton Hadley Crossbody Purse,Rated 4.2/5 from 80 Amazon shopper reviews.,https://m.media-amazon.com/images/I/A1OeUGBiNLL._AC_UL1500_.jpg,64.99
GUESS Factory Women's Hopwood Color-Block Satchel,Rated 4.2/5 from 2 Amazon shopper reviews.,https://m.media-amazon.com/images/I/71mplQU0u4L._AC_UL1500_.jpg,64.99
"Vera Bradley Women's Lighten Up Study Hall Backpack, Petite Paisley, One Size",Rated 4.5/5 from 150 Amazon shopper reviews.,https://m.media-amazon.com/images/I/910pdva-azL._AC_SL1500_.jpg,64.95
Centre Stage Clutch,Rated 5/5 from 2 Amazon shopper reviews.,https://m.media-amazon.com/images/I/816ztKKB5XL._AC_UL1500_.jpg,64.80
Vera Bradley Cotton Carson Mini Shoulder Bag Crossbody Purse,"Rated 4.7/5 from 1,086 Amazon shopper reviews.",https://m.media-amazon.com/images/I/71R-DIPCQ4L._AC_UL1500_.jpg,64.53
Betsey Johnson Charmed I'm Sure North/South Tote White One Size,Rated 4.7/5 from 5 Amazon shopper reviews.,https://m.media-amazon.com/images/I/51O20v3BsrL._AC_UL1500_.jpg,64.50
Tommy Hilfiger Women's Jaden Plus Backpack,Rated 4.5/5 from 63 Amazon shopper reviews.,https://m.media-amazon.com/images/I/91OnAhhINcS._AC_SL1500_.jpg,63.48
Vera Bradley Women's Performance Twill Triple Compartment Crossbody Purse,Rated 4.6/5 from 420 Amazon shopper reviews.,https://m.media-amazon.com/images/I/91et4gLpQgL._AC_UL1500_.jpg,63.00
Vera Bradley Mesh Multi-Pocket Beach Tote,Rated 4.8/5 from 31 Amazon shopper reviews.,https://m.media-amazon.com/images/I/71KmeEZgWFL._AC_UL1500_.jpg,62.30
ALDO Women's Callia Bucket Bag,Rated 4.6/5 from 74 Amazon shopper reviews.,https://m.media-amazon.com/images/I/71IlqqcxVgL._AC_UL1500_.jpg,61.70
Steve Madden Women's Bsammy Shoulder Bag,Rated 4.1/5 from 404 Amazon shopper reviews.,https://m.media-amazon.com/images/I/91SXAhnGC9L._AC_UL1500_.jpg,60.33
ALDO Women's Pythonia Top Handle Bag,Rated 4.2/5 from 90 Amazon shopper reviews.,https://m.media-amazon.com/images/I/71odL5gq9DL._AC_UL1500_.jpg,60.00
Vera Bradley Cotton Mini Hipster Crossbody Purse with RFID Protection,"Rated 4.6/5 from 4,320 Amazon shopper reviews.",https://m.media-amazon.com/images/I/91rP7gtDtAL._AC_UL1500_.jpg,60.00
Fossil Women's Kier Vegan Cactus Leather Tab Clutch Wallet,Rated 4.4/5 from 31 Amazon shopper reviews.,https://m.media-amazon.com/images/I/71bIVHEPhwL._AC_UL1500_.jpg,60.00
Vera Bradley Women's Recycled Lighten Up Reactive Crossbody Sling Purse,Rated 4.4/5 from 231 Amazon shopper reviews.,https://m.media-amazon.com/images/I/81FFdb3wcsS._AC_UL1500_.jpg,60.00
ALDO Women's Moad Shoulder Bag,Rated 4.9/5 from 12 Amazon shopper reviews.,https://m.media-amazon.com/images/I/71eyt+zkhsL._AC_UL1500_.jpg,60.00
Vera Bradley Women's Performance Twill Small Convertible Crossbody Purse with RFID Protection,Rated 4.6/5 from 220 Amazon shopper reviews.,https://m.media-amazon.com/images/I/81pPfPw935L._AC_UL1500_.jpg,60.00
Vera Bradley Cotton Carson Cellphone Crossbody Purse,Rated 4.6/5 from 889 Amazon shopper reviews.,https://m.media-amazon.com/images/I/51DV3P2IxSL._AC_UL1010_.jpg,59.99
Vera Bradley Cotton Utility Mini Backpack Purse,Rated 4.3/5 from 212 Amazon shopper reviews.,https://m.media-amazon.com/images/I/81oNZMFe6QL._AC_UL1500_.jpg,59.99
NINE WEST Aidenne Satchel,Rated 4.4/5 from 604 Amazon shopper reviews.,https://m.media-amazon.com/images/I/71ZsABdv9bL._AC_UL1500_.jpg,59.99
Badgley Mischka Anna Vegan Leather Tote Weekender Travel Bag,Rated 5/5 from 4 Amazon shopper reviews.,https://m.media-amazon.com/images/I/81trhrzWplL._AC_SL1500_.jpg,59.99
Vera Bradley Lighten Up Slim Crossbody Purse,Rated 4.6/5 from 157 Amazon shopper reviews.,https://m.media-amazon.com/images/I/91aghWIPA9L._AC_UL1500_.jpg,59.99
Vera Bradley Preppy Poly NoSo Tote- Retired Prints (Citrine),Rated 5/5 from 3 Amazon shopper reviews.,https://m.media-amazon.com/images/I/41MXU9TJZSL._AC_.jpg,59.90
Vera Bradley Cotton on The Go Crossbody Purse,"Rated 4.7/5 from 2,113 Amazon shopper reviews.",https://m.media-amazon.com/images/I/81ZMLZbx2UL._AC_UL1500_.jpg,59.50
Vera Bradley Women's Peformance Twill Medium Hipster Crossbody Purse,Rated 4.6/5 from 125 Amazon shopper reviews.,https://m.media-amazon.com/images/I/71YnV2at2XL._AC_UL1500_.jpg,59.50
Vera Bradley Women's Microfiber Little Hipster Crossbody Purse with RFID Protection,Rated 4.6/5 from 640 Amazon shopper reviews.,https://m.media-amazon.com/images/I/71ZvskOzRhL._AC_UL1500_.jpg,59.50
Vera Bradley Microfiber Turnabout Crossbody Purse,Rated 4.5/5 from 157 Amazon shopper reviews.,https://m.media-amazon.com/images/I/81Z-PZNxzSL._AC_UL1500_.jpg,59.48
"NINE WEST Sunnyside Tote, Beige Logo/Milk",Rated 2.9/5 from 3 Amazon shopper reviews.,https://m.media-amazon.com/images/I/81QAY84pS7L._AC_UL1500_.jpg,59.40
Karl Lagerfeld Paris Women's Amour Nylon Belt Bag,Rated 4/5 from 27 Amazon shopper reviews.,https://m.media-amazon.com/images/I/81tykFRXrHL._AC_UL1500_.jpg,58.80
Vera Bradley Deluxe Canvas Tote Bag,Rated 4.5/5 from 77 Amazon shopper reviews.,https://m.media-amazon.com/images/I/71aErGhZK2L._AC_UL1500_.jpg,58.73
ALDO Women's Aerrassa Clutch Bag,Rated 4.1/5 from 8 Amazon shopper reviews.,https://m.media-amazon.com/images/I/71mvq3L6quL._AC_UL1500_.jpg,58.46
Calvin Klein Sonoma Double Handle Signature North/South Tote with Removable Wristlet Pouch,Rated 4.4/5 from 424 Amazon shopper reviews.,https://m.media-amazon.com/images/I/81-JD1EsuDL._AC_UL1500_.jpg,58.02
COACH Womens Trigger Snap Bag Charm In Leather,Rated 4.6/5 from 131 Amazon shopper reviews.,https://m.media-amazon.com/images/I/51tuGjWelYL._AC_UL1000_.jpg,58.00
Ted Baker Womens Knot Bow Icon Handbag Bags And Wallets Pink,Rated 4.6/5 from 156 Amazon shopper reviews.,https://m.media-amazon.com/images/I/61ODoeRL65L._AC_UL1500_.jpg,57.66
Frye Women's Belt Bag,Rated 3.5/5 from 53 Amazon shopper reviews.,https://m.media-amazon.com/images/I/61bcyQrA92L._AC_UL1500_.jpg,57.37
"Fossil Women's Logan Faux Leather Wallet RFID Blocking Tab Clutch, Brown/Black Signature Print (Model: SL7827199)",Rated 4.5/5 from 25 Amazon shopper reviews.,https://m.media-amazon.com/images/I/81xAXHF+ybL._AC_UL1500_.jpg,57.34
"Dooney & Bourke Handbag, Ostrich Large Frame Purse Clutch",Rated 5/5 from 6 Amazon shopper reviews.,https://m.media-amazon.com/images/I/71wxI2WhH2L._AC_UL1500_.jpg,57.20
Vera Bradley Cotton Vivian Hobo Satchel Purse,Rated 4.1/5 from 47 Amazon shopper reviews.,https://m.media-amazon.com/images/I/91hNyPMQI+L._AC_UL1500_.jpg,56.85
Vera Bradley Cotton Tote Bag,"Rated 4.7/5 from 1,089 Amazon shopper reviews.",https://m.media-amazon.com/images/I/91Q24Z7OSbL._AC_UL1500_.jpg,56.62
"DKNY Women's Casual Lightweight Backpack, Black, One Size",Rated 3/5 from 1 Amazon shopper reviews.,https://m.media-amazon.com/images/I/71N8uHZElYL._AC_SL1500_.jpg,56.20
Coach Women's Corner Zip Wristlet With Garden Plaid Print (Midnight Multi),Rated 4.3/5 from 15 Amazon shopper reviews.,https://m.media-amazon.com/images/I/81uZz56yVhL._AC_UL1500_.jpg,56.00
Vera Bradley Straw Tote Bag,Rated 4.7/5 from 178 Amazon shopper reviews.,https://m.media-amazon.com/images/I/81jGm8yG6nL._AC_UL1500_.jpg,55.97
"Vera Bradley Women's Performance Twill Convertible Small Backpack, Paris Plaid, One Size",Rated 4.1/5 from 30 Amazon shopper reviews.,https://m.media-amazon.com/images/I/81SW0JWLDAL._AC_SL1500_.jpg,55.76
Vera Bradley Cotton Grand Tote Bag,Rated 4.6/5 from 118 Amazon shopper reviews.,https://m.media-amazon.com/images/I/81RL0wfbSIL._AC_UL1500_.jpg,55.03
ALDO Women's Agroliaa Top Handle Bag,Rated 4.5/5 from 231 Amazon shopper reviews.,https://m.media-amazon.com/images/I/6123MuaO9XL._AC_UL1500_.jpg,55.00
GUESS Factory Women's Mini Faux-Leather Logo Backpack Crossbody,Rated 4.4/5 from 4 Amazon shopper reviews.,https://m.media-amazon.com/images/I/61KFJCFZVuL._AC_SL1243_.jpg,55.00
Vera Bradley Straw Crossbody Purse,Rated 4.6/5 from 341 Amazon shopper reviews.,https://m.media-amazon.com/images/I/91LH3R0zgML._AC_UL1500_.jpg,55.00
Steve Madden Trell Clutch,Rated 4.4/5 from 38 Amazon shopper reviews.,https://m.media-amazon.com/images/I/71pZL3sXwrL._AC_UL1500_.jpg,54.99
Vera Bradley Preppy Poly Molly Crossbody Purse,Rated 3.8/5 from 14 Amazon shopper reviews.,https://m.media-amazon.com/images/I/A1WqCjCWURL._AC_UL1500_.jpg,54.99
Vera Bradley Lighten Up Travel Ready Crossbody Purse,Rated 4.7/5 from 111 Amazon shopper reviews.,https://m.media-amazon.com/images/I/A1SBTs28ZZL._AC_UL1500_.jpg,54.99
Vera Bradley Women's Trimmed Trapeze Crossbody Lucky Dots Cross Body,Rated 5/5 from 2 Amazon shopper reviews.,https://m.media-amazon.com/images/I/61bgVZw+O+L._AC_SL1024_.jpg,54.97
Nine West Colby Satchel Bright Sky One Size,Rated 4.2/5 from 9 Amazon shopper reviews.,https://m.media-amazon.com/images/I/81f6IE-HtXS._AC_UL1500_.jpg,54.95
COACH Women's Corner Zip Wristlet With Garden Plaid Print,Rated 4.7/5 from 16 Amazon shopper reviews.,https://m.media-amazon.com/images/I/71lXJH4jNcL._AC_UL1500_.jpg,54.00
Vera Bradley Women's Cotton Mini Multi-Compartment Crossbody Purse,"Rated 4.5/5 from 1,386 Amazon shopper reviews.",https://m.media-amazon.com/images/I/81yKq52VIcL._AC_UL1500_.jpg,53.90
Nine West Lennox Tote,Rated 4.6/5 from 52 Amazon shopper reviews.,https://m.media-amazon.com/images/I/81W4471Ov1L._AC_UL1500_.jpg,53.00
Patricia Nash Women's Capri Zip Pouch Clutch Wristlet Wallet Purse Bag,Rated 4.8/5 from 4 Amazon shopper reviews.,https://m.media-amazon.com/images/I/91TOpqPUqIL._AC_UL1500_.jpg,52.99
Michael Kors Jet Set Small Coin Purse,Rated 4.8/5 from 408 Amazon shopper reviews.,https://m.media-amazon.com/images/I/41dBr7CNJyL._AC_.jpg,52.80
Relic by Fossil Bailey Double Shoulder Handbag Purse,Rated 4.3/5 from 873 Amazon shopper reviews.,https://m.media-amazon.com/images/I/61zIYP7RNuL._AC_UL1000_.jpg,52.54
Vera Bradley Women's Cotton All in One Crossbody Purse with RFID Protection,"Rated 4.7/5 from 4,943 Amazon shopper reviews.",https://m.media-amazon.com/images/I/81ptKQ-HgML._AC_UL1500_.jpg,52.50
Vera Bradley Women's Recycled Lighten Up ReActive Small Gym Bag,Rated 4.5/5 from 24 Amazon shopper reviews.,https://m.media-amazon.com/images/I/91ziqNRF1NL._AC_UL1500_.jpg,51.75
Karl Lagerfeld Paris Double Strap Logo Kristen Tote,Rated 4.5/5 from 65 Amazon shopper reviews.,https://m.media-amazon.com/images/I/81YstKrx7EL._AC_UL1500_.jpg,51.58
"Dooney & Bourke Wallet, Pebble Grain Large Framed Purse Coin Case - Bone",Rated 4.5/5 from 45 Amazon shopper reviews.,https://m.media-amazon.com/images/I/51ayOu2OrqL._AC_SL1500_.jpg,50.70
Steve Madden Womens Handbags Shaye Beaded Embroidered Clutch Crossbody,Rated 4.8/5 from 4 Amazon shopper reviews.,https://m.media-amazon.com/images/I/A1hNRSSer2L._AC_UL1500_.jpg,50.00
ALDO Women's Legiora Crossbody Bag,Rated 4.3/5 from 62 Amazon shopper reviews.,https://m.media-amazon.com/images/I/71OoGGFm8ML._AC_UL1500_.jpg,50.00
Vera Bradley Women's City Shopper Market Tote Handbag,Rated 4.7/5 from 30 Amazon shopper reviews.,https://m.media-amazon.com/images/I/81a3ZgwKJxL._AC_UL1500_.jpg,50.00
ALDO Women's Agrelin Crossbody Bag,Rated 4.4/5 from 636 Amazon shopper reviews.,https://m.media-amazon.com/images/I/61ze-uCPCCL._AC_UL1500_.jpg,50.00
Vera Bradley Women's Day Off Satchel Painted Medallions/Mineral Blue One Size,Rated 5/5 from 6 Amazon shopper reviews.,https://m.media-amazon.com/images/I/81oE6umjTUL._AC_UL1001_.jpg,49.99
Vera Bradley Extra Large Family Tote in Signature Quilted Cotton (Chandelier Noir),Rated 4.8/5 from 7 Amazon shopper reviews.,https://m.media-amazon.com/images/I/81Oi4pScoML._AC_UL1500_.jpg,49.99
"Vera Bradley Womens Lighten Up Campus Backpack,Pink Swirls",Rated 1/5 from 1 Amazon shopper reviews.,https://m.media-amazon.com/images/I/718qrI8EVHL._AC_UL1000_.jpg,49.99
Betsey Johnson 15.6 Inch Zipper Beach Tote Bag –Lightweight Large Durable Polyester with Mesh Side Pockets for Gym Work,Rated 4.6/5 from 114 Amazon shopper reviews.,https://m.media-amazon.com/images/I/71IkvUy8gGL._AC_UL1500_.jpg,49.99
Vera Bradley Cotton Hipster Crossbody Purse,"Rated 4.7/5 from 3,495 Amazon shopper reviews.",https://m.media-amazon.com/images/I/91WKTqRVymL._AC_UL1500_.jpg,49.99
GUESS Women's Dilla Multi Clutch Wallet,Rated 4.5/5 from 46 Amazon shopper reviews.,https://m.media-amazon.com/images/I/91D6TD8zgkL._AC_UL1500_.jpg,49.99
Vera Bradley Women's Cotton Convertible Pouch With Rfid Protection Crossbody Purse,Rated 4.7/5 from 52 Amazon shopper reviews.,https://m.media-amazon.com/images/I/71g-zEtu-7L._AC_UL1500_.jpg,49.99
Vera Bradley Women's Wristlet,Rated 4/5 from 26 Amazon shopper reviews.,https://m.media-amazon.com/images/I/81Qg2UVmPQL._AC_UL1500_.jpg,49.99
Vera Bradley Lighten Up on The Horizon Crossbody Purse,Rated 4.5/5 from 75 Amazon shopper reviews.,https://m.media-amazon.com/images/I/91dHezKtRWL._AC_UL1500_.jpg,49.99
Vera Bradley Cotton Hadley on The Go Satchel Purse,Rated 4.4/5 from 102 Amazon shopper reviews.,https://m.media-amazon.com/images/I/A1vljnsOvrL._AC_UL1500_.jpg,49.99
Nine West Karisma Satchel,Rated 4.5/5 from 3 Amazon shopper reviews.,https://m.media-amazon.com/images/I/8101xbFPLeL._AC_UL1500_.jpg,49.99
Vera Bradley Puffy Tote,Rated 3.6/5 from 5 Amazon shopper reviews.,https://m.media-amazon.com/images/I/51kwDFCDhZL._AC_UL1024_.jpg,49.99
Nine West Gracyn Satchel,Rated 4.5/5 from 192 Amazon shopper reviews.,https://m.media-amazon.com/images/I/81PimyDPQDL._AC_UL1500_.jpg,49.95
Coach Womens Keychain Santa Bear Bag Charm Gold,Rated 5/5 from 6 Amazon shopper reviews.,https://m.media-amazon.com/images/I/51dqYpcndwL._AC_UL1268_.jpg,49.95
Vera Bradley Lighten Up Cooler Tote Fireworks Paisley One Size,Rated 4.7/5 from 5 Amazon shopper reviews.,https://m.media-amazon.com/images/I/71k3WntZGUL._AC_SL1500_.jpg,49.85
"GUESS womens Satchel, Satchel Shoulder Bag, Black, One Size US",Rated 4.6/5 from 290 Amazon shopper reviews.,https://m.media-amazon.com/images/I/81ki9DcyVJL._AC_UL1500_.jpg,49.65
"HOBO Revolve Wristlet Leather Wallet For Women - Zipper Closure, Polyester Lining, And Interior Back-Wall Zip And Slip Pocket Anthracite One Size One Size",Rated 4.7/5 from 14 Amazon shopper reviews.,https://m.media-amazon.com/images/I/91hfjuiwYnL._AC_SL1500_.jpg,49.14
Vera Bradley Women's Cotton Little Hipster Crossbody Purse with RFID Protection,"Rated 4.7/5 from 3,002 Amazon shopper reviews.",https://m.media-amazon.com/images/I/61KRqtylbxL._AC_UL1500_.jpg,49.00
Vera Bradley Women's Cotton Medium Travel Duffel Bag,Rated 5/5 from 36 Amazon shopper reviews.,https://m.media-amazon.com/images/I/81CTAoutzPL._AC_UL1500_.jpg,49.00
Vera Bradley Women's Cotton Accordion Wristlet with RFID Protection,Rated 4.7/5 from 561 Amazon shopper reviews.,https://m.media-amazon.com/images/I/71e4jRs2TnL._AC_UL1500_.jpg,49.00
Vera Bradley Cotton Shoulder Satchel Purse,Rated 4.2/5 from 46 Amazon shopper reviews.,https://m.media-amazon.com/images/I/81a18JTYpUL._AC_UL1500_.jpg,48.99
Vera Bradley Tote (Ziggy Zinnia),Rated 3.5/5 from 8 Amazon shopper reviews.,https://m.media-amazon.com/images/I/61Waf80FfEL._AC_UL1024_.jpg,48.99
Vera Bradley Tote Emerald Paisley,Rated 5/5 from 2 Amazon shopper reviews.,https://m.media-amazon.com/images/I/71HeMVriHFL._AC_UL1000_.jpg,48.99
Vera Bradley Clutch Wallet,Rated 4.4/5 from 80 Amazon shopper reviews.,https://m.media-amazon.com/images/I/81xvrjA19cL._AC_UL1500_.jpg,48.99
Vera Bradley Microfiber Carson Hobo Satchel Purse,Rated 4.4/5 from 30 Amazon shopper reviews.,https://m.media-amazon.com/images/I/91vg50vhUXL._AC_UL1500_.jpg,48.89
Vera Bradley Cotton Hadley Hipster Crossbody Purse,Rated 4.7/5 from 81 Amazon shopper reviews.,https://m.media-amazon.com/images/I/A1yHQ4tGIqL._AC_UL1500_.jpg,48.57
Vera Bradley Women's Cotton Utility Crossbody Purse,Rated 4.5/5 from 385 Amazon shopper reviews.,https://m.media-amazon.com/images/I/81rreGp2A6L._AC_UL1500_.jpg,48.30
Nine West Paulson Tote,Rated 4.4/5 from 247 Amazon shopper reviews.,https://m.media-amazon.com/images/I/81ow52Rpt5L._AC_UL1500_.jpg,48.00
Vera Bradley Women's Recycled Lighten Up Reactive Deluxe Drawstring Backsack Backpack Bookbag,Rated 4.8/5 from 231 Amazon shopper reviews.,https://m.media-amazon.com/images/I/61+ETpRkZxL._AC_UL1008_.jpg,48.00
Guess Women's Roseburg G Logo Large Wallet Clutch Bag - Cognac,Rated 5/5 from 2 Amazon shopper reviews.,https://m.media-amazon.com/images/I/61GLT0yoRVL._AC_UL1000_.jpg,48.00
Vera Bradley Knot Just a Clutch Bag (Loves Me),Rated 5/5 from 2 Amazon shopper reviews.,https://m.media-amazon.com/images/I/51EYnzU1e8L._AC_.jpg,47.99
Anne Klein Quilted Nylon Medium Tote,Rated 4.5/5 from 24 Amazon shopper reviews.,https://m.media-amazon.com/images/I/71uugzBFcVL._AC_UL1500_.jpg,47.96
Fossil Women's Logan Leather RFID-Blocking Tab Clutch Wallet,"Rated 4.7/5 from 2,982 Amazon shopper reviews.",https://m.media-amazon.com/images/I/81rC99FtjgL._AC_UL1500_.jpg,47.60
Michael Kors Hamilton Small Leather Satchel Crossbody Bag (Merlot),Rated 4/5 from 8 Amazon shopper reviews.,https://m.media-amazon.com/images/I/916YO2DPBrL._AC_UL1500_.jpg,47.32
Vera Bradley Straw Mini Backpack Purse,Rated 4.4/5 from 70 Amazon shopper reviews.,https://m.media-amazon.com/images/I/91ktxPDWpVL._AC_UL1500_.jpg,47.20
Nine West Women's Maisie Jet Set Satchel,Rated 4/5 from 23 Amazon shopper reviews.,https://m.media-amazon.com/images/I/51S2U+rHIPL._AC_UL1500_.jpg,47.00
Anne Klein E/W Horsebit Satchel,Rated 4.3/5 from 52 Amazon shopper reviews.,https://m.media-amazon.com/images/I/81Yjjo+-InL._AC_UL1500_.jpg,46.75
Vera Bradley Cotton Carson Crossbody Purse,Rated 4.2/5 from 24 Amazon shopper reviews.,https://m.media-amazon.com/images/I/81LVJPlZw7L._AC_UL1500_.jpg,46.29
"Anne Klein Printed Tote, Skye isle Snake/Anne White/Skye isle",Rated 3.8/5 from 8 Amazon shopper reviews.,https://m.media-amazon.com/images/I/91YeQhHLzCL._AC_UL1500_.jpg,46.16
ALDO Women's Galilinia Backpack,Rated 4.3/5 from 98 Amazon shopper reviews.,https://m.media-amazon.com/images/I/7107aYXx9rL._AC_UL1500_.jpg,46.14
Vera Bradley Women's Cotton Mini Sling Backpack Bookbag,"Rated 4.5/5 from 1,246 Amazon shopper reviews.",https://m.media-amazon.com/images/I/71kzLOs68oL._AC_UL1500_.jpg,45.99
Michael Kors Women's Jet Set Travel Dbl Zip Wristlet,"Rated 4.7/5 from 1,319 Amazon shopper reviews.",https://m.media-amazon.com/images/I/51hVtoUKacL._AC_.jpg,45.94
Vera Bradley Women's Performance Twill Wristlet with RFID Protection,Rated 4.7/5 from 172 Amazon shopper reviews.,https://m.media-amazon.com/images/I/919+qckVEeL._AC_UL1500_.jpg,45.94
Nine West Leisha Satchel,Rated 4.4/5 from 30 Amazon shopper reviews.,https://m.media-amazon.com/images/I/816O2YPD8cL._AC_UL1500_.jpg,45.54
"Vera Bradley Women's Recycled Lighten Up Reactive Mini Sling Backpack, Black, One Size","Rated 4.6/5 from 3,198 Amazon shopper reviews.",https://m.media-amazon.com/images/I/71vW9HvZcDL._AC_SL1500_.jpg,45.50
Vera Bradley Women's Recycled Lighten Up Reactive Sling Backpack Bookbag,"Rated 4.7/5 from 2,290 Amazon shopper reviews.",https://m.media-amazon.com/images/I/81-7lrKJrCL._AC_UL1500_.jpg,45.50
ALDO Women's Crodia Crossbody Bag,Rated 4.5/5 from 590 Amazon shopper reviews.,https://m.media-amazon.com/images/I/61yPh8BEeXL._AC_UL1500_.jpg,45.39
Vera Bradley Ripstop Packable Tote,Rated 4.4/5 from 15 Amazon shopper reviews.,https://m.media-amazon.com/images/I/71GGbRWhOgL._AC_UL1500_.jpg,45.00
Nine West Elona Satchel,Rated 4.2/5 from 81 Amazon shopper reviews.,https://m.media-amazon.com/images/I/71V72ZlymyL._AC_UL1500_.jpg,45.00
Vera Bradley Cotton Small Convertible Crossbody Purse with RFID Protection,Rated 4.6/5 from 186 Amazon shopper reviews.,https://m.media-amazon.com/images/I/91lulZBVW9S._AC_UL1500_.jpg,45.00
Gucci Soho Flame Red Leather Bag Soft Hobo Italy Handbag New,Rated 3.4/5 from 2 Amazon shopper reviews.,https://m.media-amazon.com/images/I/71boaQ3QM4L._AC_UL1500_.jpg,2995.00
Prada Women's Vitello Daino Black Leather Satchel Bag Handbag 1BC051,Rated 5/5 from 5 Amazon shopper reviews.,https://m.media-amazon.com/images/I/71VeYcAFwNL._AC_UL1200_.jpg,2695.00
Gucci Mystic White Zumi Shoulder Bag Small Handbag Gold Strap Italy Authentic NW,Rated 5/5 from 1 Amazon shopper reviews.,https://m.media-amazon.com/images/I/311VAtIuF1L._AC_.jpg,2599.99
Prada Women's Brown Vitello Phenix Shopping Tote Top Handle Bag Shoulder Bag 1BG865,Rated 5/5 from 2 Amazon shopper reviews.,https://m.media-amazon.com/images/I/61tY5KbRiVL._AC_UL1323_.jpg,2495.00
Gucci Soho Interlocking GG Red Leather Chain Flap Shoulder Bag Handbag Italy New,Rated 2.8/5 from 5 Amazon shopper reviews.,https://m.media-amazon.com/images/I/71p3zGIjUWL._AC_UL1500_.jpg,2035.00
Prada Unisex Medium Black Tessuto Nylon Messenger Crossbody Handbag,Rated 3.7/5 from 5 Amazon shopper reviews.,https://m.media-amazon.com/images/I/61ZCOZFCntL._AC_UL1000_.jpg,1795.00
Gucci Women's Leather Micro GG Guccissima Mini Crossbody Wallet Bag Purse (Black),Rated 3.8/5 from 16 Amazon shopper reviews.,https://m.media-amazon.com/images/I/81NiqpUxWOL._AC_UL1500_.jpg,1495.00
Disney Cats Barrel Satchel Handbag Purse by Dooney & Bourke,Rated 5/5 from 3 Amazon shopper reviews.,https://m.media-amazon.com/images/I/91UPa1RIdHL._AC_UL1500_.jpg,798.00
Ree Projects Women's Ann Tote Medium,Rated 5/5 from 1 Amazon shopper reviews.,https://m.media-amazon.com/images/I/514g7b0++nL._AC_UL1500_.jpg,725.00
Disney Cats Dome Satchel Handbag Purse by Dooney & Bourke,Rated 5/5 from 5 Amazon shopper reviews.,https://m.media-amazon.com/images/I/71D5tXa5f0L._AC_UL1403_.jpg,698.00
MCM Women's Medium Liz Shopper Tote,Rated 4.3/5 from 141 Amazon shopper reviews.,https://m.media-amazon.com/images/I/91TPg5VXK3L._AC_UL1500_.jpg,695.00
Disneyland 60th Diamond Celebration 2015 Dooney & Bourke Shopper Tote Handbag A,Rated 5/5 from 5 Amazon shopper reviews.,https://m.media-amazon.com/images/I/81H7A9wwbXL._AC_UL1500_.jpg,685.00
3.1 Phillip Lim Women's Pashli Mini Satchel,Rated 4.6/5 from 13 Amazon shopper reviews.,https://m.media-amazon.com/images/I/91GMvxwc7PL._AC_UL1500_.jpg,601.73
Andrew Marc Handbags Alter Ego Shoulder Bag,Rated 3.9/5 from 5 Amazon shopper reviews.,https://m.media-amazon.com/images/I/81nxkcCvHwL._AC_UL1500_.jpg,565.00
Bric's USA Luggage Model: LIFE |Size: tuscan cosmetic tote | Color: OLIVE,Rated 4.4/5 from 53 Amazon shopper reviews.,https://m.media-amazon.com/images/I/81WbItCC1+S._AC_SL1500_.jpg,545.00
Hammitt Daniel Medium Tote,Rated 3.7/5 from 14 Amazon shopper reviews.,https://m.media-amazon.com/images/I/81qGafSdFyL._AC_UL1500_.jpg,525.00
Disney Harveys The Little Mermaid Medium Streamline Tote Bag Purse,Rated 5/5 from 5 Amazon shopper reviews.,https://m.media-amazon.com/images/I/81ifwW1UhmL._AC_UL1500_.jpg,498.00
MCM Womens Fursten Spektrum Visetos Belt Bag Small Spectrum Diamond White One Size,Rated 5/5 from 2 Amazon shopper reviews.,https://m.media-amazon.com/images/I/51DZvCZsKQL._AC_UL1100_.jpg,495.00
Hammitt Oliver Medium Tote,Rated 4.8/5 from 9 Amazon shopper reviews.,https://m.media-amazon.com/images/I/61FYLzuV2DL._AC_UL1500_.jpg,475.00
Disney Dooney & Bourke Princess Snow White Emily Tote Bag Purse,Rated 5/5 from 7 Amazon shopper reviews.,https://m.media-amazon.com/images/I/71462ub92cL._AC_UL1200_.jpg,445.49
"Piel Leather Large Classic Satchel Carry-On, Charcoal, One Size",Rated 5/5 from 6 Amazon shopper reviews.,https://m.media-amazon.com/images/I/81TheOYHzhL._AC_SL1500_.jpg,416.24
Time Resistance Leather Doctor Bag Purse Medical Handbag Vintage Brown Key Lock Briefcase,Rated 4.3/5 from 25 Amazon shopper reviews.,https://m.media-amazon.com/images/I/91V+KXZwpVL._AC_SL1500_.jpg,416.00
Mary Frances Desert Cactus Flower Beaded Bejeweled Handbag Shoulder Bag,Rated 5/5 from 2 Amazon shopper reviews.,https://m.media-amazon.com/images/I/71fQiFk9WyL._AC_UL1000_.jpg,399.00
Disney Orange Bird Kendra Crossbody Satchel by Dooney & Bourke,Rated 5/5 from 7 Amazon shopper reviews.,https://m.media-amazon.com/images/I/81qEk8yf9pL._AC_UL1200_.jpg,398.00
rag & bone Women's Passenger Crossbody Bag,Rated 3.6/5 from 18 Amazon shopper reviews.,https://m.media-amazon.com/images/I/818gnw3jHQL._AC_UL1500_.jpg,395.00
"LuneVille lady's messenger bag with detachable messenger strap, one-shoulder handbag Golden Deer Phantom (LW003)",Rated 5/5 from 1 Amazon shopper reviews.,https://m.media-amazon.com/images/I/71RM28vRteL._AC_UL1500_.jpg,379.99
Mary Frances Women's Taxi Clutch Shoulder Handbag,Rated 5/5 from 8 Amazon shopper reviews.,https://m.media-amazon.com/images/I/911hrA4TbUL._AC_UL1500_.jpg,378.00
Chelsea Alexis Business Tote #5886 (Red),Rated 4/5 from 3 Amazon shopper reviews.,https://m.media-amazon.com/images/I/71h5wktSDYL._AC_SL1500_.jpg,375.00
"Mary Frances womens Champagne on Ice Handbags, Multiple, One Size US",Rated 4/5 from 13 Amazon shopper reviews.,https://m.media-amazon.com/images/I/91Ck7r50U+L._AC_UL1500_.jpg,370.01
"Mary Frances Greatest Hits Beaded Guitar Crossbody Handbag Purse, Black/White",Rated 4.3/5 from 7 Amazon shopper reviews.,https://m.media-amazon.com/images/I/71sTg46wCuL._AC_UL1000_.jpg,369.00
Bed|Stu Women’s Amelie Leather Bag,Rated 4.5/5 from 36 Amazon shopper reviews.,https://m.media-amazon.com/images/I/71Sw1hOxREL._AC_UL1326_.jpg,345.00
"Unitravel 3 Piece Vintage Combination Luggage Set, Hardshell Women Cute Suitcase with Spinner Wheels and Train Bag (Embossed Pink, 26""+20""+12"")",Rated 4.3/5 from 146 Amazon shopper reviews.,https://m.media-amazon.com/images/I/71u4MBiVf5S._AC_SL1500_.jpg,332.10
"universal trotter Vintage Style Luggage Set 3 Piece, TSA Lock, Spinner Wheel, 26"" Check-In, 20"" Carry-On, 12"" Boarding Tote",Rated 4/5 from 11 Amazon shopper reviews.,https://m.media-amazon.com/images/I/71syU+DtUaL._AC_SL1500_.jpg,331.00
TUMI - Voyageur Essential Backpack for Women - Grey,Rated 4.6/5 from 43 Amazon shopper reviews.,https://m.media-amazon.com/images/I/51I6uI0bQzL._AC_SL1042_.jpg,325.00
Bed|Stu Women’s Delta Leather Bag,Rated 3.7/5 from 22 Amazon shopper reviews.,https://m.media-amazon.com/images/I/7184uOirbOL._AC_UL1326_.jpg,325.00
"Mary Frances womens Lucky 7 Handbags, Multiple, One Size US",Rated 5/5 from 6 Amazon shopper reviews.,https://m.media-amazon.com/images/I/A1Vuh4AqRxL._AC_UL1500_.jpg,325.00
"Nicole Miller Designer Luggage Paige Collection - 4 Piece Softside Lightweight Expandable Spinner Suitcases- Set includes 17 Inch Tote Bag, 20 Inch Carry On, 24 Inch & 28 Inch Suitcases (Silver)",Rated 4.3/5 from 104 Amazon shopper reviews.,https://m.media-amazon.com/images/I/A1EQ37fNIQL._AC_SL1500_.jpg,319.99
"Time Resistance Leather Doctor Bag with Key Lock | Medical, Hand Dyed by Vegetable Tanning, Satchel, Briefcase, Unisex",Rated 5/5 from 19 Amazon shopper reviews.,https://m.media-amazon.com/images/I/919c0ptiR2L._AC_UL1500_.jpg,319.95
Naghedi Women's St Barths Large Tote,Rated 5/5 from 13 Amazon shopper reviews.,https://m.media-amazon.com/images/I/51+VMh4O0mL._AC_UL1500_.jpg,315.00
"Caribbean Joe Castaway Designer Luggage - 4 Piece Softside Expandable Lightweight Spinner Suitcases- Travel Set includes Tote Bag, 20-Inch Carry on, 24 Inch and 28-Inch Suitcases (Royal Blue)",Rated 3.9/5 from 22 Amazon shopper reviews.,https://m.media-amazon.com/images/I/91qj9kEzqrL._AC_SL1500_.jpg,309.99
American West Women's Chocolate Cow Town Large Convertible Zip Top Satchel Chocolate One Size,Rated 2/5 from 1 Amazon shopper reviews.,https://m.media-amazon.com/images/I/71oLp8P9J7L._AC_UL1500_.jpg,308.00
Time Resistance Leather Tote Bag for Women Shoulder Bag Handmade Brown Purse,Rated 4.4/5 from 49 Amazon shopper reviews.,https://m.media-amazon.com/images/I/912PmeKZH7L._AC_UL1500_.jpg,300.00
"Mary Frances Fall in Love Top Handle Handbag, Red",Rated 3.6/5 from 8 Amazon shopper reviews.,https://m.media-amazon.com/images/I/91yGyTuNK5L._AC_UL1500_.jpg,299.99
MICHAEL Michael Kors Jet Set Chain Strap Large Shoulder Tote,Rated 5/5 from 4 Amazon shopper reviews.,https://m.media-amazon.com/images/I/31-tU2K9gmL._AC_.jpg,298.00
Floto Livorno Shoulder Tote Bag in Full Grain Italian Calfskin Leather,Rated 4.4/5 from 6 Amazon shopper reviews.,https://m.media-amazon.com/images/I/81kJYTPe9yL._AC_UL1500_.jpg,295.20
Latico Leathers Colin Women's Handbag Tote - Made From 100% Genuine Authentic Leather Handcrafted by Artisans,Rated 3.8/5 from 10 Amazon shopper reviews.,https://m.media-amazon.com/images/I/81hrwPdqCZL._AC_UL1500_.jpg,295.00
"Mary Frances The North Calls, Disney Frozen 2 Beaded Crossbody Handbag",Rated 3.8/5 from 5 Amazon shopper reviews.,https://m.media-amazon.com/images/I/81vO2EOvPwL._AC_UL1000_.jpg,290.00
Duluth Pack Sportsmans Tote,Rated 5/5 from 5 Amazon shopper reviews.,https://m.media-amazon.com/images/I/71Q1QR84Q3L._AC_SL1500_.jpg,290.00
Bellroy Tokyo Totepack Premium (Convertible Leather Laptop Backpack and Tote Bag),Rated 4.4/5 from 37 Amazon shopper reviews.,https://m.media-amazon.com/images/I/51OUXY-Kf1L._AC_UL1200_.jpg,289.00
Michael Kors Studio Mercer Large Leather Satchel,Rated 4.5/5 from 23 Amazon shopper reviews.,https://m.media-amazon.com/images/I/91cc6V68yEL._AC_UL1500_.jpg,289.00
Disney Dooney and Bourke 2017 Epcot Food And Wine Festival Tote Purse,Rated 4.3/5 from 6 Amazon shopper reviews.,https://m.media-amazon.com/images/I/71msllgGWPL._AC_UL1374_.jpg,284.95
"Anuschka Women's Multi Pocket Convertible Tote, Multicoloured, One Size",Rated 4.2/5 from 16 Amazon shopper reviews.,https://m.media-amazon.com/images/I/91IuMUemk9L._AC_SL1500_.jpg,279.90
Time Resistance Leather Handbag - Top Handle Bag - Full-Grain Leather Purse for Women,Rated 4.4/5 from 19 Amazon shopper reviews.,https://m.media-amazon.com/images/I/91FfUwwnvDL._AC_UL1500_.jpg,279.00
American West Handcrafted Leather Hobo Purse Handbag Women's Tooled Western Sholder Bag,Rated 3.4/5 from 5 Amazon shopper reviews.,https://m.media-amazon.com/images/I/71UnS1snIrL._AC_UL1000_.jpg,275.00
"Travelpro Platinum Elite Underseat Spinner Tote Bag with USB Port, Shadow Black, 16-Inch",Rated 4.7/5 from 166 Amazon shopper reviews.,https://m.media-amazon.com/images/I/91zeag8t44L._AC_SL1500_.jpg,271.99
"Mary Frances No Filter Goldfish Bowl Beaded Crossbody Handbag, Blue",Rated 3.9/5 from 5 Amazon shopper reviews.,https://m.media-amazon.com/images/I/71b5fjisd8L._AC_UL1000_.jpg,269.99
Genuine Alligator Leather Clutch Wallet Handmade,Rated 5/5 from 1 Amazon shopper reviews.,https://m.media-amazon.com/images/I/81qsnTOK63L._AC_UL1500_.jpg,269.99
RADLEY London Museum Street - Medium Ziptop Tote,Rated 4.7/5 from 4 Amazon shopper reviews.,https://m.media-amazon.com/images/I/61PdWV8P2rL._AC_UL1200_.jpg,268.00
Pratesi Buti lady bag - B330 Bruce (Brown),Rated 5/5 from 3 Amazon shopper reviews.,https://m.media-amazon.com/images/I/61zc5MqrMjL._AC_SL1500_.jpg,263.00
"Anna by Anuschka Handpainted Women's Genuine Leather Large Travel Tote - Double Rope Handle, Adjustable Strap",Rated 4.5/5 from 19 Amazon shopper reviews.,https://m.media-amazon.com/images/I/91JgLUHlaPL._AC_UL1500_.jpg,262.62
Claire Chase Ladie's Vaqueta Leather Lptop Tote Bag (Tan),Rated 5/5 from 1 Amazon shopper reviews.,https://m.media-amazon.com/images/I/41z38O0l93L._AC_.jpg,259.00
Time Resistance Leather Doctor Bag Medical Satchel Unisex Brown,Rated 4.6/5 from 291 Amazon shopper reviews.,https://m.media-amazon.com/images/I/918dg98r7UL._AC_UL1500_.jpg,258.00
Duluth Pack Field Satchel Bag,Rated 3.5/5 from 4 Amazon shopper reviews.,https://m.media-amazon.com/images/I/81omDHwWGnL._AC_SL1500_.jpg,255.00
Time Resistance Leather Briefcase Laptop Bag - Handmade Detachable Strap Messenger Shoulder Handbag Satchel Business Unisex,Rated 4.3/5 from 24 Amazon shopper reviews.,https://m.media-amazon.com/images/I/71Vi+7LVJpL._AC_UL1500_.jpg,249.00
Mauzari Carlotta Women's Extra Large Tooled Leather Tote,Rated 4.5/5 from 51 Amazon shopper reviews.,https://m.media-amazon.com/images/I/81MosPb9PgL._AC_UL1500_.jpg,249.00
Briggs & Riley Rhapsody-Essential Tote Bag,Rated 4.3/5 from 49 Amazon shopper reviews.,https://m.media-amazon.com/images/I/81cPtKL7vZL._AC_UL1500_.jpg,249.00
"Loungefly Women's Snubbull Head Mini Backpack (Pink Multi, One Size)",Rated 4.4/5 from 18 Amazon shopper reviews.,https://m.media-amazon.com/images/I/61vwBFQXR4L._AC_SL1500_.jpg,245.95
"ZAC Zac Posen womens Eartha Iconic Backpack Convertible Top Handle Bag, Camel, One Size US",Rated 3.5/5 from 16 Amazon shopper reviews.,https://m.media-amazon.com/images/I/51FZJicujPL._AC_SL1500_.jpg,245.84
ALICIA DAKTERIS Alodie Italian Leather Crossbody Bags for Women - Handcrafted Genuine Leather Handbags with 42” Strap,Rated 4.2/5 from 53 Amazon shopper reviews.,https://m.media-amazon.com/images/I/71mH7otKimL._AC_UL1500_.jpg,245.00
"BEBE Women's Valentina-Wheeled Under The Seat Carry-on Bag, Telescoping Handles, Black Floral, One Size",Rated 4.5/5 from 898 Amazon shopper reviews.,https://m.media-amazon.com/images/I/81-tVxIxWuL._AC_SL1500_.jpg,240.00
Jack Georges Voyager Zippered Crossbody Hobo #7832 (Brown),Rated 4.1/5 from 6 Amazon shopper reviews.,https://m.media-amazon.com/images/I/61aNeqpBQZL._AC_SL1000_.jpg,240.00
BRASS TACKS Leathercraft Full Crazy Horse Leather Briefcase Tote Vintage Buckle Strap Messenger Bag 15.6 inch Laptop Tablet Shoulder Bag,Rated 4.1/5 from 13 Amazon shopper reviews.,https://m.media-amazon.com/images/I/71j3EawE-oL._AC_UL1500_.jpg,239.99
URSFUR Women's Winter Handbag Real Fox Fur Stachel Bag Purse,Rated 4.5/5 from 8 Amazon shopper reviews.,https://m.media-amazon.com/images/I/71ZO65QeKEL._AC_UL1100_.jpg,239.98
Floto Capri Tote Full Grain Leather Shoulder Bag Crossbody Handbag Women's Bag,Rated 4.4/5 from 34 Amazon shopper reviews.,https://m.media-amazon.com/images/I/91AFhLdvGmL._AC_UL1500_.jpg,239.20
Floto Napoli Italian Leather Women's Shoulder Bag Handbag Purse,Rated 4.3/5 from 53 Amazon shopper reviews.,https://m.media-amazon.com/images/I/71h6Gv6KYTL._AC_UL1500_.jpg,239.20
Mauzari Women's Genuine Leather Tote Purse with Woven Handles — Artisan Crafted,Rated 4.1/5 from 38 Amazon shopper reviews.,https://m.media-amazon.com/images/I/81G8sITRLKL._AC_UL1500_.jpg,239.00
Unitravel 2 Piece Vintage Luggage Set TSA Approved Carry on Cute Suitcase with 12inch Handbag for Women,Rated 4.6/5 from 158 Amazon shopper reviews.,https://m.media-amazon.com/images/I/61zMhkjffaL._AC_SL1500_.jpg,239.00
Mauzari Women's Large Leather Tote Handbag,Rated 4.7/5 from 24 Amazon shopper reviews.,https://m.media-amazon.com/images/I/91oC28QGkTL._AC_UL1500_.jpg,239.00
GUN TOTE'N MAMAS CONCEALED CARRY TOWN TOTE GTM-51 ORANGE,Rated 4.7/5 from 4 Amazon shopper reviews.,https://m.media-amazon.com/images/I/61nBKSgLntL._AC_UL1000_.jpg,237.95
"Mary Frances Womens Mary Frances Paris at First Sight Shoulder handbag, Multi, One Size US",Rated 5/5 from 1 Amazon shopper reviews.,https://m.media-amazon.com/images/I/71EB+QOKzJL._AC_UL1000_.jpg,237.00
Time Resistance Leather Laptop Bag Full Grain Briefcase Black Satchel Bag,Rated 4.4/5 from 18 Amazon shopper reviews.,https://m.media-amazon.com/images/I/916GDEVT0AL._AC_SL1500_.jpg,237.00
The Sullivan - Handmade Satchel from The Barrel Shack,Rated 5/5 from 3 Amazon shopper reviews.,https://m.media-amazon.com/images/I/410eD4LOICL._AC_.jpg,235.00
Bed|Stu Women’s Stevie Leather Bag,Rated 4.1/5 from 60 Amazon shopper reviews.,https://m.media-amazon.com/images/I/61uUaj8j3qL._AC_UL1326_.jpg,235.00
Anna by Anuschka Zip Around Satchel Handbag - Genuine Leather,Rated 4.7/5 from 19 Amazon shopper reviews.,https://m.media-amazon.com/images/I/81kutbt37vL._AC_UL1500_.jpg,230.55
Freshly Picked Weekender Travel Tote,Rated 4.4/5 from 56 Amazon shopper reviews.,https://m.media-amazon.com/images/I/71L5njoQZDL._AC_UL1500_.jpg,229.99
Osprey Fairview Trek 70 Women's Travel Backpack,Rated 4.6/5 from 57 Amazon shopper reviews.,https://m.media-amazon.com/images/I/51sVaooDOqL._AC_SL1000_.jpg,229.95
Women Top Handle Leather Bag - Handmade Vintage Shoulder Bag Genuine Leather Purse,Rated 4.2/5 from 39 Amazon shopper reviews.,https://m.media-amazon.com/images/I/914PRomoimL._AC_UL1500_.jpg,228.90
Anuschka Women’s Genuine Leather Backpack - Hand Painted Exterior,Rated 3.7/5 from 3 Amazon shopper reviews.,https://m.media-amazon.com/images/I/71Exa+p1sHL._AC_UL1500_.jpg,228.00
Time Resistance Leather Backpack Convertible to Shoulder Bag Full Grain Real Leather Travel Satchel Rucksack,Rated 4.7/5 from 31 Amazon shopper reviews.,https://m.media-amazon.com/images/I/81AFvPVvpSS._AC_SL1500_.jpg,228.00
MARY FRANCES Happily Ever After Handbag Beaded Floral Embroidered Bridal Crossbody Clutch Handbag,Rated 5/5 from 6 Amazon shopper reviews.,https://m.media-amazon.com/images/I/81iUOKzne8L._AC_UL1000_.jpg,228.00
Anuschka Women's Genuine Leather Medium Shopper Shoulder Bag - Hand Painted,Rated 4.5/5 from 19 Amazon shopper reviews.,https://m.media-amazon.com/images/I/814OG2fKkuL._AC_UL1500_.jpg,228.00
Time Resistance Leather Handbag for Women Top Handle Satchel Bag Women's Purse Shoulder Bag,Rated 4.2/5 from 17 Amazon shopper reviews.,https://m.media-amazon.com/images/I/818M4QdqSaL._AC_UL1500_.jpg,228.00
American West Navajo Soul Collection Zip Top Tote,Rated 5/5 from 4 Amazon shopper reviews.,https://m.media-amazon.com/images/I/61RDV9VkY8L._AC_UL1000_.jpg,228.00
Jack Georges Milano Shoulder Handbag #3604 (Black),Rated 3.1/5 from 5 Amazon shopper reviews.,https://m.media-amazon.com/images/I/71Dl7Dj3-UL._AC_SL1500_.jpg,228.00
Signature Brown Duffel Traveler by Rioni Designer Handbags & Luggage,Rated 4.5/5 from 40 Amazon shopper reviews.,https://m.media-amazon.com/images/I/61mBlaJCcKL._AC_UL1000_.jpg,227.50
Mary Frances Travel the World Handbags Featuring Bucket List & Mile High,Rated 4.2/5 from 29 Amazon shopper reviews.,https://m.media-amazon.com/images/I/A1Aw4gPFSWL._AC_UL1500_.jpg,225.22
"Briggs & Riley Kinzie Street-Horizontal Tote Bag, Grey, One Size",Rated 3.9/5 from 15 Amazon shopper reviews.,https://m.media-amazon.com/images/I/71afih4NomS._AC_SL1500_.jpg,223.20
"Piel Leather Shoulder Buckle Tote, Saddle, One Size",Rated 3.2/5 from 2 Amazon shopper reviews.,https://m.media-amazon.com/images/I/81pCzK8zP6L._AC_SL1500_.jpg,221.87
Anna by Anuschka Women’s Genuine Leather Ruched Hobo Shoulder Bag - Original Artwork,Rated 4.3/5 from 64 Amazon shopper reviews.,https://m.media-amazon.com/images/I/81-VtJbFNeL._AC_UL1500_.jpg,221.46
Latico Leathers Bianca Leather Tote Bag for Women (Brown) - Made From 100% Authentic Leather Handcrafted by Artisans - Top Handle Crossbody Bag Versatile Women Purses and Handbags for Work & School,Rated 5/5 from 6 Amazon shopper reviews.,https://m.media-amazon.com/images/I/714x8fCtqeL._AC_UL1500_.jpg,220.00
Baroncelli Italian Leather Purse for Women Genuine Soft Leather Medium Size Shoulder Crossbody Bag Made in Italy,Rated 4.2/5 from 252 Amazon shopper reviews.,https://m.media-amazon.com/images/I/91uw4JV3kcL._AC_UL1500_.jpg,220.00
Latico Leathers Bianca Leather Tote Bag for Women (Cognac) - Made From 100% Authentic Leather Handcrafted by Artisans - Top Handle Crossbody Bag Versatile Women Purses and Handbags for Work & School,Rated 4.7/5 from 26 Amazon shopper reviews.,https://m.media-amazon.com/images/I/71jrYH6XK5L._AC_UL1500_.jpg,220.00
Briggs & Riley Traveler Tote Bag,Rated 4.2/5 from 10 Amazon shopper reviews.,https://m.media-amazon.com/images/I/91eMIQu1+FL._AC_UL1500_.jpg,219.00
Dominie Clear Tote Leather Trim with Removable Interchangeable Liner,Rated 3.1/5 from 3 Amazon shopper reviews.,https://m.media-amazon.com/images/I/71lCo-jsURL._AC_UL1500_.jpg,219.00
"Mystery Ranch Scree 32 Women's Backpack - Technical Daypack, Techno XS/S",Rated 4.6/5 from 18 Amazon shopper reviews.,https://m.media-amazon.com/images/I/91ocGob2UQL._AC_SL1500_.jpg,219.00
PIJUSHI Designer Top Handle Satchel Handbags for Women Crocodile Handbag and Purse Leather Tote Bags,Rated 4.4/5 from 170 Amazon shopper reviews.,https://m.media-amazon.com/images/I/81AckqhR21S._AC_UL1500_.jpg,218.76
American West Leather - Multi Compartment Tote Bag -Purse Holder Bundle (Brown - Lady Lace),Rated 1/5 from 1 Amazon shopper reviews.,https://m.media-amazon.com/images/I/71uDOj1oqgL._AC_SL1200_.jpg,218.00
Go Dash Dot Go 2 Tote Bag Olive Camo,Rated 4.8/5 from 25 Amazon shopper reviews.,https://m.media-amazon.com/images/I/61m2Js69uEL._AC_UL1500_.jpg,218.00
PIJUSHI Designer Leaf Handbags and Purses for Women Top Handle Satchel Shoulder Bag,Rated 4.5/5 from 74 Amazon shopper reviews.,https://m.media-amazon.com/images/I/81wKJOdAyzL._AC_UL1500_.jpg,215.76
Floto Ischia Leather Shoulder Bag Handbag Purse,Rated 4.4/5 from 14 Amazon shopper reviews.,https://m.media-amazon.com/images/I/61KJS11i+6L._AC_UL1000_.jpg,215.20
Latico Leathers Suburban Leather Tote Bag for Women (Natural),Rated 3.3/5 from 27 Amazon shopper reviews.,https://m.media-amazon.com/images/I/81jDo97ziAL._AC_UL1500_.jpg,215.00
"MegaGear Italian Leather Messenger Bag, Lightweight Unisex Business Briefcase Satchel Portfolio, Multi Compartment",Rated 3.9/5 from 30 Amazon shopper reviews.,https://m.media-amazon.com/images/I/714Li4YiJnS._AC_UL1500_.jpg,213.58
"Travelpro Platinum Elite Women's Travel Briefcase, Fits up to 14 Inch Laptop, Work School Travel",Rated 4.2/5 from 29 Amazon shopper reviews.,https://m.media-amazon.com/images/I/71QmjhtdIyL._AC_UL1500_.jpg,212.49
Rioni NEW NAVY Signature Handbag Tote STA20222M,Rated 4.8/5 from 7 Amazon shopper reviews.,https://m.media-amazon.com/images/I/71PmswAGG5L._AC_UL1200_.jpg,210.00
"Claire Chase Ladies Computer Bag, Black, One Size",Rated 4.7/5 from 3 Amazon shopper reviews.,https://m.media-amazon.com/images/I/819JrOtyoBL._AC_SL1500_.jpg,209.95
Osprey Fairview 40 Women's Travel Backpack,"Rated 4.7/5 from 1,227 Amazon shopper reviews.",https://m.media-amazon.com/images/I/61j1e-MBgAL._AC_SL1000_.jpg,209.95
PIJUSHI Floral Handbags For Women Designer Handbag Top Handle Shoulder Bags For Ladies,Rated 4.3/5 from 175 Amazon shopper reviews.,https://m.media-amazon.com/images/I/81HiybVej6L._AC_UL1500_.jpg,209.78
"Piel Leather Ladies Buckle Laptop Tote, Black, One Size",Rated 3.7/5 from 17 Amazon shopper reviews.,https://m.media-amazon.com/images/I/51GhNAfMN8L._AC_SL1000_.jpg,209.16
niceaces Women's MAYA 2-Racquet Designer Tennis Tote - Handmade - Vegan Leather,Rated 5/5 from 2 Amazon shopper reviews.,https://m.media-amazon.com/images/I/51rvwjlSynL._AC_UL1000_.jpg,209.00
"UNIWALKER Vintage Luggage Set, 2 Piece Women Carry on Trolley Suitcase with Spinner Wheels, Handcraft Leather Travel Bag with Cosmetic Train Case, 20""+12""",Rated 4.4/5 from 86 Amazon shopper reviews.,https://m.media-amazon.com/images/I/61d-YbUARZS._AC_SL1500_.jpg,208.50
"Sea Bags Recycled Sail Cloth Wharf Tote Bag Beach Bag Tote, Large Travel Bag, Tote Bag for Work Rope Handles",Rated 4.2/5 from 7 Amazon shopper reviews.,https://m.media-amazon.com/images/I/51idTIFfq8L._AC_UL1200_.jpg,205.00
Clutch American DJ Mister Kool II – Low-Lying Fog Machine with Wired Remote + Essential Values DJ's Party Fog Juice (128 FL OZ / 1 Gallon),Rated 1/5 from 2 Amazon shopper reviews.,https://m.media-amazon.com/images/I/519J9icbOPS._SL1000_.jpg,204.99
Born City Tote II,Rated 4.4/5 from 9 Amazon shopper reviews.,https://m.media-amazon.com/images/I/81nPOY4ZzmL._AC_UL1500_.jpg,200.00
PETFAT Loungefly Sugar Skull Tote Black-Grey,Rated 4.8/5 from 21 Amazon shopper reviews.,https://m.media-amazon.com/images/I/612759qrcLL._AC_UL1000_.jpg,200.00
Red Valentino Women's True Red Bows Decorated Tote Shoulder Bag,Rated 5/5 from 1 Amazon shopper reviews.,https://m.media-amazon.com/images/I/91vPLe0YRTL._AC_UL1500_.jpg,199.99
BED|STÜ - Venice Beach - Women’s Crossbody Handbag - Leather Shoulder Bag - Handcrafted Leather Purse for Women - Everyday Use,Rated 4.3/5 from 169 Amazon shopper reviews.,https://m.media-amazon.com/images/I/71CondtfNML._AC_UL1326_.jpg,199.95
PIJUSHI Women Handbags Crocodile Purse Designer Top Handle Satchel Handbags For Women,Rated 4.4/5 from 271 Amazon shopper reviews.,https://m.media-amazon.com/images/I/81GEsGesKNL._AC_UL1500_.jpg,199.74
PIJUSHI Genuine Leather Backpack Purse for Women Crocodile Leather Rucksack (66523 Black),Rated 3.8/5 from 4 Amazon shopper reviews.,https://m.media-amazon.com/images/I/81BsBp6eMFL._AC_SL1500_.jpg,199.68
Anna by Anuschka Women's Genuine Leather Large Classic Tote Bag | Hand Painted Original Artwork,Rated 4.8/5 from 9 Amazon shopper reviews.,https://m.media-amazon.com/images/I/91qhUMi-veL._AC_UL1500_.jpg,199.51
Floto Milano Mini Full Grain Leather Satchel Handbag,Rated 3.7/5 from 27 Amazon shopper reviews.,https://m.media-amazon.com/images/I/91j6TQzr75L._AC_UL1500_.jpg,199.20
Anna by Anuschka Women's Genuine Leather Large Hobo Handbag | Hand Painted Original Artwork | Zip-Top Organizer,Rated 4.8/5 from 22 Amazon shopper reviews.,https://m.media-amazon.com/images/I/91-AxWs+jGL._AC_UL1500_.jpg,199.00
Mauzari Women's Small Leather Shoulder Bag,Rated 4.3/5 from 22 Amazon shopper reviews.,https://m.media-amazon.com/images/I/91qypkkZW9L._AC_UL1500_.jpg,199.00
Pour La Victoire GEHRY Clutch,Rated 5/5 from 2 Amazon shopper reviews.,https://m.media-amazon.com/images/I/81-JFp4g1UL._AC_UL1500_.jpg,199.00
Floto Venezia Leather Knapsack Backpack Satchel,Rated 4.1/5 from 12 Amazon shopper reviews.,https://m.media-amazon.com/images/I/81qmY+h-9iL._AC_SL1500_.jpg,199.00
The Sak Alameda Hobo Bag in Leather,Rated 4.5/5 from 438 Amazon shopper reviews.,https://m.media-amazon.com/images/I/41cfq42d4-L._AC_.jpg,198.95
PIJUSHI Designer Shoulder Purses Crocodile Handbags for Women Leather Hobo Shoulder Bags,Rated 4.5/5 from 193 Amazon shopper reviews.,https://m.media-amazon.com/images/I/81fHaFesjNL._AC_UL1500_.jpg,198.79
"Kipling Women's Gaze Large Rolling, Durable, Wheeled Backpack with Adjustable Shoulder Straps, Nylon Book Bag, True Blue Tonal, 8.25"" L x 17.25"" H x 12.25"" D",Rated 4.5/5 from 130 Amazon shopper reviews.,https://m.media-amazon.com/images/I/6117xzPtLxL._AC_SL1500_.jpg,198.47
3-D Hello Kitty Cat Crystal Couture Clutch Special Occasion Holiday Party Evening Bag Silver,Rated 4.9/5 from 11 Amazon shopper reviews.,https://m.media-amazon.com/images/I/813XF9nX82L._AC_UL1500_.jpg,198.00
Time Resistance Full-Grain Leather Purse for Women - Leather Handbag - Top Handle Bag - Tote Bag,Rated 4.2/5 from 9 Amazon shopper reviews.,https://m.media-amazon.com/images/I/91S8TWJILYL._AC_UL1500_.jpg,198.00
3-D Hello Kitty Cat Crystal Couture Clutch Special Occasion Holiday Party Evening Bag Pink,Rated 4.7/5 from 6 Amazon shopper reviews.,https://m.media-amazon.com/images/I/9156yLjnqeL._AC_UL1500_.jpg,198.00
Disney Parks Exclusive Loungefly Minnie Loves Mickey Embossed Bowler Ball Bag Purse,Rated 2.5/5 from 7 Amazon shopper reviews.,https://m.media-amazon.com/images/I/91x86xDylPL._AC_SL1500_.jpg,198.00
"Maxi Bag Adele, Luxury designer purse bag and fashion handbag for women.",Rated 5/5 from 1 Amazon shopper reviews.,https://m.media-amazon.com/images/I/61hl-OIzMmL._AC_UL1500_.jpg,198.00
Tuscany Leather Sabrina - Leather hobo bag - TL141479 (Honey),Rated 4.6/5 from 11 Amazon shopper reviews.,https://m.media-amazon.com/images/I/719xAXdmkLL._AC_SL1500_.jpg,195.64
STAUD Women's Bean Bag,Rated 4.1/5 from 8 Amazon shopper reviews.,https://m.media-amazon.com/images/I/91VWtg1V6KL._AC_UL1500_.jpg,195.00
Loeffler Randall Women's Mini Pleated Frame Clutch with Bow,Rated 2.6/5 from 2 Amazon shopper reviews.,https://m.media-amazon.com/images/I/71kAQYuQFzL._AC_UL1500_.jpg,195.00
American West Annie's Secret Collection Large Zip Top Tote,Rated 4.4/5 from 6 Amazon shopper reviews.,https://m.media-amazon.com/images/I/71iSZNjey+L._AC_UL1000_.jpg,193.99
"American West Annie's Secret Collection Large Zip Top Tote with Secret Compartment, Distressed Charcoal Brown/Chestnut Brown",Rated 4.7/5 from 6 Amazon shopper reviews.,https://m.media-amazon.com/images/I/91EfzPk7weL._AC_UL1500_.jpg,193.99
Round Blue Natural Diamond 1/4 Cttw - 1/3 Cttw Solitaire Stud Earrings For Women 14k Gold Post clutch & Sterling Silver,Rated 3.9/5 from 24 Amazon shopper reviews.,https://m.media-amazon.com/images/I/51b4-FUu66S._AC_UL1200_.jpg,192.99
Sts Ranch Wear Westward Tote,Rated 4/5 from 1 Amazon shopper reviews.,https://m.media-amazon.com/images/I/41cybc46ahL._AC_UL1024_.jpg,192.00
American West Women's Chestnut Mojave Canyon Large Zip Top Tote Chestnut One Size,Rated 4.4/5 from 11 Amazon shopper reviews.,https://m.media-amazon.com/images/I/91FgY6mwS1L._AC_UL1500_.jpg,191.99
American West Mohave Canyon Large Zip Top Tote,Rated 5/5 from 7 Amazon shopper reviews.,https://m.media-amazon.com/images/I/919G5UzTg-L._AC_UL1500_.jpg,191.99
Tumi Larkin Small Tanya Travel Totes,Rated 4.5/5 from 3 Amazon shopper reviews.,https://m.media-amazon.com/images/I/91d5vJe5YsL._AC_SL1500_.jpg,191.62
Time Resistance Leather Bucket Bag Full Grain Real Leather Tote Bag for Women,Rated 4.2/5 from 66 Amazon shopper reviews.,https://m.media-amazon.com/images/I/81LgcY-w4lL._AC_UL1500_.jpg,191.00
"Mary Frances womens Crossbody Bag, Multi, no size US",Rated 5/5 from 4 Amazon shopper reviews.,https://m.media-amazon.com/images/I/71VRLSS5+XL._AC_UL1000_.jpg,190.55
Sea Bags White on Navy Octopus Tote Recycled Sail Cloth with Rope Handles,Rated 5/5 from 3 Amazon shopper reviews.,https://m.media-amazon.com/images/I/71gyelhBenL._AC_UL1200_.jpg,190.00
Anna by Anuschka Hand Painted Women’s Genuine Leather Small Satchel,Rated 4.6/5 from 123 Amazon shopper reviews.,https://m.media-amazon.com/images/I/91GyX1zyCJL._AC_UL1500_.jpg,190.00
PIJUSHI Designer Crocodile Leather Handbags for Women Crossbody Satchel Bag with Butterfly,Rated 4.5/5 from 26 Amazon shopper reviews.,https://m.media-amazon.com/images/I/81D0jkZO2BL._AC_UL1500_.jpg,189.78
"Lauren Ralph Lauren Women's Delwood Barrel Satchel Handbag, Black/Stone",Rated 4/5 from 1 Amazon shopper reviews.,https://m.media-amazon.com/images/I/81CIY-FdJaL._AC_UL1280_.jpg,189.00
"Bellroy Tokyo Totepack, water-resistant woven convertible backpack and tote bag - Bronze",Rated 4.4/5 from 220 Amazon shopper reviews.,https://m.media-amazon.com/images/I/51xAtjb41fL._AC_SL1200_.jpg,189.00
Kooba Handbags Reed Studded Mini Convertible Crossbody,Rated 4.3/5 from 3 Amazon shopper reviews.,https://m.media-amazon.com/images/I/61RzI6nvWtL._AC_UL1280_.jpg,188.33
Madewell Women's Sydney Tote,Rated 4.7/5 from 21 Amazon shopper reviews.,https://m.media-amazon.com/images/I/71oUkQ66+ZL._AC_UL1500_.jpg,188.00
"Anuschka Women's Hand Painted Genuine Vegetable Tanned Leather Small Flap Crossbody - Magnetic Closure, Removable Strap",Rated 5/5 from 2 Amazon shopper reviews.,https://m.media-amazon.com/images/I/81xCXG3k8pL._AC_UL1500_.jpg,188.00
Genuine Leather Shoulder Bag Purse for Women Retro Top Handle Bags Handmade Vintage Crossbody Tote Handbags Purse,Rated 5/5 from 7 Amazon shopper reviews.,https://m.media-amazon.com/images/I/61w+Ui+TT5L._AC_UL1500_.jpg,188.00
American Darling Conceal Carry Cross Body Bag Leather Fringe Purse Western Handbags Custom Order,Rated 4.5/5 from 39 Amazon shopper reviews.,https://m.media-amazon.com/images/I/41ZkfLtx7yL._AC_.jpg,186.40
TUMI Women's Katy Crossbody Bag,Rated 4.6/5 from 36 Amazon shopper reviews.,https://m.media-amazon.com/images/I/51m+pER3kYL._AC_UL1500_.jpg,185.00
"Mystery Ranch 3 Way Briefcase - Carry as Tote, Backpack and Shoulder Bag, 22L",Rated 4.6/5 from 282 Amazon shopper reviews.,https://m.media-amazon.com/images/I/81BcrExEJAL._AC_UL1500_.jpg,185.00
Mauzari Women's Hand Tooled Leather Clutch,Rated 4.4/5 from 13 Amazon shopper reviews.,https://m.media-amazon.com/images/I/91hMr10wk1L._AC_UL1500_.jpg,185.00
Lucky Brand Hahn Mini Tote,Rated 3.9/5 from 8 Amazon shopper reviews.,https://m.media-amazon.com/images/I/91jWkqTvgsL._AC_UL1500_.jpg,185.00
"BOSTANTEN Women Genuine Leather Briefcase Tote Business Vintage Handbag 15.6"" Laptop Shoulder Bag Brown",Rated 4.4/5 from 376 Amazon shopper reviews.,https://m.media-amazon.com/images/I/61xVyiEPHcL._AC_UL1001_.jpg,184.99
Coach Gallery Tote Shoulder Bag,Rated 4.6/5 from 429 Amazon shopper reviews.,https://m.media-amazon.com/images/I/61Rdth-VlIL._AC_UL1000_.jpg,184.50
Brown Genuine Leather Backpack Purse for Women Camel Convertible Backpack Leather for City,Rated 5/5 from 1 Amazon shopper reviews.,https://m.media-amazon.com/images/I/71dUcqqkhxL._SL1500_.jpg,184.00
Tuscany Leather TLBag Soft leather backpack for women Black,Rated 4.6/5 from 58 Amazon shopper reviews.,https://m.media-amazon.com/images/I/71tMJwPXm4L._AC_SL1500_.jpg,183.78
"McKleinUSA Checkpoint-Friendly Women's Laptop Briefcase, Leather, Mid-Size, Red - Lakewood | McKlein - 96616, 18 L x 8 75 W x 14 5 H",Rated 4.7/5 from 153 Amazon shopper reviews.,https://m.media-amazon.com/images/I/81AZHFgQ0RL._AC_SL1500_.jpg,183.53
"American West Desert Wildflower Tote, Golden Tan",Rated 3.7/5 from 2 Amazon shopper reviews.,https://m.media-amazon.com/images/I/81hphiYx9mL._AC_UL1500_.jpg,182.99
"Hedgren Women's Excitor Backpack On Wheels 17"" with Laptop Sleeve",Rated 4.4/5 from 4 Amazon shopper reviews.,https://m.media-amazon.com/images/I/812SrR3p2TL._AC_UL1500_.jpg,182.99
Leatherology Black Onyx Uptown Vertical Tote,Rated 5/5 from 13 Amazon shopper reviews.,https://m.media-amazon.com/images/I/81JlqmfQQ0S._AC_SL1500_.jpg,180.00
Duluth Pack Lakewalk Tote,Rated 5/5 from 1 Amazon shopper reviews.,https://m.media-amazon.com/images/I/719xeYpYzQL._AC_SL1500_.jpg,180.00
Born Midwood Tote,Rated 4.2/5 from 15 Amazon shopper reviews.,https://m.media-amazon.com/images/I/71PWDwoEAEL._AC_UL1500_.jpg,180.00
"McKlein USA Leather Ladies' Laptop Briefcase, Black",Rated 3.5/5 from 44 Amazon shopper reviews.,https://m.media-amazon.com/images/I/81wAawTiWrL._AC_SL1500_.jpg,180.00
"Latico Leathers Festival Tote, 100% Genuine Authentic Luxury Leather, Designer Fashion, Top Quality Leather",Rated 3.2/5 from 46 Amazon shopper reviews.,https://m.media-amazon.com/images/I/91e5SjH7HEL._AC_UL1500_.jpg,180.00
NEW Rioni Navy Signature Dome Handle LAUREN Handbag STA20001,Rated 5/5 from 9 Amazon shopper reviews.,https://m.media-amazon.com/images/I/71CI362O-UL._AC_UL1200_.jpg,180.00
Leatherology Cognac Uptown Vertical Tote,Rated 5/5 from 13 Amazon shopper reviews.,https://m.media-amazon.com/images/I/81647p0XN+L._AC_SL1500_.jpg,180.00
Amy Butler Cara Tote,Rated 5/5 from 2 Amazon shopper reviews.,https://m.media-amazon.com/images/I/91e5KdzqWrL._AC_UL1500_.jpg,180.00
Latico Leathers Women Harbor Crossbody Bag - Made From 100% Genuine Authentic Leather Handcrafted by Artisans,Rated 5/5 from 2 Amazon shopper reviews.,https://m.media-amazon.com/images/I/61T4UbaI2cL._AC_UL1500_.jpg,180.00
"Mellow World Vintage Butterfly Hand Beaded Rolling Tote, Green",Rated 3/5 from 1 Amazon shopper reviews.,https://m.media-amazon.com/images/I/61aYis-taeL._AC_.jpg,179.99
"BCBGeneration Designer Large Luggage with Spinner Wheels for Women, Expandable Softside 28 Inch Suitcase Lightweight Checked Bag",Rated 4.1/5 from 26 Amazon shopper reviews.,https://m.media-amazon.com/images/I/71Li3Ri4nIL._AC_SL1500_.jpg,179.99
Ocean-Tamer Medium Teardrop Marine Bean Bag White/Fighting Lady Yellow (Amazon),Rated 5/5 from 9 Amazon shopper reviews.,https://m.media-amazon.com/images/I/21W3B-5uknL._AC_.jpg,179.95
Thule Spira Tote Bag,Rated 4.6/5 from 24 Amazon shopper reviews.,https://m.media-amazon.com/images/I/61JtNyo4hyL._AC_SL1500_.jpg,179.95
Regalia by Ulti Ramos 14K Yellow Gold Genuine Jade or Mother of Pearl Purse Pendant,Rated 5/5 from 3 Amazon shopper reviews.,https://m.media-amazon.com/images/I/61rtE0GeXiL._AC_UL1500_.jpg,179.85
"Bellroy Folio (Premium Leather Purse, Zipper Closure)",Rated 4/5 from 26 Amazon shopper reviews.,https://m.media-amazon.com/images/I/51qXaSzmmcL._AC_UL1200_.jpg,179.00
Anna by Anuschka Women's Genuine Leather Medium Crossbody with External Zipper Pocket,Rated 4.4/5 from 65 Amazon shopper reviews.,https://m.media-amazon.com/images/I/A1hxxXvX8BL._AC_UL1500_.jpg,179.00
"Mary Frances Fierce Beaded-Embroidered Tiger Crossbody Clutch Handbag, Multi",Rated 5/5 from 4 Amazon shopper reviews.,https://m.media-amazon.com/images/I/A1y3Tlk-3KL._AC_UL1500_.jpg,179.00
RADLEY London Derby Street - Large Ziptop Tote,Rated 4.3/5 from 15 Amazon shopper reviews.,https://m.media-amazon.com/images/I/6179LF9zuLL._AC_UL1200_.jpg,179.00
American West Navajo Soul Zip Top Tote,Rated 3.9/5 from 10 Amazon shopper reviews.,https://m.media-amazon.com/images/I/91j+WaL8XHL._AC_UL1500_.jpg,178.99
American West Annie's Secret Hobo Bag,Rated 3.9/5 from 21 Amazon shopper reviews.,https://m.media-amazon.com/images/I/8115CaX5SQL._AC_UL1500_.jpg,178.99
"Anna by Anuschka Handpainted Leather Triple Compartment Medium Satchel, Tropical Flamingo",Rated 4.7/5 from 43 Amazon shopper reviews.,https://m.media-amazon.com/images/I/91mIuOxOrAL._AC_UL1500_.jpg,178.01
Leather Backpack for Women Vintage Handmade Casual Rucksack Satchel,Rated 4/5 from 87 Amazon shopper reviews.,https://m.media-amazon.com/images/I/61-j4QN1UJL._AC_UL1001_.jpg,178.00
Pour La Victoire Aline Satchel,Rated 4.1/5 from 3 Amazon shopper reviews.,https://m.media-amazon.com/images/I/71FTYilR1aL._AC_UL1500_.jpg,175.03
Bed|Stu Women’s Ziggy Leather Crossbody Bag (Tan Rustic),Rated 5/5 from 5 Amazon shopper reviews.,https://m.media-amazon.com/images/I/61vwa6mRjHL._AC_SL1326_.jpg,175.00
Rioni Signature (Black) Large Boston Handbag Stb-20015,Rated 4/5 from 5 Amazon shopper reviews.,https://m.media-amazon.com/images/I/81qXGhHWYHL._AC_UL1500_.jpg,175.00
"Bosca Women's Old Leather 7"" Clutch Wallet",Rated 1/5 from 1 Amazon shopper reviews.,https://m.media-amazon.com/images/I/61fKDcaE+vL._AC_UL1500_.jpg,175.00
"Bric's X-Bag/X-Travel Business Tote - Women's Commuter Laptop and Travel Bag for Work and School - Luxury Tote Bag with Zipper, Olive",Rated 4.1/5 from 40 Amazon shopper reviews.,https://m.media-amazon.com/images/I/91Lc-RGqFCL._AC_SL1500_.jpg,175.00
Rioni Brown Signature Large Canvas Bowler Boston Bag Handbag w/ Leather Trim,Rated 4.5/5 from 44 Amazon shopper reviews.,https://m.media-amazon.com/images/I/61onuAfVOeL._AC_UL1073_.jpg,175.00
Clava Oversized Tote (Vachetta Cafe),Rated 4.5/5 from 2 Amazon shopper reviews.,https://m.media-amazon.com/images/I/61B7fwx+p3L._AC_SL1001_.jpg,174.64
"Mary Frances Disney Live Action Aladdin Genie Lamp Mini Handbag Purse, Gold",Rated 5/5 from 1 Amazon shopper reviews.,https://m.media-amazon.com/images/I/71wPklaMAZL._AC_UL1224_.jpg,173.04
American west Lariats & Lace Leather Leather Tote with Conceal & Carry Pocket,Rated 3.7/5 from 10 Amazon shopper reviews.,https://m.media-amazon.com/images/I/61WPwu8ttaL._AC_UL1024_.jpg,172.99
"Kipling Art M, Medium Travel Tote, 58 cm, 26 liters, Blue (True Navy C)",Rated 4.8/5 from 68 Amazon shopper reviews.,https://m.media-amazon.com/images/I/61hkOUfHcfL._AC_SL1500_.jpg,172.63
Scully Leather Handbag Womens Tan Soft Fringe Hobo Bag 14x10x4,Rated 5/5 from 6 Amazon shopper reviews.,https://m.media-amazon.com/images/I/61b8RHtfQrL._AC_UL1109_.jpg,172.19
"Piel Leather Large Handbag Cross Body Bag, Toffee, One Size",Rated 4.5/5 from 2 Amazon shopper reviews.,https://m.media-amazon.com/images/I/91Nz6J8I53L._AC_SL1500_.jpg,172.16
"Sea Bags Recycled Sail Cloth Cape Cod Nautical Chart Medium Tote Travel Tote Bag, Carry On Bag, Tote Bag for Work Rope Handles",Rated 5/5 from 1 Amazon shopper reviews.,https://m.media-amazon.com/images/I/611DxP3UPsL._AC_UL1200_.jpg,170.00
Lily Bloom Designer 15 Inch Carry On - Weekender Overnight Business Travel Luggage - Lightweight 2- Rolling Wheels Suitcase - Under Seat Rolling Bag for Women (Wildwoods),"Rated 4.6/5 from 1,723 Amazon shopper reviews.",https://m.media-amazon.com/images/I/814ByGLo5VL._AC_SL1500_.jpg,169.99
Travelpro Crew Versapack Rolling Tote (Jet Black),Rated 4.5/5 from 124 Amazon shopper reviews.,https://m.media-amazon.com/images/I/71Eun6a7MgL._AC_SL1500_.jpg,169.99
BOSTANTEN Briefcase for Women Laptop Tote 15.6 Inch Genuine Leather Handbag Work Bag Beige,Rated 4.5/5 from 295 Amazon shopper reviews.,https://m.media-amazon.com/images/I/71EFdOUmQPS._AC_UL1500_.jpg,169.99
Banuce Full Grains Italian Leather Briefcase for Women 14 Laptop Business Bags Attache Case Satchel Ladies Work Bag Brown,Rated 4.7/5 from 140 Amazon shopper reviews.,https://m.media-amazon.com/images/I/81Kw1IoW2QL._AC_UL1500_.jpg,169.99
Banuce Full Grains Italian Leather Briefcase for Women 14 Inch Laptop Business Bags Ladies Shoulder Satchel Work Bags,Rated 4.7/5 from 480 Amazon shopper reviews.,https://m.media-amazon.com/images/I/81ptgv7nd+L._AC_UL1500_.jpg,169.99
PIJUSHI Genuine Leather Crossbody Shoulder Bags for Women Designer Crocodile Purse Small Top Handle Satchel Handbag,Rated 4.5/5 from 146 Amazon shopper reviews.,https://m.media-amazon.com/images/I/81DcdmC6KCL._AC_UL1500_.jpg,169.68
Think Royln Women's Wingman Bag,Rated 5/5 from 11 Amazon shopper reviews.,https://m.media-amazon.com/images/I/61rKckSWyoL._AC_UL1500_.jpg,169.10
Dominie Messenger Unisex Holographic Leather/TPU Satchel Bag,Rated 5/5 from 4 Amazon shopper reviews.,https://m.media-amazon.com/images/I/61Bvt3HL7AL._AC_UL1500_.jpg,169.00
Anna by Anuschka Genuine Hand Painted Leather | Medium Satchel,Rated 4.5/5 from 15 Amazon shopper reviews.,https://m.media-amazon.com/images/I/91OuRNyrFCL._AC_UL1500_.jpg,168.98
CHERISH KISS Soft Genuine Leather Satchel Bags for Women Purses and Handbags Vintage Embossed Floral Shoulder Bag,Rated 4.3/5 from 108 Amazon shopper reviews.,https://m.media-amazon.com/images/I/81xzILrsOhL._AC_UL1500_.jpg,168.46
LRTO Genuine Leather Backpack Purse Vintage Casual Daypack College Bag Handmade Cowhide Western Rucksack (Green) Medium,Rated 4.4/5 from 41 Amazon shopper reviews.,https://m.media-amazon.com/images/I/61D1BWfRTnL._AC_SL1100_.jpg,168.00
IVTG Genuine Leather Handbag for Women Vintage Handmade Top Handle Bag Crossbody Satchel,Rated 4.1/5 from 28 Amazon shopper reviews.,https://m.media-amazon.com/images/I/61CgRTgYn9L._AC_UL1001_.jpg,168.00
Genuine Leather Backpack for Women Vintage Handmade Casual Knapsack Satchel Cute Bagpacks Daypack Purse (Darkgrey),Rated 4.2/5 from 28 Amazon shopper reviews.,https://m.media-amazon.com/images/I/51JyZvOflvL._AC_SL1001_.jpg,168.00
Genuine Leather Handbags for Women Satchel Purses Vintage Handmade Shoulder Bag Cowhide Top Handle Handbag Totes,Rated 4.4/5 from 27 Amazon shopper reviews.,https://m.media-amazon.com/images/I/717JHfXF9zL._AC_UL1500_.jpg,168.00
Kelsi Dagger Commuter Tote,Rated 3.5/5 from 12 Amazon shopper reviews.,https://m.media-amazon.com/images/I/81iXBXEyleL._AC_UL1500_.jpg,168.00
IVTG Genuine Leather Shoulder Bag for Women Vintage Handmade Top Handle Large Capacity Satchel Work Tote Bag,Rated 4.4/5 from 48 Amazon shopper reviews.,https://m.media-amazon.com/images/I/61hPdNppv8L._AC_UL1001_.jpg,168.00
Madewell Women's Medium Transport Tote,Rated 4.5/5 from 76 Amazon shopper reviews.,https://m.media-amazon.com/images/I/71xCeeNkF+L._AC_UL1500_.jpg,168.00
Madewell Women's The Sydney Crossbody Bag,Rated 4.1/5 from 52 Amazon shopper reviews.,https://m.media-amazon.com/images/I/71jjjDQ2USL._AC_UL1500_.jpg,168.00
Geniune Leather Shoulder Bag for Women Vintage Handmade Top Handle Large Capacity Satchel,Rated 4.3/5 from 18 Amazon shopper reviews.,https://m.media-amazon.com/images/I/514+PlNQorL._AC_UL1100_.jpg,168.00
IVTG Genuinel Leather Shoulder Bag Women Vintage Handmade Cowhide Top Handle Large Capacity Satchel,Rated 4.2/5 from 45 Amazon shopper reviews.,https://m.media-amazon.com/images/I/61+wEm614VL._AC_UL1001_.jpg,168.00
Genuine Leather Handbags for Women Handmade Vintage Crossbody Top Handle Bags Satchels Purse,Rated 4.3/5 from 25 Amazon shopper reviews.,https://m.media-amazon.com/images/I/81u4ZtN+l7L._AC_UL1500_.jpg,168.00
Genuine Leather Backpack Purse for Women Vintage Fashion Bookbag Handmade Casual Satchel Daypacks,Rated 4.3/5 from 12 Amazon shopper reviews.,https://m.media-amazon.com/images/I/71cdcnoFp4L._AC_UL1500_.jpg,168.00
"Soft-Sided Phlebotomy Tote 17""W x 11""D x 8""H - Blue",Rated 3.4/5 from 7 Amazon shopper reviews.,https://m.media-amazon.com/images/I/414ds7OdFxL.jpg,168.00
Madewell Women's The Transport Tote,Rated 4.4/5 from 29 Amazon shopper reviews.,https://m.media-amazon.com/images/I/71HN-9FFSDL._AC_UL1500_.jpg,168.00
Anna by Anuschka Women’s Genuine Leather Small Satchel,Rated 4.4/5 from 14 Amazon shopper reviews.,https://m.media-amazon.com/images/I/81FrDSRw-8S._AC_UL1500_.jpg,167.20
ARIAT Women's Victoria Tooled Crossbody - A770009402,Rated 3.7/5 from 5 Amazon shopper reviews.,https://m.media-amazon.com/images/I/81thQg5iOuL._AC_UL1500_.jpg,165.00
"Latico 8410 Eelskin Interior Framed Clutch , Business Fashion And Casual Wear, 100% Authentic Leather",Rated 4.4/5 from 4 Amazon shopper reviews.,https://m.media-amazon.com/images/I/81UintE1XNL._AC_UL1500_.jpg,165.00
"Mary Frances Magical Power Beaded Crossbody Handbag, Black",Rated 1/5 from 1 Amazon shopper reviews.,https://m.media-amazon.com/images/I/81tgy3FDcaL._AC_UL1200_.jpg,164.30
Lucky Amber Satchel,Rated 3.8/5 from 10 Amazon shopper reviews.,https://m.media-amazon.com/images/I/91+FKEUue4L._AC_UL1500_.jpg,163.71
Mar Y Sol Samana Ombre Stripe Sisal Market Tote Straw XL Beach Bag w Pom Pom,Rated 5/5 from 7 Amazon shopper reviews.,https://m.media-amazon.com/images/I/71vkmq3NKbL._AC_UL1375_.jpg,163.57
"Anna by Anuschka Women's Leather Small Tote Handbag, Hand-Painted Original Artwork",Rated 4.4/5 from 84 Amazon shopper reviews.,https://m.media-amazon.com/images/I/81paZ2NQeJL._AC_UL1500_.jpg,162.96
Rioni Signature PVC Clutch Wallet with Removable Shoulder Strap,Rated 5/5 from 2 Amazon shopper reviews.,https://m.media-amazon.com/images/I/71qSohDcJ1L._AC_UL1279_.jpg,162.50
"Le Donne Leather Women’s Colombian Leather Laptop Tote, 14.75” x 11” x 1.25”",Rated 4.4/5 from 105 Amazon shopper reviews.,https://m.media-amazon.com/images/I/51lzC8cZv2L._AC_UL1001_.jpg,162.00
"Hide & Drink, Formal Tote Bag Handmade from Full Grain Leather - Durable, Natural, Washable, Long Lasting - Large and Spacious, Versatile, Everyday Travel, Shopping, Minimalist Style - Bourbon Brown",Rated 5/5 from 2 Amazon shopper reviews.,https://m.media-amazon.com/images/I/51dAPq-HK0L._AC_UL1100_.jpg,161.99
Scully Women's Studded Patriotic Crossbody Bag - B124-Hb-One,Rated 5/5 from 1 Amazon shopper reviews.,https://m.media-amazon.com/images/I/61UK-WfNv4L._AC_UL1000_.jpg,160.76
The Sak Sequoia Hobo Bag,Rated 4.4/5 from 210 Amazon shopper reviews.,https://m.media-amazon.com/images/I/71xl2l+y3WL._AC_UL1500_.jpg,160.30
Anna by Anuschka Women's Genuine Leather Large Cross-Body Handbag - Zip-Top Multi-Compartment Organizer,Rated 4.4/5 from 50 Amazon shopper reviews.,https://m.media-amazon.com/images/I/91cp4lVcdsL._AC_UL1500_.jpg,160.10
"JuJuBe | 24.7 Leather Tote Bag + Clutch Purse for Moms, Includes 9 Pockets and Travel Changing Pad",Rated 3.6/5 from 12 Amazon shopper reviews.,https://m.media-amazon.com/images/I/71zdrG0TdoL._AC_UL1500_.jpg,160.00
Chrome Citizen Messenger Satchel Bag with Iconic Seat Belt Buckle,Rated 4.7/5 from 525 Amazon shopper reviews.,https://m.media-amazon.com/images/I/81o6TxudmyL._AC_UL1500_.jpg,160.00
Rioni Shoulder Tote - Brown,Rated 4.5/5 from 15 Amazon shopper reviews.,https://m.media-amazon.com/images/I/61NZxMVu3lL._AC_SL1001_.jpg,160.00
Dom Teporna Genuine Leather and Full Grain Leather Tote Bag for Women Simple High Capacity School Work Shopping,Rated 5/5 from 4 Amazon shopper reviews.,https://m.media-amazon.com/images/I/61uaoeC1kiL._AC_UL1500_.jpg,159.99
American West Mohave Canyon Small Leather Zip Top Tote,Rated 4.2/5 from 8 Amazon shopper reviews.,https://m.media-amazon.com/images/I/514NeaEjQSL._AC_UL1024_.jpg,159.99
BOSTANTEN Weekender Bags for Women Leather Duffle Bag for Travel Overnight Duffel Carry on Large Tote with Trolley Sleeve and Luggage Tag,Rated 4.8/5 from 10 Amazon shopper reviews.,https://m.media-amazon.com/images/I/71I4IoHoxnL._AC_SL1500_.jpg,159.99
Kathy Van Zeeland Croco PVC Designer Luggage - Lightweight Expandable 20 Inch Carry on Suitcase for Women - Small Durable Bag with 4-Rolling Spinner Wheels (Black),Rated 4.6/5 from 161 Amazon shopper reviews.,https://m.media-amazon.com/images/I/81uHpLkAbwL._AC_SL1500_.jpg,159.99
TimeStoryBag Women Leather Backpack/Purse- Handmade Convertible Hobo Shoulder Bag from Genuine Leather,Rated 4.1/5 from 11 Amazon shopper reviews.,https://m.media-amazon.com/images/I/91Zr1no1WEL._AC_SL1500_.jpg,159.99
Ainifeel Women's Genuine Leather Designer Crocodile Large Top Handle Handbags Satchel Shoulder Bags,Rated 4.3/5 from 51 Amazon shopper reviews.,https://m.media-amazon.com/images/I/71H7bdZDqjL._AC_UL1300_.jpg,159.90
Women Leather Backpack/Purse- Handmade Convertible Hobo Shoulder Bag from Genuine Leather,Rated 5/5 from 3 Amazon shopper reviews.,https://m.media-amazon.com/images/I/91PId17QGyL._AC_SL1500_.jpg,159.90
Floto Piazza Leather Tote Bag in Full Grain Calfskin,Rated 4.2/5 from 80 Amazon shopper reviews.,https://m.media-amazon.com/images/I/512-nS2YL3L._AC_UL1000_.jpg,159.20
"The Sak Los Feliz Medium Tote Bag in Leather, Unlined, Roomy Shoulder Purse",Rated 3.5/5 from 14 Amazon shopper reviews.,https://m.media-amazon.com/images/I/51v2RlVj-rL._AC_.jpg,159.00
Anna by Anuschka Women's Genuine Leather Medium Multi-Compartment Crossbody | Hand Painted Original Artwork,Rated 5/5 from 3 Amazon shopper reviews.,https://m.media-amazon.com/images/I/A1kr8VevzjL._AC_UL1500_.jpg,159.00
"SMART CARRY Purse Organizer Insert with Handles, Handbag & Tote Shaper, Made in USA, VEGAN Leather, ORGANIZER/WALLET",Rated 4.7/5 from 8 Amazon shopper reviews.,https://m.media-amazon.com/images/I/81iGyBdyVdL._AC_SL1500_.jpg,159.00
Women Leather Backpack/Purse - Handmade Convertible Hobo Shoulder Bag from Genuine Suede Leather Black,Rated 4.4/5 from 11 Amazon shopper reviews.,https://m.media-amazon.com/images/I/61RHn56qVwL._AC_SL1500_.jpg,158.90
PIJUSHI Small Crocodile Leather Backpack Purse for Women Fashion Casual Backpack Crocodile Bag,Rated 4.6/5 from 473 Amazon shopper reviews.,https://m.media-amazon.com/images/I/81ZgXv1-T1L._AC_UL1500_.jpg,158.58
RADLEY London Womens Pockets Multi-Compartment Leather Crossbody,Rated 4.6/5 from 40 Amazon shopper reviews.,https://m.media-amazon.com/images/I/71bkUoZUeDL._AC_UL1500_.jpg,158.00
Anuschka Handbags Zip Around Travel Organizer - 668,Rated 4.3/5 from 7 Amazon shopper reviews.,https://m.media-amazon.com/images/I/91yyFCg+2hL._AC_UL1500_.jpg,158.00
The Sak Sequoia Leather Tote,Rated 4.5/5 from 273 Amazon shopper reviews.,https://m.media-amazon.com/images/I/61OI87Y2xHL._AC_UL1200_.jpg,158.00
Genuine Leather Satchel Purses Handbags for Women Top Handle Shoulder Bags Lady Crossbody Tote Bags,Rated 4.2/5 from 47 Amazon shopper reviews.,https://m.media-amazon.com/images/I/713BLzbxrSL._AC_UL1500_.jpg,158.00
Genuine Leather Crossbody Bags for Women Vintage Handmade Satchel,Rated 4.2/5 from 3 Amazon shopper reviews.,https://m.media-amazon.com/images/I/61kYSWqQB8L._AC_UL1001_.jpg,158.00
Genuine Leather Handbags for Women Purse Satchel Vintage Handmade Handbag Crossbody Shoulder Bags,Rated 4.1/5 from 16 Amazon shopper reviews.,https://m.media-amazon.com/images/I/71l4NI1MVDL._AC_UL1500_.jpg,158.00
RADLEY London Womens Pockets Medium Zip Around Leather Crossbody Medium Ink,Rated 4/5 from 16 Amazon shopper reviews.,https://m.media-amazon.com/images/I/51CPA3xfqiL._AC_UL1200_.jpg,158.00
STS Ranchwear Women's Western Cowhide Leather Laptop Shopper Shoulder Bag,Rated 4.7/5 from 63 Amazon shopper reviews.,https://m.media-amazon.com/images/I/614xVmPnqJL._AC_SL1500_.jpg,158.00
Think Royln Women's Bar Bag,Rated 4.3/5 from 39 Amazon shopper reviews.,https://m.media-amazon.com/images/I/91HQfoETwBL._AC_UL1500_.jpg,158.00
Genuine Leather Satchel Handbag for Women Vintage Handmade Shoulder Bag Cowhide Tote Purse,Rated 4.5/5 from 60 Amazon shopper reviews.,https://m.media-amazon.com/images/I/71tObHQ-gfL._AC_UL1500_.jpg,158.00
Genuine Leather Bags for Women Top Handle Handmade Handbag Vintage Style Crossbody Purses,Rated 4.2/5 from 24 Amazon shopper reviews.,https://m.media-amazon.com/images/I/61x-6DYVEXL._AC_UL1100_.jpg,158.00
RADLEY London Womens Pockets Medium Zip Around Leather Crossbody Medium Black,Rated 4.2/5 from 60 Amazon shopper reviews.,https://m.media-amazon.com/images/I/51UHFeamauL._AC_UL1200_.jpg,158.00
"Anna by Anuschka Hand-Painted Original Artwork, Genuine Leather - Large Expandable Tote",Rated 5/5 from 8 Amazon shopper reviews.,https://m.media-amazon.com/images/I/91ykQVhk+OL._AC_UL1500_.jpg,157.09
Corkor Cork Purse Vegan Handbag for Women | Cruelty Free Satchel Non Leather | Roomy Bag,Rated 4.4/5 from 143 Amazon shopper reviews.,https://m.media-amazon.com/images/I/61zJS9W+QsL._AC_UL1024_.jpg,157.00
"Mary Frances Pattern Play Handbag, Multi",Rated 5/5 from 1 Amazon shopper reviews.,https://m.media-amazon.com/images/I/815w8TjFXJL._AC_UL1500_.jpg,156.97
Anna by Anuschka Hobo Handbag,Rated 4.7/5 from 9 Amazon shopper reviews.,https://m.media-amazon.com/images/I/61MhU9bz8DL._AC_UL1020_.jpg,156.74
"STS Ranchwear Women's Multifunctional Large Capacity Travel Shopper Sioux Falls Collection Carry All Bag with Shoulder Strap, Brown",Rated 4.8/5 from 5 Amazon shopper reviews.,https://m.media-amazon.com/images/I/61zxRYeMrCL._AC_UL1200_.jpg,156.00
"Mary Frances Toast of the Town Crossbody Clutch Handbag, Ivory",Rated 5/5 from 2 Amazon shopper reviews.,https://m.media-amazon.com/images/I/81VDDy1dr2L._AC_UL1200_.jpg,155.98
"Matt & Nat Tia Handbag, Loom Collection, Mahogany (Pink)",Rated 3/5 from 1 Amazon shopper reviews.,https://m.media-amazon.com/images/I/81LYffNT3GL._AC_UL1500_.jpg,155.00
"Electric PTO CLUTCH for Warner 5219-51, 5219-64, 5219-79 Yard Garden Tractors",Rated 4.5/5 from 18 Amazon shopper reviews.,https://m.media-amazon.com/images/I/61IlftH2jyL._AC_UL1500_.jpg,154.99
Anna by Anuschka Women’s Genuine Leather Wide Organizer Satchel - Hand Painted Original Artwork,Rated 4.3/5 from 23 Amazon shopper reviews.,https://m.media-amazon.com/images/I/81-xxv+dRWL._AC_UL1500_.jpg,154.40
"STS Ranchwear Women's Casual Everyday Multifunctional Yipee Kiyay Collection Tote Shoulder Bag, Multi",Rated 4.2/5 from 15 Amazon shopper reviews.,https://m.media-amazon.com/images/I/61ytsGxbfvL._AC_UL1200_.jpg,154.00
American West Lady Lace Zip-top Shoulder Bag,Rated 3.1/5 from 14 Amazon shopper reviews.,https://m.media-amazon.com/images/I/81z4G4yuwqL._AC_UL1500_.jpg,153.99
Anna by Anuschka Women's Genuine Leather Slim Cross Shoulder Bag - Hand Painted Original Artwork Exterior,Rated 4.6/5 from 289 Amazon shopper reviews.,https://m.media-amazon.com/images/I/91nJkRmrLtL._AC_UL1500_.jpg,153.95
Kiioouu Women Cashmere Dress Women Half-High Collar Thick Mid-Length Sweater Loose Bag Hip Warm Long Skirt,Rated 1/5 from 1 Amazon shopper reviews.,https://m.media-amazon.com/images/I/41fawTfjLOL._AC_UL1020_.jpg,153.10
"FJALL RAVEN(フェールラーベン) Women Backpack, Autumn Leaf",Rated 4.5/5 from 27 Amazon shopper reviews.,https://m.media-amazon.com/images/I/810TcJ6yhXL._AC_SL1500_.jpg,152.59
The Winston - Handmade Handbag from The Barrel Shack,Rated 4.4/5 from 3 Amazon shopper reviews.,https://m.media-amazon.com/images/I/91EJqA6YbgL._AC_UL1500_.jpg,150.00
Loungefly Marvel The Avengers Chibi All Over Print Duffle Bag Purse - MVTB0077,Rated 4.9/5 from 56 Amazon shopper reviews.,https://m.media-amazon.com/images/I/71VeKlIiRAL._AC_UL1500_.jpg,150.00
LiFemme Black Leather Waist Sling Bag for Women with Adjustable Strap,Rated 5/5 from 1 Amazon shopper reviews.,https://m.media-amazon.com/images/I/51BFObLuhSL._SL1000_.jpg,150.00
"Bric's Sportina X-Bag - Large Tote Bag - 3-Way Shopper Shoulder Bag - Designer Handbag for Travel and Work, Olive",Rated 4.4/5 from 99 Amazon shopper reviews.,https://m.media-amazon.com/images/I/517x301Dz-L._AC_SL1200_.jpg,150.00
"Matt & Nat Orford Dwell Tote Bag, Oak",Rated 2/5 from 1 Amazon shopper reviews.,https://m.media-amazon.com/images/I/81mkBXM-WIL._AC_UL1500_.jpg,150.00
VELEZ Leather Crossbody Bag for Women - Hands Free Genuine Designer Leather Purse,Rated 4/5 from 60 Amazon shopper reviews.,https://m.media-amazon.com/images/I/810EatpqBnL._AC_UL1500_.jpg,149.99
"Lily Bloom Design Pattern 28"" Luggage Softside Expandable With Double Spinner Wheels, Large Lightweight Suitcase Checked Bag For Women",Rated 4.7/5 from 692 Amazon shopper reviews.,https://m.media-amazon.com/images/I/91BAJNSe-8L._AC_SL1500_.jpg,149.99
"BCBGeneration Designer Carry-On Luggage with Spinner Wheels for Women, Expandable Softside 20 Inch Suitcase Lightweight Small Bag",Rated 4.3/5 from 48 Amazon shopper reviews.,https://m.media-amazon.com/images/I/71o3-I5bzPL._AC_SL1500_.jpg,149.99
Womens Genuine Italian Leather Top Handle Satchel Tote Handbag in Plain and Gloss Croc Finish,Rated 4.4/5 from 18 Amazon shopper reviews.,https://m.media-amazon.com/images/I/91UOZqTgV0L._AC_UL1500_.jpg,149.99
The Sak De Young Leather Tote,Rated 4.4/5 from 92 Amazon shopper reviews.,https://m.media-amazon.com/images/I/81j95yiv12L._AC_UL1500_.jpg,149.99
Cenzo Leather Field Bag Satchel Cross Body,Rated 4.2/5 from 7 Amazon shopper reviews.,https://m.media-amazon.com/images/I/91mF1KPHb6L._AC_SL1500_.jpg,149.00
American West Leather Small Crossbody Handbag with Build in Wallet & Key Chain,Rated 3.3/5 from 4 Amazon shopper reviews.,https://m.media-amazon.com/images/I/61vMwNHPo9L._AC_UL1000_.jpg,149.00
Anna by Anuschka Women's Genuine Leather Medium Flap-Over Hobo Handbag,Rated 4.2/5 from 48 Amazon shopper reviews.,https://m.media-amazon.com/images/I/91gFVedqWyL._AC_UL1500_.jpg,149.00
VELEZ Leather Mini Backpack For Women - Small Shoulder Bag Purse,Rated 4.4/5 from 110 Amazon shopper reviews.,https://m.media-amazon.com/images/I/71pAQqEJVVL._AC_UL1500_.jpg,148.99
Genuine Leather Satchels Top Handle Bags for Women Handmade Vintage Crossbody Bag Purse,Rated 4.8/5 from 16 Amazon shopper reviews.,https://m.media-amazon.com/images/I/61WIS0k-3yL._AC_UL1001_.jpg,148.00
Genuine Leather Satchel Handbag for Women Retro Handmade Top Handle Crossbody Shoulder Bag Purse,Rated 4/5 from 7 Amazon shopper reviews.,https://m.media-amazon.com/images/I/71GazyXTyxL._AC_UL1500_.jpg,148.00
IVTG Genuine Leather Satchel Bag for Women Vintage Handmade Top Handle Crossbody Handbag,Rated 4.1/5 from 119 Amazon shopper reviews.,https://m.media-amazon.com/images/I/61NNKBZhH6L._AC_UL1001_.jpg,148.00
"Anuschka Women's Hand Painted Medium Crossbody Organizer - Double Zip Pockets, Top Zip Entry & Optical Case",Rated 4.5/5 from 47 Amazon shopper reviews.,https://m.media-amazon.com/images/I/91HFty-TMaL._AC_UL1500_.jpg,148.00
Genuine Leather Satchel Purses for Women Vintage Handmade Handbag Crossbody Shoulder Bag,Rated 4.7/5 from 22 Amazon shopper reviews.,https://m.media-amazon.com/images/I/611JDQYWvSL._AC_UL1100_.jpg,148.00
Genuine Leather Messenger Bags Satchel for Women Handmade Vintage Top Handle Crossbody Handbag Purse,Rated 4/5 from 26 Amazon shopper reviews.,https://m.media-amazon.com/images/I/71UdoCwU7uL._AC_UL1500_.jpg,148.00
Genuine Leather Handbag for Women Satchel Top Handle Bags Handmade Vintage Crossbody Handbag Purses,Rated 4.4/5 from 8 Amazon shopper reviews.,https://m.media-amazon.com/images/I/71f0vFwlvqL._AC_UL1500_.jpg,148.00
Madewell Women's The Small Transport Crossbody,Rated 3.2/5 from 8 Amazon shopper reviews.,https://m.media-amazon.com/images/I/71dMD8mnN-L._AC_UL1500_.jpg,148.00
Genuine Leather Satchel Purse for Women Retro Handmade Top Handle Handbag Designer Crossbody Bag,Rated 4.5/5 from 12 Amazon shopper reviews.,https://m.media-amazon.com/images/I/71zdw3ZP0ZL._AC_UL1500_.jpg,148.00
Genuine Leather Satchel for Women Top Handle Bags Handmade Purse Vintage Embossed Leather Crossbody Handbags Hobo Bag,Rated 4.7/5 from 6 Amazon shopper reviews.,https://m.media-amazon.com/images/I/71lmnORf7fL._AC_UL1500_.jpg,148.00
Signature Brown Top Buckle Messenger Bag by Rioni Designer Handbags,Rated 5/5 from 6 Amazon shopper reviews.,https://m.media-amazon.com/images/I/81Uhb7lY5VL._AC_SL1500_.jpg,147.50
Herschel Travel Tote,Rated 4.5/5 from 68 Amazon shopper reviews.,https://m.media-amazon.com/images/I/91FuxYKdtCL._AC_UL1500_.jpg,147.44
ART N VINTAGE Designer Leather Bags for Women Weaving Cross Body Vintage Stylish Look Handbag Hobo Shopper Handbags-Eve Theme,Rated 5/5 from 1 Amazon shopper reviews.,https://m.media-amazon.com/images/I/81yvdMe5s0L._AC_UL1500_.jpg,147.00
"The Sak Women's Ventura Flap Org Crossbody, Teak",Rated 4.3/5 from 94 Amazon shopper reviews.,https://m.media-amazon.com/images/I/81De40UpqdL._AC_UL1500_.jpg,146.99
"BOGG BAG X Large Waterproof Washable Tip Proof Durable Open Tote Bag for the Beach Boat Pool Sports 19x15x9.5 (X-Large, GREEN camo)",Rated 4.9/5 from 14 Amazon shopper reviews.,https://m.media-amazon.com/images/I/61hJaSGoxcS._AC_UL1000_.jpg,146.95
"Matt & Nat Mardi Dwell Satchel, Curry (Mustard Yellow)",Rated 4/5 from 1 Amazon shopper reviews.,https://m.media-amazon.com/images/I/810yVU9r6yL._AC_UL1500_.jpg,145.00
Time Resistance Leather Crossbody Bag for Women - Full Grain Leather Shoulder Bag - Stylish Messenger Bag Purse,Rated 4/5 from 2 Amazon shopper reviews.,https://m.media-amazon.com/images/I/71As+AVfYHL._AC_UL1500_.jpg,145.00
Hand Tooled Leather Dome Crossbody Purse for Women,Rated 4.2/5 from 3 Amazon shopper reviews.,https://m.media-amazon.com/images/I/91l9dQhAXSL._AC_UL1500_.jpg,145.00
RADLEY London Museum Street - Large Open Top Tote,Rated 5/5 from 1 Amazon shopper reviews.,https://m.media-amazon.com/images/I/71PYkuwHnOL._AC_UL1200_.jpg,144.00
Tuscany Leather TLBag Leather handbag with golden hardware Dark Blue,Rated 4.7/5 from 123 Amazon shopper reviews.,https://m.media-amazon.com/images/I/713mBRITZYL._AC_SL1500_.jpg,142.28
Tuscany Leather Camelia Leather handbag Champagne,Rated 4.6/5 from 18 Amazon shopper reviews.,https://m.media-amazon.com/images/I/7186GR1e7JL._AC_SL1500_.jpg,142.28
ECCO Sculptured Handbag,Rated 2.5/5 from 3 Amazon shopper reviews.,https://m.media-amazon.com/images/I/81vrGbCeaiL._AC_UL1500_.jpg,142.19
Bogg Bag Coral Me Mine Original Large Tote (Coral),Rated 4.8/5 from 69 Amazon shopper reviews.,https://m.media-amazon.com/images/I/51EtDUa+mCL._AC_UL1200_.jpg,141.45
Time Resistance Leather Cross Body Bag for Women Shoulder Bag Messenger Purse,Rated 4.6/5 from 168 Amazon shopper reviews.,https://m.media-amazon.com/images/I/912ieOgy+-L._AC_UL1500_.jpg,141.00
Sea Bags Recycled Sail Cloth Grey Mariner Stripe Convertible Bucket Bag Backpack Purse Travel Purse,Rated 4/5 from 1 Amazon shopper reviews.,https://m.media-amazon.com/images/I/61nH4u7Vv5L._AC_UL1200_.jpg,140.00
"Canyon Outback Canyon Outback Leather 17-inch Harper Canyon Leather Tote - Black Travel Tote, Black",Rated 5/5 from 1 Amazon shopper reviews.,https://m.media-amazon.com/images/I/71HthMxmxOL._AC_SL1500_.jpg,140.00
HUIJUFU Realistic Puffy Plush Cat Shaped Crossbody Handbag for Women,Rated 4.8/5 from 104 Amazon shopper reviews.,https://m.media-amazon.com/images/I/61JE4bAXw6L._AC_UL1500_.jpg,139.99
Lily Bloom Design Pattern Carry on Bag Wheeled Cabin Tote (Elephant Rain),Rated 4.3/5 from 842 Amazon shopper reviews.,https://m.media-amazon.com/images/I/81GzwF0T50L._AC_SL1500_.jpg,139.99
COOLCY Small Crocodile Leather Backpack Purse for Women Designer Ladies Fashion Bag (Black.),Rated 4.5/5 from 19 Amazon shopper reviews.,https://m.media-amazon.com/images/I/81UsMl5w3qL._AC_SL1500_.jpg,139.99
Le Donne Classic Satchel Bag - Colombian Vaquetta Cowhide Leather Women’s Bag,Rated 4.3/5 from 14 Amazon shopper reviews.,https://m.media-amazon.com/images/I/716cw4WPZoL._AC_UL1500_.jpg,139.95
COOLCY Women Small Genuine Leather Backpack Purse Crocodile Designer Bag (Green),Rated 4.7/5 from 136 Amazon shopper reviews.,https://m.media-amazon.com/images/I/81H0sLbtGSL._AC_SL1500_.jpg,139.85
PIJUSHI Designer Leather Handbags for Women Ladies Floral Crossbody Shoulder Bags Clutch Purse,Rated 4.5/5 from 85 Amazon shopper reviews.,https://m.media-amazon.com/images/I/81TzYeGjDlL._AC_UL1500_.jpg,139.78
"The Sak Lucia Crossbody Bag in Crochet, Convertible Purse with Adjustable Shoulder Strap",Rated 4.4/5 from 46 Amazon shopper reviews.,https://m.media-amazon.com/images/I/81IMSiv0nmL._AC_UL1500_.jpg,139.00
Kipling Art M Weekender Printed Tote Bag,Rated 4.5/5 from 4 Amazon shopper reviews.,https://m.media-amazon.com/images/I/7116gRTfNNL._AC_UL1500_.jpg,139.00
ZLYC Women Dip Dye Leather Boho Rogue Bag Fringe Bag Satchel Shoulder bag Handbag Crossbody Bag,Rated 4/5 from 56 Amazon shopper reviews.,https://m.media-amazon.com/images/I/816CrZvYyUL._AC_UL1500_.jpg,139.00
Distressed Buffalo Leather Crossbody Organizer Purse by Gun Tote'n Mamas,Rated 4.7/5 from 65 Amazon shopper reviews.,https://m.media-amazon.com/images/I/71thrgya09L._AC_UL1024_.jpg,138.95
Tuscany Leather TL Bag Soft leather backpack for women - TL141682 (Cognac),Rated 3.6/5 from 9 Amazon shopper reviews.,https://m.media-amazon.com/images/I/71oVYtjXg7L._AC_SL1500_.jpg,138.73
Genuine Leather Satchel for Women Handmade Vintage Crossbody Bag Shoulder Purses for Ladies,Rated 4.1/5 from 82 Amazon shopper reviews.,https://m.media-amazon.com/images/I/71ulOClravL._AC_UL1100_.jpg,138.00
Madewell Women's The Sydney Zip Top Crossbody,Rated 4.2/5 from 9 Amazon shopper reviews.,https://m.media-amazon.com/images/I/61-gQ4KOwOL._AC_UL1500_.jpg,138.00
Genuine Leather Crossbody Purse for Women Vintage Handmade Satchel Top Handle Convertible Handbag Shoulder Bag,Rated 3.8/5 from 6 Amazon shopper reviews.,https://m.media-amazon.com/images/I/61TkW-RofeL._AC_UL1100_.jpg,138.00
Genuine Leather Handbags for Women Top Handle Satchel Purses Ladies Shoulder Bag Handmade Vintage Crossbody Bags (Red),Rated 3.1/5 from 5 Amazon shopper reviews.,https://m.media-amazon.com/images/I/71DYzBYSy0L._AC_UL1500_.jpg,138.00
Genuine Leather Satchel Handbag for Women Purse Top Handle Bags Handmade Vintage Crossbody Bag Purses,Rated 5/5 from 7 Amazon shopper reviews.,https://m.media-amazon.com/images/I/61cLZJ9gG3L._AC_UL1500_.jpg,138.00
"Anna by Anuschka Women's Genuine Leather Crossbody Organizer, Hand-Painted Exterior",Rated 5/5 from 4 Amazon shopper reviews.,https://m.media-amazon.com/images/I/A1HtbwQNQxL._AC_UL1500_.jpg,137.78
"Claire Chase Messenger Satchel, Black, One Size",Rated 5/5 from 2 Amazon shopper reviews.,https://m.media-amazon.com/images/I/71m2peH1AaL._AC_SL1375_.jpg,136.86
RADLEY London Isabella Road - Medium Ziptop Tote,Rated 5/5 from 5 Amazon shopper reviews.,https://m.media-amazon.com/images/I/616rSJPKZTL._AC_UL1200_.jpg,136.68
DUTUI Printed Handbags Mori Literature and Art All Match Messenger Bag Retro Wooden Handmade Bag Christmas and Halloween Creative Gifts,Rated 5/5 from 1 Amazon shopper reviews.,https://m.media-amazon.com/images/I/61YNfczZzVL._AC_SL1500_.jpg,136.57
"Pacific Coast Signature Underseat 15.5"" Rolling Tote Carry-on, Black, One Size",Rated 4.5/5 from 239 Amazon shopper reviews.,https://m.media-amazon.com/images/I/61KAC7cnTUL._AC_SL1500_.jpg,136.41
KATIE LOXTON Kensington Womens Large Vegan Leather Convertible Strap Top Handle Weekender Duffle Bag Cognac,Rated 3.6/5 from 3 Amazon shopper reviews.,https://m.media-amazon.com/images/I/81glo92Ds2L._AC_UL1500_.jpg,136.00
Anna by Anuschka Women’s Genuine Leather Medium Shopper Bag - Hand Painted Original Artwork,Rated 4.4/5 from 16 Amazon shopper reviews.,https://m.media-amazon.com/images/I/81RPnDkWxiL._AC_UL1500_.jpg,136.00
Anna by Anuschka Satchel Shoulder Handbag - Genuine Leather,Rated 4.5/5 from 64 Amazon shopper reviews.,https://m.media-amazon.com/images/I/91DEI2CfxaL._AC_UL1500_.jpg,135.79
American Darling Cross Body Vintage Bag Large Leather Fringe Crossbody Purse Western Handbags Quilted Saddle Blanket Cowhide Stylish Handmade Shoulder Handbag Hand Carved Strap (adbgz184a),Rated 4.6/5 from 7 Amazon shopper reviews.,https://m.media-amazon.com/images/I/31TlMCpZGoL._AC_.jpg,135.52
The Sak Arriba Tote By The Sak Collective Black Jungle One Size,Rated 3.4/5 from 2 Amazon shopper reviews.,https://m.media-amazon.com/images/I/81xs4N4kjlL._AC_UL1500_.jpg,135.30
"Piel Leather Medium Carry-On Satchel, Black, One Size",Rated 4.6/5 from 6 Amazon shopper reviews.,https://m.media-amazon.com/images/I/61WLaSRfBAL._AC_SL1000_.jpg,135.16
Genuine Leather Handbags for Women Vintage Handmade Top-Handle Handbag Purse Shoulder Bag Cowhide Satchel Bag for Ladies,Rated 4.4/5 from 3 Amazon shopper reviews.,https://m.media-amazon.com/images/I/81J5B5StO8L._AC_UL1500_.jpg,135.00
Duluth Pack Duluth Minn Everyday Travel Gym Shoulder Market Tote Bag,Rated 4/5 from 15 Amazon shopper reviews.,https://m.media-amazon.com/images/I/710L2gJxM8S._AC_SL1200_.jpg,135.00
Signature Galina's Mini Tourist by Rioni Designer Handbags & Luggage,Rated 5/5 from 1 Amazon shopper reviews.,https://m.media-amazon.com/images/I/51jPm9s4oIL._AC_.jpg,135.00
Genuine Leather Satchel Purse for Women Retro Cowhide Handmade Top Handle Handbag Designer Crossbody Bag,Rated 4.2/5 from 18 Amazon shopper reviews.,https://m.media-amazon.com/images/I/71qO4B7YzCL._AC_UL1500_.jpg,135.00
Bed Stu Ventura Leather Handbag Clutch or Crossbody,Rated 1.5/5 from 2 Amazon shopper reviews.,https://m.media-amazon.com/images/I/710aIvfki4L._AC_UL1500_.jpg,135.00
Voyager Zippered Wristlet Clutch #7723,Rated 3.8/5 from 5 Amazon shopper reviews.,https://m.media-amazon.com/images/I/619fvd9jxUL._AC_UL1000_.jpg,135.00
"FOXER Leather Totes & Wallets 2 PCS Set,",Rated 3.9/5 from 40 Amazon shopper reviews.,https://m.media-amazon.com/images/I/71Ut1eo-3qL._AC_UL1386_.jpg,134.99
"Kipling Women's Superworker Laptop, Lightweight Commuter, Nylon Tote Bag",Rated 4.1/5 from 16 Amazon shopper reviews.,https://m.media-amazon.com/images/I/51lvmJH2hOL._AC_UL1500_.jpg,134.58
"Anna by Anuschka Women’s Hand Painted Genuine Leather Large Satchel - Double Rope Handle, Magnetic Flap Closure",Rated 4.4/5 from 10 Amazon shopper reviews.,https://m.media-amazon.com/images/I/81rEfdl7MTL._AC_UL1500_.jpg,133.26
Bed|Stu Women’s Ventura Leather Bag,Rated 3.9/5 from 120 Amazon shopper reviews.,https://m.media-amazon.com/images/I/71IT7obzMsL._AC_UL1326_.jpg,133.11
American West Women's Texas Rose Crossbody Bag Tan One Size,Rated 5/5 from 3 Amazon shopper reviews.,https://m.media-amazon.com/images/I/51nx69Qkp2L._AC_UL1024_.jpg,132.05
Madewell Women's Zipper Transport Tote,Rated 4.4/5 from 51 Amazon shopper reviews.,https://m.media-amazon.com/images/I/71tCBr99qAL._AC_UL1500_.jpg,132.00
"LZG Soft Rolling Tote Travel Bag Suitcases with Wheels, Waterproof Rolling Duffle Bag Wheeled Business Carry on Luggage, Overnight Weekender Bags, 19inch (Color : Purple)",Rated 1/5 from 1 Amazon shopper reviews.,https://m.media-amazon.com/images/I/51AcechA8HL._AC_SL1025_.jpg,131.87
RADLEY London Bennet Street - Large Zip Top Tote,Rated 5/5 from 4 Amazon shopper reviews.,https://m.media-amazon.com/images/I/61bhOluJkjL._AC_UL1200_.jpg,131.20
S-ZONE Leather Laptop Tote Bag for Women Work Fit Up to 15.6 inch Large capacity Briefcase Shoulder Purse with Trolley Sleeve,Rated 5/5 from 4 Amazon shopper reviews.,https://m.media-amazon.com/images/I/71zJPk0FhSL._AC_UL1500_.jpg,130.99
RADLEY London Anchor Mews - Medium Dome Satchel,Rated 3.5/5 from 15 Amazon shopper reviews.,https://m.media-amazon.com/images/I/71iXzg+8ItL._AC_UL1200_.jpg,130.80
Matt & Nat Sella Loom Tote Bag,Rated 2/5 from 1 Amazon shopper reviews.,https://m.media-amazon.com/images/I/61LY0rTHsLL._AC_UL1500_.jpg,130.00
Frost River Bazaar Tote Field Tan,Rated 4.3/5 from 2 Amazon shopper reviews.,https://m.media-amazon.com/images/I/41ZtxyKYq0L._AC_.jpg,130.00
Gaspy Angela Women's Tote Style Handbag - Handmade from 100 Percent Genuine Colombian Leather,Rated 4/5 from 1 Amazon shopper reviews.,https://m.media-amazon.com/images/I/61DOdbGt+PL._AC_UL1024_.jpg,130.00
BOSTANTEN Womens Wallet Genuine Leather Wallets Large Capacity and Backpack Purse For Women Leather Laptop Backpacks,Rated 5/5 from 2 Amazon shopper reviews.,https://m.media-amazon.com/images/I/61jdaVy+72S._AC_UL1500_.jpg,129.99
"Visconti Buffalo Leather 13 Inch Laptop Case/Messenger Shoulder Bag/Handbag, Brown, One Size",Rated 4.6/5 from 52 Amazon shopper reviews.,https://m.media-amazon.com/images/I/91cREPwo1hL._AC_SL1500_.jpg,129.99
STEPHIECATH Women's Handbag Genuine Leather Slouch Hobo Shoulder Bag Large Casual Handmade Tote Vintage Snap Shopping Bags,Rated 3.8/5 from 130 Amazon shopper reviews.,https://m.media-amazon.com/images/I/71DfaVfxhBL._AC_UL1500_.jpg,129.99
The Sak Venata Foldover Tote Convertible Cross-Body Bag,Rated 4.1/5 from 12 Amazon shopper reviews.,https://m.media-amazon.com/images/I/919bxTtXdrL._AC_UL1500_.jpg,129.99
The Sak Deena Hobo Saddle Cross-Body Bag,Rated 4.3/5 from 85 Amazon shopper reviews.,https://m.media-amazon.com/images/I/91ATUuS8geL._AC_UL1500_.jpg,129.99
BOSTANTEN Genuine Leather Backpack Purse Casual College Travel Bags for Women Womens Wallet Genuine Leather Large Capacity Wristlet Clutch Purse Credit Card Holder with RFID Blocking,Rated 4/5 from 1 Amazon shopper reviews.,https://m.media-amazon.com/images/I/71tLBB0ClUL._AC_UL1500_.jpg,129.98
"LOTUS NOIR™ - ""Nicole Matte Embossed Vegan Leather Sling Purse with Detachable and Adjustable Strap",Rated 5/5 from 6 Amazon shopper reviews.,https://m.media-amazon.com/images/I/31XHF5l29eL._AC_.jpg,129.97
Large Waxed Canvas Tote Bag for Women | the JOPLIN TALL TOTE by FAT FELT (Desert),Rated 4.7/5 from 12 Amazon shopper reviews.,https://m.media-amazon.com/images/I/81aF0Qs4SgL._AC_SL1500_.jpg,129.95
COOLCY Small Leather Backpack Purse for women Crocodile Designer Fashion Bag (Dark Brown),Rated 5/5 from 16 Amazon shopper reviews.,https://m.media-amazon.com/images/I/81V8xm38MZL._AC_SL1500_.jpg,129.95
PRIMO SACCHI Large Ladies Italian Textured Leather Grab Shoulder Bag Handbag Backpack Purse,Rated 3.3/5 from 5 Amazon shopper reviews.,https://m.media-amazon.com/images/I/91vyyyw-QCL._AC_UL1500_.jpg,129.95
Drawstring Handbag S709 (off-white),Rated 3.6/5 from 24 Amazon shopper reviews.,https://m.media-amazon.com/images/I/51F5Dn3v+YL._AC_.jpg,129.90
Large Capacity Leather Accents Tote Bag (brown),Rated 4.1/5 from 117 Amazon shopper reviews.,https://m.media-amazon.com/images/I/61S7eNyKlYL._AC_UL1201_.jpg,129.90
Leather Accents Drawstring Tote Shoulder Bucket Handbags for Women,Rated 3.7/5 from 29 Amazon shopper reviews.,https://m.media-amazon.com/images/I/71ogjUdcNUL._AC_UL1500_.jpg,129.90
Anna by Anuschka Women's Genuine Leather Large Hobo Handbag | Zip-Top Organizer,Rated 4.4/5 from 33 Amazon shopper reviews.,https://m.media-amazon.com/images/I/91baLUoVc6L._AC_UL1500_.jpg,129.47
"Mary Frances womens Mary Frances Queen Bee Crossbody Handbag Bag, Multi, One Size US",Rated 5/5 from 4 Amazon shopper reviews.,https://m.media-amazon.com/images/I/A1o5YL2ZxbL._AC_UL1500_.jpg,129.36
Cinda b. Tennis Tote Royal Bonita,Rated 4.3/5 from 74 Amazon shopper reviews.,https://m.media-amazon.com/images/I/91W8bYxIrBL._AC_SL1500_.jpg,129.00
JW PEI Women's Abacus Bag,Rated 4.6/5 from 75 Amazon shopper reviews.,https://m.media-amazon.com/images/I/710p33e5CCL._AC_UL1500_.jpg,129.00
The North Face Women's Kabyte Backpack #A3C8YJK3 (One_Size),Rated 4/5 from 6 Amazon shopper reviews.,https://m.media-amazon.com/images/I/71Yesmmk4nL._AC_UL1500_.jpg,129.00
"The Sak Los Feliz Crossbody Bag in Leather, Large, Unlined Purse with Single Adjustable Shoulder Strap",Rated 3.9/5 from 38 Amazon shopper reviews.,https://m.media-amazon.com/images/I/41izs+eE-pL._AC_.jpg,129.00
"Bellroy Tokyo Tote - Second Edition (Laptop Tote Bag, Casual Shoulder Bag, 15L)",Rated 4.5/5 from 166 Amazon shopper reviews.,https://m.media-amazon.com/images/I/41yOdbCViIL._AC_UL1200_.jpg,129.00
Manhattan Portage Greenwich Tote,Rated 4.5/5 from 6 Amazon shopper reviews.,https://m.media-amazon.com/images/I/816-TYnCaGL._AC_UL1500_.jpg,129.00
Hobo Bag from 100% Luxury Light-Weighted Calf Leather | Canvas | Suede | Style a la Porte,Rated 3.5/5 from 43 Amazon shopper reviews.,https://m.media-amazon.com/images/I/51k9g0Pr0kL._AC_UL1500_.jpg,129.00
American West Women's Texas Two-Step Mini Crossbody Bag Red One Size,Rated 3.9/5 from 3 Amazon shopper reviews.,https://m.media-amazon.com/images/I/81mANx3PAKL._AC_UL1500_.jpg,128.99
American West Women's Desert Wildflower Small Crossbody Bag/Wallet Tan One Size,Rated 4.2/5 from 3 Amazon shopper reviews.,https://m.media-amazon.com/images/I/81lqkYRIGoL._AC_UL1500_.jpg,128.99
The Sak Palermo Leather Tote Cali Multi One Size,Rated 5/5 from 4 Amazon shopper reviews.,https://m.media-amazon.com/images/I/61q17g7BOAL._AC_UL1400_.jpg,128.99
FOXER Women Genuine Leather Handbag Tote Purse Top Handle Satchel Shoulder Bag,Rated 4.3/5 from 90 Amazon shopper reviews.,https://m.media-amazon.com/images/I/61q-V+H+Z9L._AC_UL1001_.jpg,128.98
"Love Moschino Women's Borsa a Spalla Shoulder Bag, One Size",Rated 5/5 from 3 Amazon shopper reviews.,https://m.media-amazon.com/images/I/91cco--+c6L._AC_UL1500_.jpg,128.88
VAUDE Women's Tacora 26 Backpack,Rated 4.2/5 from 24 Amazon shopper reviews.,https://m.media-amazon.com/images/I/91PQonAxNaL._AC_UL1500_.jpg,128.77
Genuine Leather Satchel Crossbody Bags for Women Handmade Vintage Top Handle Handbags Purses,Rated 4/5 from 31 Amazon shopper reviews.,https://m.media-amazon.com/images/I/71J3mhPZj-L._AC_UL1500_.jpg,128.00
Genuine Leather Crossbody Bags for Women Handmade Vintage Hobo Handbag Clutch Satchel Purses,Rated 4.1/5 from 74 Amazon shopper reviews.,https://m.media-amazon.com/images/I/61FploXQ9pL._AC_UL1001_.jpg,128.00
Madewell Women's Transport Camera Bag,Rated 4.7/5 from 21 Amazon shopper reviews.,https://m.media-amazon.com/images/I/610GKRmNQfL._AC_UL1500_.jpg,128.00
STS Ranchwear Women's Cowhide Mae Durable Leather Casual Crossbody Bag with Adjustable & Removable Strap,Rated 4.7/5 from 4 Amazon shopper reviews.,https://m.media-amazon.com/images/I/81Rv-3dP3sS._AC_UL1500_.jpg,128.00
Genuine Leather Sling Bag Crossbody Purse Motorcycle Bag Handmade Hiking Daypack Retro Shoulder Backpack Vintage Chest Bag,Rated 4.5/5 from 48 Amazon shopper reviews.,https://m.media-amazon.com/images/I/61k3qd7Gx-L._AC_UL1500_.jpg,128.00
Geniune Leather Crossbody Bag Top-Handle Handbag for Women Vintage Handmade Shoulder Purse,Rated 3.8/5 from 8 Amazon shopper reviews.,https://m.media-amazon.com/images/I/61TyBxjc2BL._AC_UL1001_.jpg,128.00
IVTG Genuine Leather Crossbody Bag for Women Vintage Handmade Top Handle Handbag Satchel,Rated 4.3/5 from 54 Amazon shopper reviews.,https://m.media-amazon.com/images/I/71R7jbV6bBL._AC_UL1001_.jpg,128.00
Pelgio Genuine Crocodile Alligator Backbone Skin Zip Around Checkbook Long Clutch Wallet Purse (Black),Rated 5/5 from 3 Amazon shopper reviews.,https://m.media-amazon.com/images/I/81SG1gWaTTL._AC_SL1500_.jpg,127.67
"Piel Leather Carry-All Tote, Chocolate, One Size",Rated 3.7/5 from 7 Amazon shopper reviews.,https://m.media-amazon.com/images/I/91DA6HXKjsL._AC_SL1500_.jpg,127.56
Time Resistance Leather Clutch Women's Purse Wrist Bag Shoulder Bag Handbag,Rated 4.5/5 from 67 Amazon shopper reviews.,https://m.media-amazon.com/images/I/91916JhjIgL._AC_UL1500_.jpg,127.00
Myra Bag Women's Riptide Leather And Hair-On Black One Size,Rated 5/5 from 1 Amazon shopper reviews.,https://m.media-amazon.com/images/I/61p3L5Rw-jL._AC_UL1500_.jpg,127.00
"Mucros Weavers Women's Emily Handbag, Tweed- One Size",Rated 4.5/5 from 49 Amazon shopper reviews.,https://m.media-amazon.com/images/I/611tTWGPHEL._AC_UL1001_.jpg,126.00
S-ZONE Women Genuine Leather Backpack Purse Retro Top-handle Bags Vintage Totes,Rated 4.6/5 from 125 Amazon shopper reviews.,https://m.media-amazon.com/images/I/81ooPNfuqPL._AC_UL1500_.jpg,125.99
VELEZ Small Leather Purses For Women- Crossbody Bags Designer Handbags,Rated 4.3/5 from 36 Amazon shopper reviews.,https://m.media-amazon.com/images/I/717wo5B0fCL._AC_UL1500_.jpg,125.99
Anna by Anuschka Wide Tote Bag | Genuine Leather,Rated 4.6/5 from 151 Amazon shopper reviews.,https://m.media-amazon.com/images/I/91dOGypjtOL._AC_UL1500_.jpg,125.98
PRIMO SACCHI Italian Textured Leather Hand Made Bowling Style Handbag Tote Grab Bag Shoulder Bag,Rated 4.6/5 from 308 Amazon shopper reviews.,https://m.media-amazon.com/images/I/814B0QMHy8L._AC_UL1500_.jpg,125.95
Over Earth Genuine Leather Backpack Purse for Women Fashion Travel Leather Rucksack Purse with Flap for Ladies,Rated 4.4/5 from 70 Amazon shopper reviews.,https://m.media-amazon.com/images/I/81-kmmx+UqL._AC_UL1500_.jpg,125.56
"Mary Frances womens Sunshine & Daisies Handbags, Multiple, One Size US",Rated 4.5/5 from 6 Amazon shopper reviews.,https://m.media-amazon.com/images/I/912OoAeFVfL._AC_UL1500_.jpg,125.40
Pendleton Tote,Rated 4.3/5 from 11 Amazon shopper reviews.,https://m.media-amazon.com/images/I/91XksDqDfZS._AC_UL1500_.jpg,125.30
Signature Dual Zip Wallet Organizer by Rioni Designer Handbags & Luggage,Rated 4.7/5 from 28 Amazon shopper reviews.,https://m.media-amazon.com/images/I/81wO3Nc5XWL._AC_UL1500_.jpg,125.00
Genuine Leather Sling Bags Crossbody Purse Handmade Hiking Daypack Retro Shoulder Backpack Vintage Chest Bags,Rated 4.1/5 from 5 Amazon shopper reviews.,https://m.media-amazon.com/images/I/61Wd9C1E-kL._AC_UL1100_.jpg,125.00
EvaLuLu Genuine Leather Women Handbag FursTote Bag,Rated 4.2/5 from 86 Amazon shopper reviews.,https://m.media-amazon.com/images/I/7134951oJ2L._AC_UL1500_.jpg,125.00
Kipling Nyrie Go Solid Hobo Crossbody Bag with Guitar Strap,Rated 5/5 from 17 Amazon shopper reviews.,https://m.media-amazon.com/images/I/91kuiy1aqJL._AC_SL1500_.jpg,125.00
"Delsey Luggage Helium Hyperlite Spinner Trolley Tote, Black, One Size",Rated 3.2/5 from 25 Amazon shopper reviews.,https://m.media-amazon.com/images/I/81gNCI5SEQL._AC_SL1500_.jpg,125.00
American Leather Co. - Hudson Hobo Handbag - Gorgeous Design and Superbly Fashionable,Rated 4.7/5 from 8 Amazon shopper reviews.,https://m.media-amazon.com/images/I/41Y7vmhwJbL._AC_.jpg,125.00
V-Style Convertible Backpack Purse (Purple Haze) (Purple),Rated 4.3/5 from 6 Amazon shopper reviews.,https://m.media-amazon.com/images/I/71zII+x5R3L._AC_SL1500_.jpg,124.97
Kipling Women's Felix Large Metallic Handbag One Size Platinum Metallic,Rated 5/5 from 4 Amazon shopper reviews.,https://m.media-amazon.com/images/I/81uZgeV3W-L._AC_UL1500_.jpg,124.00
Le Donne Leather Large Pocket Tote - Colombian Cowhide Leather Women’s Bag,Rated 3.3/5 from 17 Amazon shopper reviews.,https://m.media-amazon.com/images/I/51eApyb4mHL._AC_UL1000_.jpg,124.00
Baggallini Classic Rolling Tote Bagg,Rated 4.5/5 from 267 Amazon shopper reviews.,https://m.media-amazon.com/images/I/812lDVYicAL._AC_UL1500_.jpg,123.22
The Sak Kendra Satchel Mocha Sparkle One Size,Rated 4/5 from 1 Amazon shopper reviews.,https://m.media-amazon.com/images/I/61FcSDIkHQL._AC_UL1000_.jpg,121.72
"Kipling Women's Erica Solid Crossbody Bag, Black t, One Size",Rated 4.8/5 from 86 Amazon shopper reviews.,https://m.media-amazon.com/images/I/81CAU6nnVQL._AC_SL1500_.jpg,120.45
baggallini 4 wheel tote,Rated 3.7/5 from 26 Amazon shopper reviews.,https://m.media-amazon.com/images/I/9183QTJt07L._AC_UL1500_.jpg,120.00
"Hedgren Wind Tote, Detachable Waistpack (Black)",Rated 5/5 from 3 Amazon shopper reviews.,https://m.media-amazon.com/images/I/61KSNBBGGBL._AC_SL1500_.jpg,120.00
Melie Bianco Carrie Bag - Luxury Faux Leather Shoulder Bag - Vegan Purse with Matching Pouch - 100% Cruelty-Free Fabric,Rated 5/5 from 3 Amazon shopper reviews.,https://m.media-amazon.com/images/I/31ivBZj6QxL._AC_.jpg,120.00
Loungefly Pokemon Ice Cream Acid Wash Denim Womens Double Strap Shoulder Bag Purse,Rated 4.8/5 from 66 Amazon shopper reviews.,https://m.media-amazon.com/images/I/518uKXHtk3L._AC_UL1000_.jpg,119.99
Loungefly Disney Villains Pastel Flames All Over Print Womens Double Strap Shoulder Bag Purse,Rated 4.7/5 from 100 Amazon shopper reviews.,https://m.media-amazon.com/images/I/61fOBjizCmL._AC_UL1000_.jpg,119.99
"I-CLIP Original Silver Ostrich Leg Black, wallet, money bag, purse, credit card case, credit card holder",Rated 4.1/5 from 170 Amazon shopper reviews.,https://m.media-amazon.com/images/I/71QYBn5RTBL._AC_SL1500_.jpg,119.99
"24"" Leather Buffalo Travel Case Duffel Luggage Bag, Gym Travel Tote Duffel, Overnight Weekender",Rated 4.1/5 from 24 Amazon shopper reviews.,https://m.media-amazon.com/images/I/81BzwqK-tPL._AC_SL1500_.jpg,119.99
LaGaksta Easy Carry Leather Backpack Convertible Purse,Rated 4.1/5 from 84 Amazon shopper reviews.,https://m.media-amazon.com/images/I/51u3PYc6HML._AC_UL1000_.jpg,119.99
"Le Donne Leather Women’s Tech-Friendly Backpack – Premium Full-Grain Colombian Vaquetta Leather Backpack, 11” x 12” x 4” (Tan)",Rated 4.5/5 from 16 Amazon shopper reviews.,https://m.media-amazon.com/images/I/71ZKDdconeL._AC_SL1280_.jpg,119.99
ZLYC Women's Leather Bamboo Hand Strap Featured Fringe Bohemian Tassel Studed Cross Body Bag,Rated 3.8/5 from 222 Amazon shopper reviews.,https://m.media-amazon.com/images/I/91ybc8uAXdL._AC_UL1500_.jpg,119.99
"Le Donne Leather Destination Tote – Premium Full-Grain Colombian Vaquetta Leather Tote, 13.5"" x 13"" x 3""",Rated 3.7/5 from 4 Amazon shopper reviews.,https://m.media-amazon.com/images/I/51VW4s5Ks0L._AC_UL1001_.jpg,119.99
Le Donne Leather Esperanto Satchel - Colombian Cowhide Leather Women’s Bag,Rated 4/5 from 7 Amazon shopper reviews.,https://m.media-amazon.com/images/I/71rUzSzIuNL._AC_UL1500_.jpg,119.99
"La Tour Eiffel Women's Luxury Fashion PVC Handbag, Synthetic Leather, Imitation Leather, Purse, Adjustable Shoulder/Cross Body Straps, Shoulder Bag, Crossbody Bag, Faux Leather",Rated 5/5 from 1 Amazon shopper reviews.,https://m.media-amazon.com/images/I/61hslqulV1L._AC_UL1000_.jpg,119.99
Le Donne Leather Women’s Multi-Pocket Backpack Purse – Premium Full-Grain Colombian Vaquetta Cowhide Leather (Black),Rated 4/5 from 106 Amazon shopper reviews.,https://m.media-amazon.com/images/I/61J2qSOQucL._AC_SL1280_.jpg,119.99
Giani Bernini Braided Handle Leather Satchel (Ivory),Rated 4.6/5 from 5 Amazon shopper reviews.,https://m.media-amazon.com/images/I/71TdwT4Y-wL._AC_UL1500_.jpg,119.99
"G-FAVOR Leather Handbag Shoulder Bag Purse Tote for Women, Fashion Crossbody Bags - Brown",Rated 4/5 from 10 Amazon shopper reviews.,https://m.media-amazon.com/images/I/81dwSE+aNML._AC_UL1500_.jpg,119.98
"Le Donne Backpack Purse For Women - Leather Womens Back Pack | Travel, Fashion, Small Cute Purses| U Zip Shoulder Bag & Crossbody Bags For Women (Tan)",Rated 4.4/5 from 27 Amazon shopper reviews.,https://m.media-amazon.com/images/I/51UMAhr-VRL._AC_SL1001_.jpg,119.95
"The Sak Sequoia Hobo Bag in Leather, Soft & Slouchy Silhouette, Timeless & Elevated Design",Rated 3.2/5 from 3 Amazon shopper reviews.,https://m.media-amazon.com/images/I/71IgAMSvNuL._AC_UL1500_.jpg,119.40
"Baggallini womens Soho Backpack, Black, One Size US",Rated 4.6/5 from 448 Amazon shopper reviews.,https://m.media-amazon.com/images/I/71WUzG9915L._AC_SL1500_.jpg,119.13
Loungefly Disney Wreck-It Ralph Vanellope Cosplay Womens Double Strap Shoulder Bag Purse,Rated 4.9/5 from 102 Amazon shopper reviews.,https://m.media-amazon.com/images/I/71HU865egAL._AC_SL1500_.jpg,119.00
"Kipling Women’s Deny Weekender, Versatile Lightweight Overnight Tote, Nylon Travel Bag",Rated 4.5/5 from 27 Amazon shopper reviews.,https://m.media-amazon.com/images/I/91nFI5k3GmL._AC_UL1500_.jpg,119.00
"Bellroy Tokyo Tote Compact – (Laptop Bag, Tote Bag, 12L) - RangerGreen",Rated 4.4/5 from 73 Amazon shopper reviews.,https://m.media-amazon.com/images/I/41lK7EJD1qS._AC_SL1200_.jpg,119.00
"Kipling Women's City Pack Backpack, All-Day Versatile Daypack, Pink Party",Rated 4/5 from 16 Amazon shopper reviews.,https://m.media-amazon.com/images/I/71ZmbIBaL3L._AC_UL1500_.jpg,119.00
Floto Firenze Women's Saddle Bag Crossbody Shoulder Bag Handbag,Rated 3.9/5 from 5 Amazon shopper reviews.,https://m.media-amazon.com/images/I/81yGwUjn+rL._AC_SL1500_.jpg,119.00
Anna by Anuschka Women's Genuine Leather Large Zip-Top Satchel | Hand Painted Original Artwork | Zip-Top Organizer,Rated 3.7/5 from 20 Amazon shopper reviews.,https://m.media-amazon.com/images/I/810vCK5oDlL._AC_UL1500_.jpg,119.00
"DI TOMASO Cowhide Purse Western Style - Genuine Leather Purse Limited Edition For Woman, Western Tote Handbag With Bi-color Pattern Garanted Whit Crossbody Srap",Rated 4.9/5 from 37 Amazon shopper reviews.,https://m.media-amazon.com/images/I/81XNS-gq4yL._AC_UL1500_.jpg,119.00
"FOXLOVER Large Capacity Tote Handbags for Women, Genuine Leather Ladies Top-handle Bags Fashion Shoulder Bags Purses",Rated 4.3/5 from 42 Amazon shopper reviews.,https://m.media-amazon.com/images/I/61gs7OQHuZL._AC_UL1500_.jpg,118.99
The Sak Hasley East West Tote,Rated 4.6/5 from 12 Amazon shopper reviews.,https://m.media-amazon.com/images/I/91o5rpUBfsL._AC_UL1500_.jpg,118.99
BOSTANTEN Women Leather Handbag Designer Large Hobo Purses Shoulder Bags Bundled with Zip Around Credit Card Holder Phone Clutch Wristlet,Rated 5/5 from 1 Amazon shopper reviews.,https://m.media-amazon.com/images/I/61ok1zBRAxL._AC_UL1001_.jpg,118.99
"TOUS Black Colored Nylon Backpack for Women, Kaos New Colores collection One Size",Rated 4.6/5 from 976 Amazon shopper reviews.,https://m.media-amazon.com/images/I/71IOzSD39PL._AC_SL1500_.jpg,118.75
Disney Parks Attractions Minis Mini Backpack Purse by Loungefly,Rated 4.8/5 from 139 Amazon shopper reviews.,https://m.media-amazon.com/images/I/71Irm2KlFpL._AC_SL1198_.jpg,118.49
BOGG BAG Original X Large Waterproof Washable Tip Proof Durable Open Tote Bag for the Beach Boat Pool Sports 19x15x9.5,Rated 4.8/5 from 18 Amazon shopper reviews.,https://m.media-amazon.com/images/I/51As92lr89L._AC_.jpg,118.00
The Sak Women's Lucia Crochet Crossbody,Rated 4.5/5 from 176 Amazon shopper reviews.,https://m.media-amazon.com/images/I/71GLgr+DFGL._AC_UL1200_.jpg,118.00
BOSTANTEN Women Handbags Designer Shoulder Tote Bag Soft Genuine Leather Purse Bundle with Leather Wallets for Women RFID Blocking Zip Around Credit Card Holder,Rated 4/5 from 1 Amazon shopper reviews.,https://m.media-amazon.com/images/I/71+k8OYyzRL._AC_UL1500_.jpg,116.99
Over Earth Leather Hobo Purses and Handbags for Women Ladies Shoulder Crossbody Purse,Rated 4.4/5 from 473 Amazon shopper reviews.,https://m.media-amazon.com/images/I/71jjLUDRjNL._AC_UL1500_.jpg,116.78
Anna by Anuschka Medium Saddle Handbag,Rated 4.5/5 from 22 Amazon shopper reviews.,https://m.media-amazon.com/images/I/91KlswV1VZL._AC_UL1500_.jpg,116.00
"STS Ranchwear Women's Aztec Pattern Western Style Palomino Separe Mae Bag with Adjustable Crossbody Strap, Pink",Rated 4.9/5 from 11 Amazon shopper reviews.,https://m.media-amazon.com/images/I/61yvelJYtDL._AC_UL1080_.jpg,116.00
EvaLuLu Genuine Leather Womens Handbags Designer Crossbody Bags,Rated 5/5 from 2 Amazon shopper reviews.,https://m.media-amazon.com/images/I/61YBwYKQqwL._AC_UL1500_.jpg,116.00
Banuce Fashion Leather Convertible Backpack Purse for Women Small Shoulder Bag Daypack Brown,Rated 4.5/5 from 6 Amazon shopper reviews.,https://m.media-amazon.com/images/I/712cBwadeQL._AC_SL1500_.jpg,115.99
Loungefly Disney Pixar Finding Nemo Squirt and Crush Womens Double Strap Shoulder Bag Mini Backpack Purse,Rated 5/5 from 12 Amazon shopper reviews.,https://m.media-amazon.com/images/I/61EuWY1rWHL._AC_.jpg,115.99
"Genuine Leather Handbags for Women, Organizer Crossbody Bag Large Satchel Vintage Embossing Totem Shoulder Bag",Rated 4.4/5 from 240 Amazon shopper reviews.,https://m.media-amazon.com/images/I/9132LSBZv4L._AC_UL1500_.jpg,115.99
Soft Leather Tote Purse Zipper Closure Designer Handbag Women RFID Top-handle Bag Lightweight,Rated 4/5 from 53 Amazon shopper reviews.,https://m.media-amazon.com/images/I/714iiwU375L._AC_UL1500_.jpg,115.98
Concealed Carry Purse - Leather Tooled American Cowhide Crossbody Organizer Bag by GTM,Rated 4.5/5 from 167 Amazon shopper reviews.,https://m.media-amazon.com/images/I/61+W2Ak15aL._AC_UL1000_.jpg,115.95
BOSTANTEN Women's Leather Designer Handbags Tote Purses Shoulder Bucket Bags and Leather Wallets for Women RFID Blocking Zip Around Credit Card Holder Phone Clutch Wristlet Brown Bundle,Rated 4.6/5 from 6 Amazon shopper reviews.,https://m.media-amazon.com/images/I/71Jj+c2XoAL._AC_UL1500_.jpg,115.87
Over Earth Genuine Leather Handbags for Women Hobo Shoulder Bag Ladies Leather Tote Bag,Rated 4.4/5 from 128 Amazon shopper reviews.,https://m.media-amazon.com/images/I/8178oeg+uBL._AC_UL1500_.jpg,115.68
C.Paravano Tote Bag for Women | Shoulder Bag | Handbags for Women |Crossbody Handbags | Bags for Women,Rated 4/5 from 33 Amazon shopper reviews.,https://m.media-amazon.com/images/I/71QqznlCdHL._AC_UL1500_.jpg,115.00
"Mary Frances womens Shake It Up Crossbody, Pink, One Size US",Rated 4.5/5 from 70 Amazon shopper reviews.,https://m.media-amazon.com/images/I/71O8rQHuluL._AC_UL1000_.jpg,115.00
"Melie Bianco Jennie Bag - Luxury Vegan Leather Handbag - Compact Design, Crossbody Capabilities, Zip Closure",Rated 4.2/5 from 4 Amazon shopper reviews.,https://m.media-amazon.com/images/I/31JBaIlv74L._AC_.jpg,115.00
Python leather small cross body bag | snakeskin purse | small leather bag | small sling bag | small shoulder bag,Rated 3.5/5 from 4 Amazon shopper reviews.,https://m.media-amazon.com/images/I/71CxmWvk2yL._AC_UL1500_.jpg,115.00
CINQ Boutique - Women Leather Crossbody Fashion Shoulder Bag Designer Purse With Adjustable Strap - Beige Cream Color,Rated 4.2/5 from 12 Amazon shopper reviews.,https://m.media-amazon.com/images/I/51wl99uIHwL._AC_UL1080_.jpg,115.00
Banuce Leather Convertible Backpack Purse for Women Fashion Small Shoulder Bags School Daypack Brown,Rated 4.5/5 from 92 Amazon shopper reviews.,https://m.media-amazon.com/images/I/715y1segB-L._AC_UL1500_.jpg,114.99
Antonio Valeria Sage Leather Tote/Top Handle Shoulder Bag for Women,Rated 4.2/5 from 22 Amazon shopper reviews.,https://m.media-amazon.com/images/I/81wRUIKOYKL._AC_UL1500_.jpg,114.99
Komal's Passion Leather Genuine Messenger Shoulder Satchel Cross Body Bag College Office Laptop,Rated 4.6/5 from 5 Amazon shopper reviews.,https://m.media-amazon.com/images/I/61NgxHP9MmL._AC_UL1024_.jpg,114.99
Banuce Black Slim Leather Briefcase for Women 14 Inch Laptop Business Bag Shoulder Satchel Purse,Rated 4.4/5 from 14 Amazon shopper reviews.,https://m.media-amazon.com/images/I/714Akb4FxCL._AC_UL1500_.jpg,114.99
"ORNA'S LEATHER ART | SWAN Everyday leather backpack for Women, Black",Rated 4.5/5 from 132 Amazon shopper reviews.,https://m.media-amazon.com/images/I/81EsnypSTXL._AC_SL1500_.jpg,114.97
PRIMO SACCHI Ladies Italian Soft Leather Large Long Handled Shoulder Bag Handbag Purse,Rated 4.4/5 from 229 Amazon shopper reviews.,https://m.media-amazon.com/images/I/91OXS7ZdChL._AC_UL1500_.jpg,114.95
Mucros Weavers Women's Handbag - Emily Style - Wool Tweed and PU Leather Made in Ireland,Rated 4.6/5 from 21 Amazon shopper reviews.,https://m.media-amazon.com/images/I/61+pOCSpYZL._AC_UL1280_.jpg,114.95
Mucros Weavers Tweed & PU Leather Handbag - Made In Ireland - Kelly Style,Rated 4.8/5 from 25 Amazon shopper reviews.,https://m.media-amazon.com/images/I/51oXWyE2Z9L._AC_UL1014_.jpg,114.95
URSFUR Women's Rex Rabbit Fur Envelope Clutch Handbag Evening Party Bag Purse,Rated 5/5 from 1 Amazon shopper reviews.,https://m.media-amazon.com/images/I/61LuMdT8nvL._AC_UL1100_.jpg,114.52
KEYPER 4-Piece Wristlet Set - Key Ring Bracelet & 3 Women’s Bags,Rated 4.3/5 from 16 Amazon shopper reviews.,https://m.media-amazon.com/images/I/71Q2YxJjz3L._AC_UL1500_.jpg,114.30
"Kipling Women's Elysia Crossbody, Lightweight, Multi-Compartment Magnetic Snap Pockets, Shoulder Bag",Rated 4.6/5 from 109 Amazon shopper reviews.,https://m.media-amazon.com/images/I/81PRJf-GXsL._AC_UL1500_.jpg,114.00
"Kipling Women's Fiona Medium, Adjustable Straps, Flap Closure, Top Carry Handle, Backpack, Blacktonal, 13.25''L x 13.25''H x 6''D",Rated 4.6/5 from 13 Amazon shopper reviews.,https://m.media-amazon.com/images/I/71marXqpCpL._AC_SL1500_.jpg,114.00
The Sak Silverlake Patchwork Leather Hobo Shoulder Bag in Cabernet (Purple),Rated 4.5/5 from 17 Amazon shopper reviews.,https://m.media-amazon.com/images/I/61Xfs6JA9wL._AC_UL1355_.jpg,113.99
BOSTANTEN Women Handbag Genuine Leather Shoulder Bag Blue and Leather Wallets for Women RFID Blocking Clutch Blue Bundle,Rated 4.5/5 from 2 Amazon shopper reviews.,https://m.media-amazon.com/images/I/71iZRe5Q-9L._AC_UL1500_.jpg,113.98
"Mary Frances Divine Power Beaded Crossbody Handbag, Gold",Rated 4.5/5 from 2 Amazon shopper reviews.,https://m.media-amazon.com/images/I/81JSi3GW0UL._AC_UL1200_.jpg,113.68
"Piel Leather XL Laptop Tote Bag, Chocolate, One Size",Rated 4.5/5 from 45 Amazon shopper reviews.,https://m.media-amazon.com/images/I/61LB2CSm6NL._AC_SL1500_.jpg,113.16
Anna by Anuschka Hand Painted Women’s Genuine Leather Large Flap Crossbody,Rated 5/5 from 1 Amazon shopper reviews.,https://m.media-amazon.com/images/I/81iOHFRafKL._AC_UL1500_.jpg,113.04
BOSTANTEN Women Handbags Designer Shoulder Tote Bag Soft Genuine Leather Top-handle Purse,Rated 4.2/5 from 599 Amazon shopper reviews.,https://m.media-amazon.com/images/I/617E5OO65jL._AC_UL1001_.jpg,112.99
American Glory Favorit Oats Convertible-crossbody/handbag-Vintage burlap sack design Linen & Leather bag,Rated 4.6/5 from 2 Amazon shopper reviews.,https://m.media-amazon.com/images/I/610JHYvn0JL._AC_UL1152_.jpg,112.95
"Piel Leather Tote, Saddle, One Size",Rated 3.9/5 from 52 Amazon shopper reviews.,https://m.media-amazon.com/images/I/51vtwFmxUiL._AC_SL1000_.jpg,112.55
"RTIC Multipurpose Large Waterproof Tote Bag for Beach, Pool Towel, Boat, Grocery Shopping, Camping, Picnic, Travel, Puncture Proof, Navy",Rated 4.9/5 from 27 Amazon shopper reviews.,https://m.media-amazon.com/images/I/31WsxUhaBtL._AC_.jpg,111.95
Anna by Anuschka Handpainted Women's Genuine Leather Asymmetric Slim Crossbody Bag with Zippered Pockets and Adjustable Strap,Rated 4.4/5 from 21 Amazon shopper reviews.,https://m.media-amazon.com/images/I/91NDUrWv7gL._AC_UL1500_.jpg,111.40
Women Leather Handbag Purse with Crocodile Embossed Pattern Top Handle Crossbody Shoulder Bag Lady Cowhide Mini Tote Bags,Rated 2.7/5 from 4 Amazon shopper reviews.,https://m.media-amazon.com/images/I/61H5ZaSb46L._AC_UL1200_.jpg,110.99
Travelpro Crew Versapack Deluxe Tote,Rated 4.7/5 from 738 Amazon shopper reviews.,https://m.media-amazon.com/images/I/810160tFUlL._AC_UL1500_.jpg,110.49
STS Ranchwear Womens Baroness Dark Tornado Leather Backpack,Rated 4.4/5 from 173 Amazon shopper reviews.,https://m.media-amazon.com/images/I/61LMw1c5SwS._AC_UL1001_.jpg,110.00
Nike Women's Gym Club Duffel Bag Black/Dark Grey/White,Rated 4.5/5 from 123 Amazon shopper reviews.,https://m.media-amazon.com/images/I/51y3QdUISKL._AC_.jpg,110.00
AmeriBag Healthy Back Bag® tote Traveler Medium (Stormy Grey),Rated 4.6/5 from 42 Amazon shopper reviews.,https://m.media-amazon.com/images/I/71UxuAbI5aL._AC_UL1500_.jpg,110.00
VonZipper Clutch Polarized,Rated 4.7/5 from 102 Amazon shopper reviews.,https://m.media-amazon.com/images/I/51dP-xQsuoL._AC_UL1500_.jpg,110.00
"VonZipper Clutch Rectangular Sunglasses,Tortoise Satin,One Size",Rated 3.7/5 from 6 Amazon shopper reviews.,https://m.media-amazon.com/images/I/51iBYCTgOdL._AC_UL1480_.jpg,110.00
"Visconti Owen Distressed Leather Messenger Shoulder Bag Handbag, Brown, One Size",Rated 4.2/5 from 57 Amazon shopper reviews.,https://m.media-amazon.com/images/I/91xRSxPoC0L._AC_SL1500_.jpg,109.99
CLUCI Womens Briefcase Oil Wax Leather 15.6 Inch Laptop Business Vintage Ladies Large Capacity Shoulder Bag,Rated 4.4/5 from 316 Amazon shopper reviews.,https://m.media-amazon.com/images/I/61I7fVQ0w9L._AC_UL1001_.jpg,109.99
"Lily Bloom Pattern 22 Inch Duffel Bag with 2-Rolling Wheels, Weekender Overnight Travel Lightweight Carry-On Suitcase For Women","Rated 4.6/5 from 1,167 Amazon shopper reviews.",https://m.media-amazon.com/images/I/91kqcdLxfzL._AC_SL1500_.jpg,109.99
Women Leather Handbag Purse Lady Work Tote Shoulder Bag Top Handle Bag Satchel Carryall Ladies Pocketbooks,Rated 4.5/5 from 84 Amazon shopper reviews.,https://m.media-amazon.com/images/I/71NxR-tkDXL._AC_UL1500_.jpg,109.99
S-ZONE Genuine Leather Women Backpack Purse Vintage Fashion Shoulder Bag Travel Rucksack Daypack with Tassel Luggage Sleeve Cognac,Rated 4.1/5 from 46 Amazon shopper reviews.,https://m.media-amazon.com/images/I/81Npl0qWr0L._AC_SL1500_.jpg,109.99
Haute Shore - Greyson Show-Off Neoprene Tote Bag,Rated 4.2/5 from 26 Amazon shopper reviews.,https://m.media-amazon.com/images/I/71NWh1RFoOL._AC_UL1500_.jpg,109.99
S-ZONE Genuine Leather Tote Bag for Women with Purse Organizer Large Shoulder Handbags Work,Rated 4.4/5 from 49 Amazon shopper reviews.,https://m.media-amazon.com/images/I/81mlJE0bH+L._AC_UL1500_.jpg,109.99
STEPHIECATH Fashion Women’s Shoulder Handbags 100% Soft Genuine Cow Leather Large Tall Double Handles Totes Bag,Rated 4/5 from 37 Amazon shopper reviews.,https://m.media-amazon.com/images/I/81DKxRF+iUL._AC_UL1500_.jpg,109.99
"Evevictor Clutch Purse, Small Size Evening Handbag, Rhinestone Money Bag for Cocktail Prom Party Wedding Date",Rated 5/5 from 7 Amazon shopper reviews.,https://m.media-amazon.com/images/I/71ps8E0z5+L._AC_UL1500_.jpg,109.99
"COTRUNKAGE Large 16"" Carry On Suitcase Cute Pu Leather Floral Overnight Vintage Trunk Luggage Bag for Women (16"", Beige Floral)",Rated 4.5/5 from 35 Amazon shopper reviews.,https://m.media-amazon.com/images/I/818qVyd6FZL._AC_SL1500_.jpg,109.99
BOSTANTEN Genuine Leather Backpack Purse Casual College Travel Bags for Women,Rated 4.5/5 from 940 Amazon shopper reviews.,https://m.media-amazon.com/images/I/61DM-1mZfQL._AC_UL1500_.jpg,109.99
S-ZONE Genuine Leather Tote Bag Large Shoulder Purse Work Vintage Handbag for Women,Rated 4.2/5 from 46 Amazon shopper reviews.,https://m.media-amazon.com/images/I/71MKZ3fyyyL._AC_UL1500_.jpg,109.99
"BERLINER BAGS Vintage Leather Shoulder Bag Verona, Large Handbag for Women - Brown",Rated 4.4/5 from 551 Amazon shopper reviews.,https://m.media-amazon.com/images/I/81bmyKfxe5L._AC_UL1500_.jpg,109.99
Antonio Valeria Beck Hunter Leather Top Handle Bag for Women,Rated 4.1/5 from 50 Amazon shopper reviews.,https://m.media-amazon.com/images/I/816DaQvqIwL._AC_UL1500_.jpg,109.99
S-ZONE Large Genuine Leather Tote Bag for Women Top Handle Crossbody Shoulder Purse Vintage Work Satchel Handbag,Rated 4.4/5 from 16 Amazon shopper reviews.,https://m.media-amazon.com/images/I/61LXt9rwj4L._AC_UL1500_.jpg,109.99
S-ZONE Women Genuine Leather Tote Bag Large Shoulder Purse Vintage Crossbody Work Handbag,Rated 4.4/5 from 54 Amazon shopper reviews.,https://m.media-amazon.com/images/I/817Gd+FZT0L._AC_UL1500_.jpg,109.99
PRIMO SACCHI Italian Smooth Leather Hand Made Classic Long Handled Handbag Tote Grab Shoulder Bag,Rated 4.5/5 from 399 Amazon shopper reviews.,https://m.media-amazon.com/images/I/81W2-t+Tb8L._AC_UL1500_.jpg,109.95
Bag-a-Vie Purse Pillow Shaper Insert - Luxury Purse and Handbag Shapers [4-Pack],Rated 4.1/5 from 25 Amazon shopper reviews.,https://m.media-amazon.com/images/I/71qYYGd0qEL._AC_UL1500_.jpg,109.95
"FOXLOVER Leather Handbags for Women, Genuine Leather Lady Top-handle Totes Women's Fashion Crossbody Bags Carryall Purses",Rated 4.5/5 from 4 Amazon shopper reviews.,https://m.media-amazon.com/images/I/51sRWkOsFRL._AC_.jpg,109.86
Over Earth Women Leather Handbags Genuine Leather Tote Shoulder Bag with Multi Pockets,Rated 4.3/5 from 87 Amazon shopper reviews.,https://m.media-amazon.com/images/I/71usyY-g1bL._AC_UL1500_.jpg,109.78
Over Earth Hobo Purses and Handbags for Women Genuine Leather Shoulder Bag Crossbody Purse,Rated 4.5/5 from 168 Amazon shopper reviews.,https://m.media-amazon.com/images/I/71CfqLRP0bL._AC_UL1500_.jpg,109.68
"The Sak womens Ventura Leather Convertible Backpack, Black Crochet, One Size US",Rated 4.2/5 from 40 Amazon shopper reviews.,https://m.media-amazon.com/images/I/51u8LYIjs1L._AC_SL1200_.jpg,109.50
"Kipling Women's Gabbie Small Crossbody, Lightweight Everyday Purse, Casual Shoulder Bag",Rated 4.7/5 from 75 Amazon shopper reviews.,https://m.media-amazon.com/images/I/71v0RqrKrcL._AC_UL1500_.jpg,109.00
ColdFire Accordion Zip Around RFID Wallets for Women Clutch for Day or Night,Rated 5/5 from 2 Amazon shopper reviews.,https://m.media-amazon.com/images/I/91KuWzHBWiL._AC_UL1500_.jpg,109.00
Le Donne Leather Medium Pocket Tote Bag - Colombian Vaquetta Leather Women’s Bag,Rated 4.6/5 from 25 Amazon shopper reviews.,https://m.media-amazon.com/images/I/51cJlLyNeZL._AC_UL1000_.jpg,109.00
"Kipling Women's Chuwy Backpack, Lightweight, Compact, Stylish, Bag, Black Tonal, Medium",Rated 4.8/5 from 13 Amazon shopper reviews.,https://m.media-amazon.com/images/I/71EOC-a1sVL._AC_SL1500_.jpg,109.00
Kipling Klara Satchel Cross Body,Rated 4.6/5 from 75 Amazon shopper reviews.,https://m.media-amazon.com/images/I/81h8WZIYaoL._AC_UL1500_.jpg,108.00
"Amazing Song Crossbody Shoulder Bags for Womens, Premium Leather Top Handle Purse Designer Handbags Dual-Use Toffee Bag",Rated 5/5 from 2 Amazon shopper reviews.,https://m.media-amazon.com/images/I/31OEGgrKjBL._AC_.jpg,108.00
Haute Shore Greyson Tote Epic,Rated 4.7/5 from 12 Amazon shopper reviews.,https://m.media-amazon.com/images/I/7143ZC1RwVL._AC_UL1500_.jpg,107.99
Flada Women's Evening Handbags Luxury Rhinestone Owl Evening Clutches Bags Party Purse,Rated 5/5 from 2 Amazon shopper reviews.,https://m.media-amazon.com/images/I/81-OeD+4AGL._AC_UL1212_.jpg,107.99
Tuscany Leather Isabella Lady leather bag Dark Brown,Rated 4.5/5 from 38 Amazon shopper reviews.,https://m.media-amazon.com/images/I/61vMdZ6QIbL._AC_SL1500_.jpg,107.90
STS Ranchwear Women's Casual Everyday Multifunctional Shopper Sioux Falls Collection Tote Shoulder Bag,Rated 5/5 from 6 Amazon shopper reviews.,https://m.media-amazon.com/images/I/61cWEYNzFnL._AC_UL1200_.jpg,107.90
ALTOSY Leather Backpack Purse for Women Fashion Casual Handbag with Multi Pockets and Flap,Rated 4.7/5 from 43 Amazon shopper reviews.,https://m.media-amazon.com/images/I/81YiO4IL6oL._AC_UL1500_.jpg,107.86
Kipling Women's Seoul GO Small Backpack (Quartz Metallic),Rated 4.7/5 from 9 Amazon shopper reviews.,https://m.media-amazon.com/images/I/41NkyswouNL._AC_.jpg,106.99
CTM® Women's Leather Shoulder Bag Purse with Side Organizer,Rated 4.5/5 from 321 Amazon shopper reviews.,https://m.media-amazon.com/images/I/7169M+BL3yL._AC_UL1500_.jpg,106.95
Anna by Anuschka Women's Genuine Leather Medium Crossbody | Hand Painted Original Artwork,Rated 4.3/5 from 62 Amazon shopper reviews.,https://m.media-amazon.com/images/I/91LymegYdTL._AC_UL1500_.jpg,106.87
ALTOSY Genuine Leather Backpack Purse for Women Large Convertible Shoulder bag Ladies Crossdody Bag with Tassel(S115 Black/Brown/Brown Python),Rated 5/5 from 6 Amazon shopper reviews.,https://m.media-amazon.com/images/I/81ZO1hwqPBL._AC_SL1500_.jpg,106.78
"Kipling Women's Art Medium Tote Bag, Lightweight Large Weekender, Nylon Travel Handbag, Rainbow Palm",Rated 4.8/5 from 163 Amazon shopper reviews.,https://m.media-amazon.com/images/I/81mPjsLDchL._AC_SL1500_.jpg,106.07
Genuine Python Leather Classic Foldover Clutch Bag,Rated 4.4/5 from 66 Amazon shopper reviews.,https://m.media-amazon.com/images/I/71-GYUL8CEL._AC_UL1235_.jpg,106.00
"Synthetic Shell Evening Bags and Clutches for Women Formal, Wedding Bridal Rhinestone Handbags and Purses",Rated 5/5 from 5 Amazon shopper reviews.,https://m.media-amazon.com/images/I/61Ej0uE7k5L._AC_UL1000_.jpg,105.99
TIDING Vintage Genuine Leather Work Tote Bag for Women Satchel Handbag Shoulder Crossbody Bags,Rated 4.3/5 from 41 Amazon shopper reviews.,https://m.media-amazon.com/images/I/61r2SPNcksS._AC_UL1000_.jpg,105.99
ALTOSY Women Leather Backpack Purse Fashion Convertible Ladies Shoulder Bag with Flap (S96 Beige/Brown),Rated 4.4/5 from 78 Amazon shopper reviews.,https://m.media-amazon.com/images/I/81XT3vMJ6aL._AC_SL1500_.jpg,105.98
LAORENTOU Cow Leather Tote Handbags for Women Top-handle Purse Lady Pocketbooks Shoulder Bags Work Tote Bags,Rated 3.9/5 from 208 Amazon shopper reviews.,https://m.media-amazon.com/images/I/51DuxtuDGiL._AC_UL1001_.jpg,105.98
Over Earth Soft Leather Handbags for Women Shoulder Hobo Bag Large Tote Crossbody Bag,Rated 4.5/5 from 630 Amazon shopper reviews.,https://m.media-amazon.com/images/I/713hgjjEoQL._AC_UL1500_.jpg,105.78
ALTOSY Fashion Genuine Leather Backpack Purse for Women Shoulder Bag Casual Daypack Medium,Rated 4.5/5 from 487 Amazon shopper reviews.,https://m.media-amazon.com/images/I/81WqP4BBO7L._AC_UL1500_.jpg,105.78
"David King & Co. Women's Multi Pocket Briefcase Plus, Chocolate, One Size",Rated 3.1/5 from 24 Amazon shopper reviews.,https://m.media-amazon.com/images/I/419H1qu85rL._AC_.jpg,105.34
Baggallini Women's Soho Duffel,Rated 3.8/5 from 12 Amazon shopper reviews.,https://m.media-amazon.com/images/I/71bw383l14L._AC_UL1500_.jpg,105.00
POPUPS Neoprene Large Tote Bags - Lightweight and Water-Resistant Neoprene Bag,Rated 4.1/5 from 52 Amazon shopper reviews.,https://m.media-amazon.com/images/I/71c27u1aP8L._AC_UL1500_.jpg,105.00
"Kipling Luggage Adara Tote, Black, One Size",Rated 4.4/5 from 59 Amazon shopper reviews.,https://m.media-amazon.com/images/I/61cBH+8S-2L._AC_SL1500_.jpg,105.00
BOSTANTEN Genuine Leather Backpack Purse for Women Fashion Backpack Casual College Shoulder Bag Travel Backpack,Rated 4.4/5 from 544 Amazon shopper reviews.,https://m.media-amazon.com/images/I/712hd4uU9jL._AC_SL1500_.jpg,104.99
LaGaksta Stella Convertible Leather Backpack Purse – Casual Travel Tote Bag White Medium,Rated 4.4/5 from 190 Amazon shopper reviews.,https://m.media-amazon.com/images/I/51g04ulBhdL._AC_SL1172_.jpg,104.99
Purse Display Stand Chrome 4 1/2 x 7 1/4 x 8 (W x D x H),Rated 4.7/5 from 5 Amazon shopper reviews.,https://m.media-amazon.com/images/I/511n6m3fHsL._SL1000_.jpg,104.98
Mucros Weavers Celtic Weave Wool & PU Leather Tote Handbag,Rated 4.8/5 from 41 Amazon shopper reviews.,https://m.media-amazon.com/images/I/61R3ojYjJ7L._AC_UL1001_.jpg,104.90
"The Sak Women's Lucia Leather Crossbody Bag, Elevated Everyday Purse, Adjustable Webbing Crossbody Strap, Handcrafted & Sustainably-Made, Slate",Rated 4.2/5 from 43 Amazon shopper reviews.,https://m.media-amazon.com/images/I/71HrAsLTu1L._AC_UL1001_.jpg,104.30
Jessie & Jane Genuine Leather Women Crossbody Shoulder Bag Adjustable Strap Medium White Color,Rated 4/5 from 1 Amazon shopper reviews.,https://m.media-amazon.com/images/I/61Jie9q2oCL._AC_UL1500_.jpg,104.22
GTM Gun Tote'n Mamas Cross Body Organizer,Rated 3.8/5 from 25 Amazon shopper reviews.,https://m.media-amazon.com/images/I/81E577isaEL._AC_SL1500_.jpg,104.09
"The Sak Lucia Crossbody Bag in Leather, Convertible Purse with Adjustable Strap",Rated 4.3/5 from 95 Amazon shopper reviews.,https://m.media-amazon.com/images/I/51eTLzV1NXL._AC_UL1200_.jpg,104.00
"Kipling Women’s Arto Crossbody, Lightweight Everyday Purse, Casual Nylon Shoulder Bag",Rated 4.2/5 from 11 Amazon shopper reviews.,https://m.media-amazon.com/images/I/81UZkLq50KL._AC_UL1500_.jpg,104.00
Harley-Davidson Women's Rider Bar & Shield Hip Bag W/Strap RD5541L-Black,Rated 4.7/5 from 52 Amazon shopper reviews.,https://m.media-amazon.com/images/I/61HOJ8eH56L._AC_UL1005_.jpg,103.99
S-ZONE Large Genuine Leather Backpack Purse for Women Vintage Rucksack Travel Daypack with Luggage Sleeve,Rated 4.6/5 from 19 Amazon shopper reviews.,https://m.media-amazon.com/images/I/81ET1zmouHL._AC_SL1500_.jpg,103.99
S-ZONE Vintage Genuine Leather Shoulder Bag Work Totes for Women Purse Handbag with Back Zipper Pocket Large,"Rated 4.6/5 from 2,509 Amazon shopper reviews.",https://m.media-amazon.com/images/I/81gac3RnA2L._AC_UL1500_.jpg,103.99
The Sak Kendra Satchel Black Sparkle One Size,Rated 3/5 from 3 Amazon shopper reviews.,https://m.media-amazon.com/images/I/610BVLn6pQL._AC_UL1000_.jpg,103.96
Anna by Anuschka Hand Painted Leather Women's Mini Wide Crossbody,Rated 4.2/5 from 28 Amazon shopper reviews.,https://m.media-amazon.com/images/I/914R8-mc0hL._AC_UL1500_.jpg,103.83
Tuscany Leather Tulipan Leather handbag Black,Rated 5/5 from 10 Amazon shopper reviews.,https://m.media-amazon.com/images/I/61KoYNON6ML._AC_SL1500_.jpg,103.75
Jessica Simpson Women's Malena Tote,Rated 4.4/5 from 12 Amazon shopper reviews.,https://m.media-amazon.com/images/I/61HRw8TTRbS._AC_UL1500_.jpg,103.68
ALTOSY Genuine Leather Backpack Purse for Women Convertible Shoulder Bag Crossbody Bag with Laptop Compartment,Rated 4.5/5 from 43 Amazon shopper reviews.,https://m.media-amazon.com/images/I/71ggFUK9bTL._AC_UL1500_.jpg,103.68
"Anuschka Women's Hand Painted Slim Crossbody With Front Zip - Top Zip Closure, Multipurpose Pockets & Optical Case",Rated 4.3/5 from 90 Amazon shopper reviews.,https://m.media-amazon.com/images/I/91BALGipFPL._AC_UL1500_.jpg,103.00
DIOPHY Genuine Leather Fringe Style Back Pack Womens Purse Handbag Accented with Zippered Pockets on Both Side 150300,Rated 5/5 from 2 Amazon shopper reviews.,https://m.media-amazon.com/images/I/81cHzE8mEqL._AC_UL1500_.jpg,102.99
"S-ZONE Women Genuine Leather Tote Bag Vintage Shoulder Purse Handbag with Back Zipper Pocket, Large Work Bag for Ladies",Rated 4.6/5 from 27 Amazon shopper reviews.,https://m.media-amazon.com/images/I/715pZAaPTBL._AC_UL1500_.jpg,102.99
"Leather Handbags for Women, Ladies Large Capacity Zipper Closure Top-handle Bags Womens Tote Handbag Purses",Rated 4/5 from 8 Amazon shopper reviews.,https://m.media-amazon.com/images/I/71wXZXgm5FL._AC_UL1500_.jpg,102.99
S-ZONE Women Vintage Genuine Leather Tote Bag Large Shoulder Purse Work Handbag,Rated 4.4/5 from 775 Amazon shopper reviews.,https://m.media-amazon.com/images/I/814cf6Xw2+L._AC_UL1500_.jpg,102.99
LAORENTOU Tote Handbags for Women Cow Leather Top-handle Purse Lady Pocketbooks Shoulder Bags Work Tote Bags Clearance,Rated 4.1/5 from 157 Amazon shopper reviews.,https://m.media-amazon.com/images/I/61s2+tPVQFL._AC_UL1001_.jpg,102.99
"Hide & Drink, Leather Minimalist Shoulder Bag/Purse/Handbag/Stylish/Vintage/Accessories, Handmade Includes 101 Year Warranty :: Single Malt Mahogany",Rated 3.7/5 from 18 Amazon shopper reviews.,https://m.media-amazon.com/images/I/610DCOlrM6L._AC_UL1100_.jpg,102.99
Baggallini Any Day Tote with RFID Phone Wristlet,Rated 4.5/5 from 337 Amazon shopper reviews.,https://m.media-amazon.com/images/I/81vDzxj6zQL._AC_UL1500_.jpg,102.80
Oversize Tote Bag for Women Genuine Leather Handbags and Purses Cowhide Brown Large Shopper Bag Female Travel Handbag,Rated 4.8/5 from 7 Amazon shopper reviews.,https://m.media-amazon.com/images/I/41W+B19Y2EL._AC_.jpg,102.52
"Piel Leather Slim Line Flap-Over Ladies Bag, Black, One Size",Rated 4.3/5 from 6 Amazon shopper reviews.,https://m.media-amazon.com/images/I/6193NMrWQwL._AC_SL1000_.jpg,102.02
"Kipling Women's Eleva Shoulder, Fashionable, Stylish, Removable and Adjustable Strap, Nylon Travel Bag, Light Aloe Tonal",Rated 5/5 from 4 Amazon shopper reviews.,https://m.media-amazon.com/images/I/910wO7FQtzL._AC_UL1500_.jpg,102.00
JW PEI Maze Bags Women Crossbody,Rated 4.3/5 from 291 Amazon shopper reviews.,https://m.media-amazon.com/images/I/61sVF4iEGnL._AC_UL1500_.jpg,101.99
"Samsonite Tote-A-Ton 32.5"" 3-Piece Duffel Set",Rated 4.6/5 from 60 Amazon shopper reviews.,https://m.media-amazon.com/images/I/71bGutNGOLL._AC_UL1500_.jpg,101.88
"Mary Frances Women's Dream Chaser,Crossbody Bags for Women,Coin Purse,Women's Fashion, Small Purse Black",Rated 4.6/5 from 109 Amazon shopper reviews.,https://m.media-amazon.com/images/I/71bnkwoYKLL._AC_UL1000_.jpg,101.80
"The Sak womens Women's Sayulita Crochet Backpack, Natural Medallion, One Size US",Rated 4.2/5 from 157 Amazon shopper reviews.,https://m.media-amazon.com/images/I/91M2OblhZuL._AC_SL1500_.jpg,101.40
Skip Hop Highline Diaper Tote,Rated 4.2/5 from 14 Amazon shopper reviews.,https://m.media-amazon.com/images/I/61bwdXaIIqL._AC_UL1024_.jpg,101.25
CHALA Work Tote with Zip Around Wallet (Unicorn),Rated 5/5 from 4 Amazon shopper reviews.,https://m.media-amazon.com/images/I/618flffDYBL._AC_UL1001_.jpg,101.00
Gionar Soft Black Leather Purse Womens All Leather Tote Handbag RFID Designer Bucket Crossbody Bag,Rated 4.4/5 from 178 Amazon shopper reviews.,https://m.media-amazon.com/images/I/31AYJhcBbAL._AC_.jpg,100.98
"TOUS Waterproof Vinyl Combined with Patent Leather Effect Shopping Bag for Women, 34x34x28 cm, Lindsay Collection",Rated 4.6/5 from 151 Amazon shopper reviews.,https://m.media-amazon.com/images/I/71EBSZtArcL._AC_UL1500_.jpg,100.87
Japanese Itabag Star Shape Window Large Carrier Tote Hand bag,Rated 4/5 from 3 Amazon shopper reviews.,https://m.media-amazon.com/images/I/61oM9yUXIdL._AC_UL1000_.jpg,100.69
"TOUS Women's Bag, Grey (Piedra 295810276)",Rated 4.5/5 from 365 Amazon shopper reviews.,https://m.media-amazon.com/images/I/710xp3djUxL._AC_SL1500_.jpg,100.12
AmeriBag Healthy Back Bag® tote Traveler Small (Stormy Grey),Rated 4.4/5 from 24 Amazon shopper reviews.,https://m.media-amazon.com/images/I/71UxuAbI5aL._AC_UL1500_.jpg,100.00
Bric's 2.0 X-Bag Urban Envelope Crossbody Bag - One Size Shoulder Bag for Women - Travel Purse - Olive,Rated 4.6/5 from 24 Amazon shopper reviews.,https://m.media-amazon.com/images/I/A15Lz3zaAcL._AC_SL1500_.jpg,100.00
"JuJuBe | Day to Night Crossbody Bag, Designer Small Crossbody Purse for Moms",Rated 4.2/5 from 23 Amazon shopper reviews.,https://m.media-amazon.com/images/I/81U0YLggF+S._AC_UL1500_.jpg,100.00
Baggallini Carryall Daily Tote,Rated 4.6/5 from 45 Amazon shopper reviews.,https://m.media-amazon.com/images/I/817TZMXQ5UL._AC_UL1500_.jpg,100.00
"EASTANA Qiqi Genshin Impact Cosplay Costume, Paimon Emergency Food Insulated Lunch Bag, Halloween outfits and Tote Lunch Bag",Rated 4.4/5 from 5 Amazon shopper reviews.,https://m.media-amazon.com/images/I/61vppxW0lOL._AC_UL1500_.jpg,99.99
Iswee Genuine Leather Satchel Purse for Women Purses and Handbags Shoulder Bag Designer Top Handle Tote Bag,Rated 4.3/5 from 185 Amazon shopper reviews.,https://m.media-amazon.com/images/I/91nukPXd1EL._AC_UL1500_.jpg,99.99
EXSOOTTI New Brown Genuine Crocodile Leather Black Tail Skin Women Tri-Fold Clutch Wallet Purse.,Rated 5/5 from 1 Amazon shopper reviews.,https://m.media-amazon.com/images/I/81v3FnOnjLL._AC_SL1500_.jpg,99.99
CLUCI Women Soft Genuine Leather Hobo Handbags Top Handle Tote Bag Large Fashion Crossbody Shoulder Bag,Rated 4.2/5 from 395 Amazon shopper reviews.,https://m.media-amazon.com/images/I/510eJR6jPSL._AC_UL1001_.jpg,99.99
BOSTANTEN Women Leather Handbag Designer Satchel Purses Top Handle Shoulder Totes Crossbody Bag,Rated 4.4/5 from 355 Amazon shopper reviews.,https://m.media-amazon.com/images/I/81SzdkIJaML._AC_UL1500_.jpg,99.99
Pendleton Zip Tote,Rated 5/5 from 2 Amazon shopper reviews.,https://m.media-amazon.com/images/I/91PjLsnI0vL._AC_UL1500_.jpg,99.99
S-ZONE Women's Leather Tote Bag Vintage Large Work Handbag Shoulder Crossbody Purse with Zipper Pocket,Rated 4.7/5 from 46 Amazon shopper reviews.,https://m.media-amazon.com/images/I/71vgYQil5xL._AC_UL1500_.jpg,99.99
S-ZONE Vintage Genuine Leather Tote Bag for Women Work Shoulder Purse Large,Rated 4.4/5 from 29 Amazon shopper reviews.,https://m.media-amazon.com/images/I/81Oul0c8FeL._AC_UL1500_.jpg,99.99
Brother Scan N Cut Tote Bag Blue,Rated 4.2/5 from 70 Amazon shopper reviews.,https://m.media-amazon.com/images/I/41IBJ+NmjZL._AC_.jpg,99.99
LeSportsac Classic HOBO Handbag,Rated 4.2/5 from 30 Amazon shopper reviews.,https://m.media-amazon.com/images/I/91MaJgC54mL._AC_UL1500_.jpg,99.99
S-ZONE Women Genuine Leather Bucket Bag Hobo Shoulder Handbag Crossbody Purses Vintage Tote Pocketbooks,Rated 4.2/5 from 27 Amazon shopper reviews.,https://m.media-amazon.com/images/I/81jUveKnEjL._AC_UL1500_.jpg,99.99
Restyle Succubus Wing Bag Gothic Hobo Wide Strap Faux Leather Purse,Rated 5/5 from 2 Amazon shopper reviews.,https://m.media-amazon.com/images/I/61EYO1NF6LL._AC_UL1500_.jpg,99.99
BOSTANTEN Leather Handbags for Women Shoulder Bag Top Handle Satchel Purse Tote Work Bag,Rated 4.6/5 from 265 Amazon shopper reviews.,https://m.media-amazon.com/images/I/71lM5mfapCL._AC_UL1500_.jpg,99.99
S-ZONE Women Genuine Leather Backpack Purses Fashion Rucksack Travel Daypack with Luggage Sleeve,Rated 4.3/5 from 353 Amazon shopper reviews.,https://m.media-amazon.com/images/I/71mfGhm5BYS._AC_UL1500_.jpg,99.99
S-ZONE Women Genuine Leather Backpack Purse Travel Satchel Bag with Luggage Sleeve,Rated 4.7/5 from 35 Amazon shopper reviews.,https://m.media-amazon.com/images/I/71SWQOmwpZL._AC_UL1500_.jpg,99.99
LiaTalia Womens Leather Handbag - Medium Size Hobo Shoulder Bag - Italian Leather - JANE,Rated 4.2/5 from 75 Amazon shopper reviews.,https://m.media-amazon.com/images/I/81wfQ2RiFAL._AC_UL1500_.jpg,99.99
HESHE Genuine Leather Handbags for Women Shoulder Purse Bag with Metal Top-Handle Handbag Designer Crossbody Purse Bag,Rated 4.3/5 from 68 Amazon shopper reviews.,https://m.media-amazon.com/images/I/816kUgBA0gL._AC_UL1500_.jpg,99.99
TIDING Vintage Full Grain Leather Tote Shoulder Bag for Women Business Work Satchel Handbag with Top Handles,Rated 4.6/5 from 29 Amazon shopper reviews.,https://m.media-amazon.com/images/I/51r6ZvyqXsS._AC_UL1000_.jpg,99.99
The Sak Filmore 3-in-1 Clutch,Rated 4.3/5 from 25 Amazon shopper reviews.,https://m.media-amazon.com/images/I/91R-nZMOe8L._AC_UL1500_.jpg,99.99
"Women's Genuine Leather Tote Handbag, Top-handle Purse and Handbags for Women Satchel Large Shoulder Bag",Rated 4.1/5 from 86 Amazon shopper reviews.,https://m.media-amazon.com/images/I/71x03FblzJL._AC_UL1300_.jpg,99.99
Iblue Leather Travel Duffle Bag Business Overnight Weekend Tote D05,Rated 3.1/5 from 3 Amazon shopper reviews.,https://m.media-amazon.com/images/I/81fp5EnDMZL._AC_SL1500_.jpg,99.99
Nicole Miller New York Designer 17 Inch Carry On - Weekender Overnight Business Travel Luggage - Lightweight 4- Spinner Wheels Suitcase - Briefcase Rolling Bag for Women (Taylor Silver),Rated 4.1/5 from 137 Amazon shopper reviews.,https://m.media-amazon.com/images/I/81GS6IyL6FL._AC_SL1500_.jpg,99.99
"BEBE Women's Leena-Wheeled Under The Seat Carry On Bag, Black, One Size",Rated 4.4/5 from 250 Amazon shopper reviews.,https://m.media-amazon.com/images/I/71Pyi38mpdL._AC_SL1500_.jpg,99.99
TAJEZZO Messenger Bag Adjustable Straps Unisex Crossbody Shoulder Bag Medium Satchel for School EDC Pouch Business Casual Traveling Durable Magnetic Buckle Office Bag,Rated 4.5/5 from 15 Amazon shopper reviews.,https://m.media-amazon.com/images/I/81dv2MX0ZbL._AC_UL1500_.jpg,99.99
"Women Genuine Leather Handbags, Organizer Retro Vegetable Tanning leather Satchel Vintage Embossing Totem Shoulder Bag","Rated 4.5/5 from 1,025 Amazon shopper reviews.",https://m.media-amazon.com/images/I/91B5chygdvL._AC_UL1500_.jpg,99.99
YOLANDO Women Genuine Leather Zipper Tote Bag Top-handle Handbags Large Capacity Ladies' Purse YTG02 (Brown),Rated 4.5/5 from 16 Amazon shopper reviews.,https://m.media-amazon.com/images/I/A15+yjhza+L._AC_UL1500_.jpg,99.99
Ricardo Beverly Hills Indio Convertible Travel Tote,Rated 4.3/5 from 13 Amazon shopper reviews.,https://m.media-amazon.com/images/I/41-Vlt068lL._AC_.jpg,99.99
BOSTANTEN Leather Shouder Handbags Designer Women Purses Crossbody Bags with Triple Compartment,Rated 4.1/5 from 57 Amazon shopper reviews.,https://m.media-amazon.com/images/I/71KvKSU9aqL._AC_UL1500_.jpg,99.99
Haute Shore - Greyson Grand Neoprene Tote Bag w/Zipper Wristlet Inside,Rated 3.9/5 from 4 Amazon shopper reviews.,https://m.media-amazon.com/images/I/61CRATTQAHL._AC_UL1500_.jpg,99.99
Loungefly Disney Nightmare Before Christmas All Over Print Womens Double Strap Shoulder Bag Purse,Rated 4.9/5 from 940 Amazon shopper reviews.,https://m.media-amazon.com/images/I/81OTKD2LRUL._AC_SL1500_.jpg,99.99
Tasty Leather Tote,Rated 5/5 from 2 Amazon shopper reviews.,https://m.media-amazon.com/images/I/81WDX1AgamL._AC_UL1500_.jpg,99.99
S-ZONE Women Leather Backpack Purse Casual Convertible Shoulder Bags Fashion Rucksack Daypack,Rated 4.4/5 from 397 Amazon shopper reviews.,https://m.media-amazon.com/images/I/710KsX3j6eL._AC_UL1500_.jpg,99.99
EQUICK Women's Packable Puffer Down Jacket Ultra Light Weight Short Coat with Travel Bag,Rated 3.8/5 from 73 Amazon shopper reviews.,https://m.media-amazon.com/images/I/51vRd4iyA+L._AC_UL1001_.jpg,99.99
S-ZONE Women Genuine Leather Backpack Purse Retro Anti-theft College Shoulder Bag Medium,Rated 4.7/5 from 24 Amazon shopper reviews.,https://m.media-amazon.com/images/I/81ZqO2aiIBL._AC_UL1500_.jpg,99.99
"Le Donne Leather Lafayette Classic Women’s Backpack - Premium Full-Grain Colombian Vaquetta Leather, 11” x 10” x 4.5” (Cafe)",Rated 4.6/5 from 7 Amazon shopper reviews.,https://m.media-amazon.com/images/I/61Y0oNoWuQL._AC_SL1000_.jpg,99.98
Nike Sportswear Essentials Tote Gym Bag Unisex,Rated 4.3/5 from 18 Amazon shopper reviews.,https://m.media-amazon.com/images/I/71cniDPscVL._AC_UL1500_.jpg,99.97
Olivia Tote Bag Color: Black,Rated 4/5 from 5 Amazon shopper reviews.,https://m.media-amazon.com/images/I/61YYcw+QLNL._AC_UL1000_.jpg,99.95
TERACOTA Genuine Leather Wristlet Clutch Purses for Women Quilted Lambskin Case Bag,Rated 4.7/5 from 4 Amazon shopper reviews.,https://m.media-amazon.com/images/I/91cxUj86UQL._AC_SL1500_.jpg,99.90
FOXLOVER Cow Leather Tote Bags for Women Large Capacity Top-Handle Handbag  Crocodile Pattern Women’s Shoulder Bag Purse,Rated 4/5 from 14 Amazon shopper reviews.,https://m.media-amazon.com/images/I/61nhJIun8RL._AC_UL1200_.jpg,99.76
Gun Toten Mamas Tooled Cowhide Handbag,Rated 4.3/5 from 56 Amazon shopper reviews.,https://m.media-amazon.com/images/I/61FK8YonM2L._AC_SL1200_.jpg,99.16
Hadaki Market Tote (Bronze),Rated 5/5 from 1 Amazon shopper reviews.,https://m.media-amazon.com/images/I/61Znvl8nAbL._AC_UL1001_.jpg,99.00
Haute Shore Greyson Epic Neoprene Tote Bag w/Zipper Wristlet Inside,Rated 4.4/5 from 4 Amazon shopper reviews.,https://m.media-amazon.com/images/I/61-G7KfBo-L._AC_UL1500_.jpg,99.00
"Kipling womens Women's Gabbie Small Bag, Lightweight Everyday Purse, Casual Nylon Shoulder crossbody bag, Blue Bleu 2, Small US",Rated 4.6/5 from 52 Amazon shopper reviews.,https://m.media-amazon.com/images/I/91Y1wgFK3rL._AC_SL1500_.jpg,99.00
KARRESLY Women' Canvas Shoulder Bag Top Handle Tote Multi-pocket Handbag Purse,Rated 4.3/5 from 57 Amazon shopper reviews.,https://m.media-amazon.com/images/I/71c4L8fvptL._AC_UL1001_.jpg,99.00
Floto Pienza Women's Leather Bag Handbag Crossbody Satchel Shoulder Bag,Rated 3.9/5 from 11 Amazon shopper reviews.,https://m.media-amazon.com/images/I/81d6V3+yj9L._AC_UL1500_.jpg,99.00
"Kipling Women’s Aisling Crossbody, Lightweight Everyday Purse, Nylon Shoulder Bag",Rated 4.6/5 from 216 Amazon shopper reviews.,https://m.media-amazon.com/images/I/81jhoGT-9oL._AC_UL1500_.jpg,99.00
ALPINE NORTH Women's Plus Size Vegan Down Lightweight Packable Puffer & Bag,Rated 4.6/5 from 55 Amazon shopper reviews.,https://m.media-amazon.com/images/I/71sjsUKS-9L._AC_UL1500_.jpg,99.00
"The Sak Los Feliz Crossbody Bag in Leather, Large, Lined Purse with Single Adjustable Shoulder Strap",Rated 4.4/5 from 10 Amazon shopper reviews.,https://m.media-amazon.com/images/I/71YsTTgQAhL._AC_UL1500_.jpg,99.00
"Kipling Women's Gabbie Crossbody, Lightweight Everyday Purse, Casual Shoulder Bag, Metallic Glow",Rated 4.5/5 from 70 Amazon shopper reviews.,https://m.media-amazon.com/images/I/91WWdYoaxHL._AC_UL1500_.jpg,99.00
"The Sak Ivy Drawstring Bucket Bag in Leather, Convertible Purse with Crossbody Strap, Black Vachetta",Rated 4.7/5 from 4 Amazon shopper reviews.,https://m.media-amazon.com/images/I/51wF7AucrcL._AC_UL1200_.jpg,99.00
BaseballFan Large Size Super Quality Vintage Cowhide Baseball Glove Leather Tote Shopper Purse Shoulder Bag handbag for Lady's Gift,Rated 4.6/5 from 166 Amazon shopper reviews.,https://m.media-amazon.com/images/I/51zBZQlCDeL._AC_UL1100_.jpg,99.00
Kipling Venla Tote Bag,Rated 4.8/5 from 17 Amazon shopper reviews.,https://m.media-amazon.com/images/I/61NqiYuusCL._AC_UL1500_.jpg,99.00
DELANEY LANE - The Bella Handbag - Quality Designer Purse for Women - Detachable Shoulder Strap,Rated 4.5/5 from 83 Amazon shopper reviews.,https://m.media-amazon.com/images/I/81OTN8POauL._AC_UL1500_.jpg,99.00
"Lipault Paris 18 Inch Weekend Satchel, Espresso, One Size",Rated 4/5 from 40 Amazon shopper reviews.,https://m.media-amazon.com/images/I/71nbEFt2x8L._AC_SL1500_.jpg,99.00
BOSTANTEN Handbags for Women Genuine Leather Designer Hobo Tote Purses Shoulder Crossbody Bucket Bags,Rated 4.4/5 from 295 Amazon shopper reviews.,https://m.media-amazon.com/images/I/81kDMnQsSgL._AC_UL1500_.jpg,98.99
BOSTANTEN Women Leather Bucket Handbag Leather Purses Hobo Bags Large,Rated 4.3/5 from 924 Amazon shopper reviews.,https://m.media-amazon.com/images/I/61tlgqEUpaL._AC_UL1500_.jpg,98.99
BOSTANTEN Women Handbag Genuine Leather Shoulder Bags Soft Designer Top Handle Purse,Rated 4.2/5 from 951 Amazon shopper reviews.,https://m.media-amazon.com/images/I/81+RO5HMiUL._AC_UL1500_.jpg,98.99
Antonio Valeria Ava Leather Tote/Top Handle Shoulder Bag for Women,Rated 4.2/5 from 534 Amazon shopper reviews.,https://m.media-amazon.com/images/I/911RToVZgfL._AC_UL1500_.jpg,98.99
EvaLuLu Genuine Leather Crossbody Bag for Womens Quilted Shoulder Handbag,Rated 4.1/5 from 7 Amazon shopper reviews.,https://m.media-amazon.com/images/I/71iqb-33B8L._AC_UL1500_.jpg,98.99
"Baggallini womens 3-in-1 3 in 1 Convertible Backpack with RFID phone wristlet, Grey Camo Print, One Size US",Rated 4.4/5 from 28 Amazon shopper reviews.,https://m.media-amazon.com/images/I/91Sw3Y7mxeL._AC_SL1500_.jpg,98.94
Mobile Edge Madison Work Tote- 15.4-Inch PC/17-Inch MacBook (Brown/White),Rated 2.6/5 from 4 Amazon shopper reviews.,https://m.media-amazon.com/images/I/51rmGJQVvvL._AC_SL1200_.jpg,98.80
"Mandarina Duck Women's Backpack, Mole9, 31x35x13(LxHxW)",Rated 4.5/5 from 195 Amazon shopper reviews.,https://m.media-amazon.com/images/I/91G8tCeq27L._AC_SL1500_.jpg,98.77
"Piel Leather Shoulder Tote Organizer, Saddle, One Size",Rated 3.6/5 from 5 Amazon shopper reviews.,https://m.media-amazon.com/images/I/61tl6NwsleL._AC_SL1000_.jpg,98.60
"Leather Handbags for Women, Genuine Leather Ladies Top-handle Shoulder Bags",Rated 4.6/5 from 58 Amazon shopper reviews.,https://m.media-amazon.com/images/I/616XIN60ktL._AC_UL1200_.jpg,98.55
Myra Bag female Flouncy Cowhide Bag Upcycled Cowhide & Leather S-2850,Rated 4.2/5 from 11 Amazon shopper reviews.,https://m.media-amazon.com/images/I/61ySshPv5zS._AC_UL1024_.jpg,98.50
XDDesign Elle Fashion Anti-Theft Backpack (Women's Bag),Rated 4.4/5 from 240 Amazon shopper reviews.,https://m.media-amazon.com/images/I/91lKMeD5bPL._AC_UL1500_.jpg,98.11
"Baggallini womens Naples Convertible Backpack, Black, One Size US",Rated 4.5/5 from 746 Amazon shopper reviews.,https://m.media-amazon.com/images/I/71LpD6ClH3L._AC_SL1500_.jpg,98.00
"Baggallini Womens With Rfid Phone Wristlet All Day Backpack, Sand Heritage, One Size US",Rated 4.7/5 from 340 Amazon shopper reviews.,https://m.media-amazon.com/images/I/91xnwSc4G7L._AC_SL1500_.jpg,98.00
"Le Donne Leather Structured Shoulder Bag - Colombian Leather Women’s Bag, 9.5”",Rated 4.1/5 from 7 Amazon shopper reviews.,https://m.media-amazon.com/images/I/619oebZfZgL._AC_UL1001_.jpg,98.00
"Kipling Women's City Pack Small Backpack, Lightweight Versatile Daypack, Floral Mozzaik",Rated 4.1/5 from 21 Amazon shopper reviews.,https://m.media-amazon.com/images/I/71hUrvluNGL._AC_SL1500_.jpg,98.00
Madewell Women's The Canvas Medium Transport Tote,Rated 4.1/5 from 32 Amazon shopper reviews.,https://m.media-amazon.com/images/I/71qNB1aK0HL._AC_UL1500_.jpg,98.00
"Anuschka Women’s Hand Painted Genuine Leather Mini Double Zip Travel Crossbody - Magnetic Closure, ID Holder & Optical Case",Rated 4.7/5 from 215 Amazon shopper reviews.,https://m.media-amazon.com/images/I/81ztdcNKXRL._AC_UL1500_.jpg,98.00
LaGaksta Submedium Leather Backpack Convertible Purse,Rated 4/5 from 184 Amazon shopper reviews.,https://m.media-amazon.com/images/I/61rmuNL-7XL._AC_UL1000_.jpg,97.99
BOSTANTEN Genuine Leather Hobo Handbags Designer Shoulder Tote Purses Crossbody Large Bag for Women,Rated 4.2/5 from 964 Amazon shopper reviews.,https://m.media-amazon.com/images/I/71hOPAMkhZL._AC_UL1500_.jpg,97.99
ALTOSY Leather Backpack for Women Elegant Genuine Backpack Purse Ladies Leather Shoulderbag,Rated 4.4/5 from 251 Amazon shopper reviews.,https://m.media-amazon.com/images/I/71381gWkyoL._AC_UL1500_.jpg,97.98
Baggallini Boulevard Laptop Tote,Rated 3.9/5 from 24 Amazon shopper reviews.,https://m.media-amazon.com/images/I/61sN+suoEkL._AC_UL1500_.jpg,97.98
Loungefly Disney The Aristocats Marie Pink Floral Allover-Print Mini Fashion Handbag Backpack WDBK1287,Rated 4.9/5 from 303 Amazon shopper reviews.,https://m.media-amazon.com/images/I/81DuUCPtPBL._AC_SL1500_.jpg,97.90
ALTOSY Genuine Leather Backpack Purse for Women Large Shoulder Bag With Laptop Compartment Multiple Pockets(S106 Brown),Rated 4.6/5 from 533 Amazon shopper reviews.,https://m.media-amazon.com/images/I/81lH4xWGAlL._AC_SL1500_.jpg,97.86
ARCOLAN Women's leather handbag retro Doctor Bag Brown Shoulder bag buckle type women's bag (Brown),Rated 3.5/5 from 15 Amazon shopper reviews.,https://m.media-amazon.com/images/I/519cdsxmAoL._AC_UL1200_.jpg,97.77
Anna by Anuschka Womens Genuine Leather Medium Crossbody Handbag - Zip-Top Organizer with Snap Side,Rated 4.6/5 from 97 Amazon shopper reviews.,https://m.media-amazon.com/images/I/91lDN1guNNL._AC_UL1500_.jpg,97.74
Over Earth Genuine Leather Hobo Purses and Handbags for Women Ladies Shoulder Crossbody Purse,Rated 4.3/5 from 233 Amazon shopper reviews.,https://m.media-amazon.com/images/I/71pNJosafxL._AC_UL1500_.jpg,97.68
Over Earth Genuine Leather Purses and Handbags Shoulder Bags for Women Ladies Hobo Crossbody Purse Large(O116E Brown),Rated 3.8/5 from 6 Amazon shopper reviews.,https://m.media-amazon.com/images/I/71BG9yDefoL._AC_UL1500_.jpg,97.68
Women Genuine Leather Handbag for Women Large Work Tote Bag with Top Handle Purse Satchel Shoulder Bag for Women,Rated 4.3/5 from 107 Amazon shopper reviews.,https://m.media-amazon.com/images/I/61e8nB5qqDS._AC_UL1200_.jpg,97.63
The Honest Company Crosstown Carryall Travel Tote,Rated 4.4/5 from 22 Amazon shopper reviews.,https://m.media-amazon.com/images/I/91kwG4tsqaL._AC_SL1500_.jpg,97.05
"Genuine Leather Purses Pocketbooks for Women, Handmade Vintage Handbag Top Handle Satchel Mandala Totem Crossbody",Rated 4/5 from 87 Amazon shopper reviews.,https://m.media-amazon.com/images/I/81+gBAzfmOL._AC_UL1500_.jpg,96.99
BOSTANTEN Women Leather Handbags Designer Tote Purse Bucket Bags Medium,"Rated 4.3/5 from 7,617 Amazon shopper reviews.",https://m.media-amazon.com/images/I/71LItD5CMRL._AC_UL1001_.jpg,96.99
"FOXER Leather Handbags for Women, Cow Leather Lock Chain Pattern Ladies Women's Designer Tote Bag with Adjustable Shoulder Strap Top Handle Bag Womens Real Leather Crossbody Purses and Handbags (Gold)",Rated 4.4/5 from 95 Amazon shopper reviews.,https://m.media-amazon.com/images/I/71pBeCe9U4L._AC_UL1001_.jpg,96.99
Gold Handbags for Women Cow Leather Top-handle Purse Ladies Pocketbooks Shoulder Bags Work Tote Bags,Rated 4.1/5 from 31 Amazon shopper reviews.,https://m.media-amazon.com/images/I/61tna+dfsrL._AC_UL1200_.jpg,96.98
PRIMO SACCHI Italian Soft Napa Leather Drak Grey Top Handle Shoulder Bag Rucksack Backpack Purse,Rated 4.6/5 from 629 Amazon shopper reviews.,https://m.media-amazon.com/images/I/716K09rMjhL._AC_SL1500_.jpg,96.95
Loungefly Fantastic Beasts Niffler Cosplay Womens Double Strap Shoulder Bag Purse,Rated 4.9/5 from 121 Amazon shopper reviews.,https://m.media-amazon.com/images/I/71Y+2Xn640L._AC_SL1500_.jpg,96.90
"TOUS Pink Colored Nylon Backpack for Women, Kaos New Colores Collection One Size",Rated 4.6/5 from 223 Amazon shopper reviews.,https://m.media-amazon.com/images/I/81zbXNYXWWL._AC_SL1500_.jpg,96.82
Over Earth Womens Handbags Soft Leather Hobo Shoulder Bag Ladies Crossbody Tote Purses with Tassel,Rated 4.4/5 from 397 Amazon shopper reviews.,https://m.media-amazon.com/images/I/71xjcEpy0UL._AC_UL1500_.jpg,96.78
Kipling Art Medium Printed Tote Bag,Rated 4.4/5 from 9 Amazon shopper reviews.,https://m.media-amazon.com/images/I/71yHFYEFmgL._AC_UL1500_.jpg,96.74
ALTOSY Soft Leather Backpack Purse For Women Anti-theft Backpacks Versatile Shoulder Bag,Rated 4.6/5 from 532 Amazon shopper reviews.,https://m.media-amazon.com/images/I/812vOZpAWhL._AC_UL1500_.jpg,96.68
"Desigual womens Across Body Bag, Brown, U US",Rated 4.7/5 from 80 Amazon shopper reviews.,https://m.media-amazon.com/images/I/515Ku6kT2kS._AC_UL1300_.jpg,96.48
"Mary Frances Bubbly Champagne Bottle Mini Crossbody Handbag, Black",Rated 4.7/5 from 10 Amazon shopper reviews.,https://m.media-amazon.com/images/I/A1KIGgrZBpL._AC_UL1500_.jpg,96.00
Boutique De FGG The Evil Eye Crystal Clutch Bags Women Evening Minaudiere Purses and Handbags,Rated 4.7/5 from 64 Amazon shopper reviews.,https://m.media-amazon.com/images/I/71sql8tdVBL._AC_UL1500_.jpg,95.99
Go Tour V-Shape Shoulder Handbag Tote Bag,Rated 4.6/5 from 3 Amazon shopper reviews.,https://m.media-amazon.com/images/I/81TL4NL4g6L._AC_UL1500_.jpg,95.99
"Zhuoliang Genuine Leather Pocketbooks for Women, Retro Organizer Top Handle Satchel Totem Leather Handbag Ladies",Rated 4.3/5 from 127 Amazon shopper reviews.,https://m.media-amazon.com/images/I/81lJremHnOL._AC_UL1500_.jpg,95.99
Pineapple Crystal Evening Bags and Clutches for Women Formal Dinner Purses Party Rhinestones Handbags,Rated 4.3/5 from 25 Amazon shopper reviews.,https://m.media-amazon.com/images/I/71+lKUlV2ZS._AC_UL1500_.jpg,95.99
PRIMO SACCHI Ladies Italian Leather Hand Made Handbag Shoulder Bag Backpack Medium Large Versions,Rated 4.4/5 from 113 Amazon shopper reviews.,https://m.media-amazon.com/images/I/81a4TyGvoJL._AC_UL1500_.jpg,95.95
Lady Conceal Concealed Carry Purse - YKK Locking Laced Ann Concealed Weapon Satchel with Universal Velcro Holster,Rated 4.7/5 from 342 Amazon shopper reviews.,https://m.media-amazon.com/images/I/81x-8HXfT8L._AC_UL1500_.jpg,95.95
Women Genuine Leather Handbags vintage purses Top Handle Satchel and tote Crossbody Shoulder bags,Rated 4.3/5 from 44 Amazon shopper reviews.,https://m.media-amazon.com/images/I/71G6IAbPbeL._AC_UL1500_.jpg,95.95
Wayuu Boho Chic Collection Designer Hand Woven Crocheted Tote Bag,Rated 4.7/5 from 88 Amazon shopper reviews.,https://m.media-amazon.com/images/I/A1APXY1cYAL._AC_UL1500_.jpg,95.75
"Amazing Song Small Top Handle Purses for Women, Designer Leather Handbag Removable Crossbody Strap, Soft Bag",Rated 4.9/5 from 11 Amazon shopper reviews.,https://m.media-amazon.com/images/I/71dNiz5FoIL._AC_UL1500_.jpg,95.55
RADLEY London Eaton Mews - Large Ziptop Tote,Rated 4.8/5 from 14 Amazon shopper reviews.,https://m.media-amazon.com/images/I/71K+JwCL3iL._AC_UL1200_.jpg,95.40
"ALPINE NORTH Women’s Vegan Down Packable Puffer - Lightweight, Weather-Resistant Jacket with Hood for Women with Carry Bag",Rated 4.2/5 from 53 Amazon shopper reviews.,https://m.media-amazon.com/images/I/71VBeKgB6wL._AC_UL1500_.jpg,95.20
"Pack of 6 - Eco-Friendly Jute Tote Bag with Cotton Accents & Leather Handles 13""W x 17""H x 8"" Gusset- CarryGreen Bags",Rated 4.5/5 from 32 Amazon shopper reviews.,https://m.media-amazon.com/images/I/61LifY2P96L._AC_SL1500_.jpg,95.00
Rains Backpack Mini Purse - Women's Black One Size,Rated 4.4/5 from 53 Amazon shopper reviews.,https://m.media-amazon.com/images/I/61QB+4OZuzL._AC_SL1500_.jpg,95.00
Loungefly Disney Minnie Mouse Magenta Sequin Women's Backpack One Size,Rated 4.5/5 from 23 Amazon shopper reviews.,https://m.media-amazon.com/images/I/71jtz-3xrnL._AC_SL1024_.jpg,95.00
orYANY Lyssie Tote (Berry),Rated 5/5 from 1 Amazon shopper reviews.,https://m.media-amazon.com/images/I/91O7VAIZiSL._AC_UL1500_.jpg,94.99
"Saddle Purse Western Leather, Shoulder Purse, Or Hand Bag",Rated 5/5 from 4 Amazon shopper reviews.,https://m.media-amazon.com/images/I/81mZUUekQWL._AC_UL1500_.jpg,94.99
HESHE Women’s Genuine Leather Purses and Handbags Tote Top Handle Bags Hobo Purse Satchel Shoulder Crossbody Bag,"Rated 4.5/5 from 2,204 Amazon shopper reviews.",https://m.media-amazon.com/images/I/81jvgk6OyCL._AC_UL1500_.jpg,94.99
"Neso Beach Tote, Use as a Carry-On, Beach Bag or Backpack",Rated 4.6/5 from 97 Amazon shopper reviews.,https://m.media-amazon.com/images/I/711Dls+pG2L._AC_UL1500_.jpg,94.99
ANTONIO VALERIA Alice Braided Washed Leather HandBag for Women,Rated 4/5 from 21 Amazon shopper reviews.,https://m.media-amazon.com/images/I/91rmcOAgpvL._AC_UL1500_.jpg,94.99
"Le Donne Leather Bella Hobo Shoulder Bag, 12.5” x 10” x 2.5” – Antique Hardware",Rated 4/5 from 8 Amazon shopper reviews.,https://m.media-amazon.com/images/I/51rCUZ5szSL._AC_UL1367_.jpg,94.98
"DELSEY Paris Women's Chatelet 2.0 Clutch and Crossbody Bag, Angora, One Size",Rated 4.6/5 from 16 Amazon shopper reviews.,https://m.media-amazon.com/images/I/71TvY4ioQ7L._AC_SL1500_.jpg,94.95
Mucros Weavers Ladies Handbag - Fiona Style - Wool & PU Leather - Made in Ireland,Rated 4.8/5 from 28 Amazon shopper reviews.,https://m.media-amazon.com/images/I/41932r0gM0L._AC_.jpg,94.95
Fioretta Italian Genuine Leather Top Handle Backpack Purse Shoulder Bag Handbag Rucksack For Women,Rated 3.7/5 from 15 Amazon shopper reviews.,https://m.media-amazon.com/images/I/51m5mUe8W9L._AC_UL1200_.jpg,94.95
Amerileather Rosalie Leather Tote Bag (#1758-9),Rated 3.9/5 from 35 Amazon shopper reviews.,https://m.media-amazon.com/images/I/71gxMkEQnHL._AC_SL1001_.jpg,94.94
Kipling Angie Handbag,Rated 3.8/5 from 12 Amazon shopper reviews.,https://m.media-amazon.com/images/I/81LzsCx8W4L._AC_UL1500_.jpg,94.78
"Piel Leather Large Carry-On Satchel, Black, One Size",Rated 3.8/5 from 35 Amazon shopper reviews.,https://m.media-amazon.com/images/I/61g9VpjRljL._AC_SL1000_.jpg,94.73
"Gun Toten Mamas Hobo Handbag, Red, One Size",Rated 3/5 from 4 Amazon shopper reviews.,https://m.media-amazon.com/images/I/61kaOfwaFGL._AC_UL1320_.jpg,94.45
"Kipling Women's Asseni Mini Tote, Compact Lightweight Everyday Purse, Nylon Shoulder Bag, Soft Dot Blue",Rated 3.6/5 from 6 Amazon shopper reviews.,https://m.media-amazon.com/images/I/81ZpRZXKtlL._AC_SL1500_.jpg,94.00
"Kipling Women’s Alvar Crossbody, Super Light, Durable Messenger, Nylon Shoulder Bag, Softly Spots",Rated 5/5 from 2 Amazon shopper reviews.,https://m.media-amazon.com/images/I/91mRuqJnbvL._AC_SL1500_.jpg,94.00
"Kipling Womens Alvar Crossbody Bag, Super Light, Durable Messenger Bag, Nylon Shoulder Bag",Rated 5/5 from 4 Amazon shopper reviews.,https://m.media-amazon.com/images/I/71CDxuXfKnL._AC_SL1500_.jpg,94.00
S-ZONE Women Vintage Genuine Leather Bucket Tote Bag Hobo Handbag Distressed Shoulder Purse,Rated 4.3/5 from 173 Amazon shopper reviews.,https://m.media-amazon.com/images/I/813wHszPkZS._AC_UL1500_.jpg,93.99
STEPHIECATH Large Women Shoulder Hobo Handbags Long Strap Crossbody Patchwork Joined Lamb Skin Leather Messenger bag,Rated 3.8/5 from 20 Amazon shopper reviews.,https://m.media-amazon.com/images/I/81o13I+0svL._AC_UL1500_.jpg,93.76
"Kipling womens Gabbie Crossbody, Grey Gris, Medium US",Rated 4.4/5 from 31 Amazon shopper reviews.,https://m.media-amazon.com/images/I/91-sJFY7ikL._AC_UL1500_.jpg,93.65
ALTOSY Genuine Leather Backpack Purse for Women Convertible Shoulder Bag with Buckle Flap,Rated 4.7/5 from 308 Amazon shopper reviews.,https://m.media-amazon.com/images/I/81kGmyYX-3L._AC_UL1500_.jpg,93.58
"TAKEASY Women's Genuine Leather Italian Tote Bag with Zipper - Large Handbag for Shopping, Work and Travel",Rated 4.5/5 from 242 Amazon shopper reviews.,https://m.media-amazon.com/images/I/81Dl+IqeRKL._AC_UL1500_.jpg,93.00
BOSTANTEN Women Leather Handbag Designer Top Handle Satchel Shoulder Tote Bags Crossbody Purses,Rated 4.4/5 from 303 Amazon shopper reviews.,https://m.media-amazon.com/images/I/81lxStkTUQL._AC_UL1500_.jpg,92.99
BOSTANTEN Leather Handbags for Women Designer Satchel Purses Top Handle Shoulder Crossbody Bag with Triple Compartment,Rated 4.6/5 from 92 Amazon shopper reviews.,https://m.media-amazon.com/images/I/81FNNumHbyL._AC_UL1500_.jpg,92.99
BOSTANTEN Women Leather Handbags Top Handle Satchel Purses Medium,Rated 4.4/5 from 927 Amazon shopper reviews.,https://m.media-amazon.com/images/I/713+cccG-DL._AC_UL1500_.jpg,92.99
Multi-Colored Lloyd Leather Tote (#1730-9),Rated 4.3/5 from 32 Amazon shopper reviews.,https://m.media-amazon.com/images/I/71ZxMGL1jEL._AC_SL1001_.jpg,92.94
Amerileather Miya Handbag/Shoulder Bag (#1738-9),Rated 3.9/5 from 39 Amazon shopper reviews.,https://m.media-amazon.com/images/I/61b5aPuobxL._AC_UL1001_.jpg,92.93
"Pixie Mood CAITLIN-S-TOTE-IBLU-SM Soft Smooth Finish, Small, Recycled Vegan Leather Convertible Crossbody Tote Bag",Rated 3.3/5 from 4 Amazon shopper reviews.,https://m.media-amazon.com/images/I/51YIJE4MqDL._AC_UL1500_.jpg,92.78
"ili New York - Leather Shoulder Handbag w/Side Organizer - Soft, Smooth Leather Handbag w/RFID Blocking Lining","Rated 4.6/5 from 1,315 Amazon shopper reviews.",https://m.media-amazon.com/images/I/61bcDfCVVRL._AC_UL1500_.jpg,92.64
"Sakroots Crossbody Bag in Eco-Twill, Multifunctional Purse with Adjustable Strap & Zipper Pockets",Rated 4.6/5 from 290 Amazon shopper reviews.,https://m.media-amazon.com/images/I/91z5QIlkXlL._AC_UL1500_.jpg,92.00
Chala Denim Blue Stripe BlueBird Work Tote,Rated 4.7/5 from 5 Amazon shopper reviews.,https://m.media-amazon.com/images/I/71VOmsHKjvL._AC_UL1005_.jpg,92.00
Hot Topic Studio Ghibli My Neighbor Totoro Sakura Satchel Bag,Rated 5/5 from 5 Amazon shopper reviews.,https://m.media-amazon.com/images/I/41wvVpm51KL._AC_.jpg,91.99
S-ZONE Genuine Leather Convertible Backpack Purse Tote Bag for Women Handbag Shoulder Bag Work Travel with Luggage Sleeve,Rated 4.4/5 from 7 Amazon shopper reviews.,https://m.media-amazon.com/images/I/71qsCFyHQdL._AC_SL1500_.jpg,91.99
Baggallini Avenue Tote Top Handle Bag,"Rated 4.6/5 from 2,178 Amazon shopper reviews.",https://m.media-amazon.com/images/I/91yIPUtcMpS._AC_UL1500_.jpg,91.89
"Mandarina Duck Women's Spirit Backpack, Black, Taglia Unica",Rated 4.5/5 from 59 Amazon shopper reviews.,https://m.media-amazon.com/images/I/811uxChNf9L._AC_SL1500_.jpg,91.70
Cow Leather Handbags for Women Small Tote Bags Crossbody Bags Top-handle Purse for Mother Handbags Lady Purse,Rated 4.3/5 from 156 Amazon shopper reviews.,https://m.media-amazon.com/images/I/81gudN0VMSL._AC_UL1500_.jpg,91.69
"David King & Co. Women's Organizer Backpack, Cafe, One Size",Rated 4.6/5 from 21 Amazon shopper reviews.,https://m.media-amazon.com/images/I/51TXOUHsSGL._AC_.jpg,91.23
McKlein Tote,Rated 4.2/5 from 43 Amazon shopper reviews.,https://m.media-amazon.com/images/I/71SqweeOfQL._AC_UL1500_.jpg,91.22
"FOXER Leather Satchel Handbags for Women, Split Cowhide Alphabet Pattern Ladies Signature Top-handle Bag with Nylon Shoulder Strap Womens Fashion Purses and Handbags Women's Medium Tote (White)",Rated 4/5 from 37 Amazon shopper reviews.,https://m.media-amazon.com/images/I/61RhsKZH0XL._AC_UL1200_.jpg,91.13
Lady Conceal Concealed Carry Purse with Universal Holster - YKK Locking Ella Braided Concealed Weapon Tote,Rated 4.5/5 from 431 Amazon shopper reviews.,https://m.media-amazon.com/images/I/91LrAEB64CL._AC_SL1500_.jpg,90.95
"Kipling Art Handbag, Metallic Pewter",Rated 4.6/5 from 67 Amazon shopper reviews.,https://m.media-amazon.com/images/I/91VHa+GxqzL._AC_UL1500_.jpg,90.52
Floto Roma Clutch Women's Leather Snap Wallet Organizer (Olive (Honey) Brown),Rated 4.4/5 from 5 Amazon shopper reviews.,https://m.media-amazon.com/images/I/71DtKcylfXL._AC_SL1500_.jpg,90.30
"VonZipper womens Clutch Sunglasses, Black Gloss/Grey, One Size US",Rated 4.5/5 from 25 Amazon shopper reviews.,https://m.media-amazon.com/images/I/71nrgVa1QpL._AC_UL1500_.jpg,90.13
Lux de Ville Large Trixie Tote (Red Rum Sparkle),Rated 5/5 from 1 Amazon shopper reviews.,https://m.media-amazon.com/images/I/81IHnGwq0tS._AC_UL1500_.jpg,90.00
"RE Style Gothic Ouija Board Occult Spirit Board Handbag, Black",Rated 4.3/5 from 17 Amazon shopper reviews.,https://m.media-amazon.com/images/I/71+iXtcOwkL._AC_UL1500_.jpg,89.99
Loungefly Sanrio Tuxedo Sam Cosplay Adult Womens Double Strap Shoulder Bag Purse,Rated 4.9/5 from 141 Amazon shopper reviews.,https://m.media-amazon.com/images/I/51cxDLA887L._AC_UL1000_.jpg,89.99
S-ZONE Genuine Leather Shoulder Tote Bag for Women Large Handbag Work Purse,"Rated 4.6/5 from 2,040 Amazon shopper reviews.",https://m.media-amazon.com/images/I/61G4zLaMcOL._AC_UL1500_.jpg,89.99
Trinity Ranch Western Tote Bag for Women Genuine Hair-On Cowhide Collection Handbag Conceal Carry Purse,Rated 4.2/5 from 28 Amazon shopper reviews.,https://m.media-amazon.com/images/I/71eYw5+n9yL._AC_UL1500_.jpg,89.99
BOSTANTEN Women Leather Handbags Designer Satchel Purses Two-Tone Top Handle Work Shoulder Tote Bags,Rated 4.3/5 from 146 Amazon shopper reviews.,https://m.media-amazon.com/images/I/71QLs0CabKL._AC_UL1500_.jpg,89.99
HESHE Genuine Leather Purses for Women Tote Top Handle Handbags Shoulder Bags Ladies Designer Hobo Cross Body Purse,Rated 4.2/5 from 75 Amazon shopper reviews.,https://m.media-amazon.com/images/I/71bDFR6UdbL._AC_UL1500_.jpg,89.99
S-ZONE Genuine Leather Tote Bag for Women Vintage Shoulder Handbag Purse with Crossbody Strap Medium,Rated 4.5/5 from 254 Amazon shopper reviews.,https://m.media-amazon.com/images/I/81imWtmhLdL._AC_UL1500_.jpg,89.99
Boutique De FGG Super Mini Women Fish Evening Bags Crystal Clutch Purse Wedding Party Rhinestone Handbags,Rated 4.5/5 from 82 Amazon shopper reviews.,https://m.media-amazon.com/images/I/71JMSL1ZWbL._AC_UL1000_.jpg,89.99
CHALA Hobo Style Large Bag Shoulder Purse with & Chala Zip Wallet Combo Set,Rated 4.6/5 from 36 Amazon shopper reviews.,https://m.media-amazon.com/images/I/619VaB71IIL._AC_UL1005_.jpg,89.99
LiaTalia Womens Genuine Italian Leather Medium Size Shoulder Hobo Bag - Adjustable Long Strap Handbag - EMMY,Rated 4.3/5 from 163 Amazon shopper reviews.,https://m.media-amazon.com/images/I/81v3Dr+k3rL._AC_UL1500_.jpg,89.99
Loungefly Pokemon Squirtle Updated Cosplay Womens Double Strap Shoulder Bag Purse,Rated 4.9/5 from 30 Amazon shopper reviews.,https://m.media-amazon.com/images/I/81Zt0187V6L._AC_UL1500_.jpg,89.99
Montana West Genuine Leather Purses for Women Hobo Bags with Tooling Handle & Tassels,"Rated 4.5/5 from 1,103 Amazon shopper reviews.",https://m.media-amazon.com/images/I/6199A3dlwPL._AC_UL1500_.jpg,89.99
Telena Briefcase for Women 15.6 inch Leather Laptop Business Ladies Work Handbag Shoulder Bag Beige with Black,Rated 3.4/5 from 5 Amazon shopper reviews.,https://m.media-amazon.com/images/I/71ktBo-HXJL._AC_UL1500_.jpg,89.99
Iswee Shoulder Bag Genuine Leather Tote Purse for Women Vintage Satchel Bag Crossbody Handbag Casual Carry Travel Bag,Rated 4.5/5 from 14 Amazon shopper reviews.,https://m.media-amazon.com/images/I/81osJ8hqbHL._AC_UL1500_.jpg,89.99
ZLYC Women Handmade Dip Dye Leather Fringe Bohemian Tassel Studed Cross Body Bag,Rated 4/5 from 192 Amazon shopper reviews.,https://m.media-amazon.com/images/I/71b+8wOtecL._AC_UL1500_.jpg,89.99
Loungefly Disney Nightmare Before Christmas Dapper Jack and Sally Cosplay Womens Double Strap Shoulder Bag Purse,Rated 4.6/5 from 15 Amazon shopper reviews.,https://m.media-amazon.com/images/I/61FlTalOvjL._AC_UL1080_.jpg,89.99
"Leather Handbag for Women, Retro Mandela Crossbody Handbag Tote Bag",Rated 3.6/5 from 33 Amazon shopper reviews.,https://m.media-amazon.com/images/I/81XIHTq0WmL._AC_UL1500_.jpg,89.99
HESHE Leather Purses and Handbags for Women Shoulder Bag Tote Top Handle Bags Designer Crossbody Hobo Ladies Satchel,"Rated 4.3/5 from 2,024 Amazon shopper reviews.",https://m.media-amazon.com/images/I/81-fnmc8aiL._AC_UL1500_.jpg,89.99
S-ZONE Women Vintage Genuine Leather Shoulder Tote Bag Large Work Handbag Purse,Rated 4.6/5 from 774 Amazon shopper reviews.,https://m.media-amazon.com/images/I/81v4flp5l9L._AC_UL1500_.jpg,89.99
Montana West Buckle Collection Western Handbag for Women Tote Purse with Wallet,Rated 4.1/5 from 35 Amazon shopper reviews.,https://m.media-amazon.com/images/I/81awUKmjh+L._AC_UL1500_.jpg,89.99
HESHE Women’s Genuine Leather Shoulder Handbags Tote Bag Top Handle Bag Ladies Designer Purses Satchel Cross-body Handbag,"Rated 4.3/5 from 1,172 Amazon shopper reviews.",https://m.media-amazon.com/images/I/81pxlANRijL._AC_UL1500_.jpg,89.99
Loungefly Pokemon Charmander Cosplay Womens Double Strap Shoulder Bag Purse,Rated 4.9/5 from 253 Amazon shopper reviews.,https://m.media-amazon.com/images/I/71M85QRLZxL._AC_SL1024_.jpg,89.99
Loungefly Disney Marie Floral Footsy Womens Double Strap Shoulder Bag Purse,Rated 4.9/5 from 300 Amazon shopper reviews.,https://m.media-amazon.com/images/I/61rph+Zgr9L._AC_SL1280_.jpg,89.99
Loungefly Pusheen Unicorn Plush Womens Double Strap Shoulder Bag Purse,Rated 4.7/5 from 64 Amazon shopper reviews.,https://m.media-amazon.com/images/I/619JqIBC4jL._AC_SL1000_.jpg,89.99
Iswee Genuine Leather Purses and Handbags for Women Shoulder Bag Top Handle Satchel Ladies Hobo Crossbody Bags,"Rated 4.3/5 from 3,633 Amazon shopper reviews.",https://m.media-amazon.com/images/I/81wvebk6DGL._AC_UL1500_.jpg,89.99
FEIMINA Genuine Leather Tote Handbag Purse CrossBody Bag Patent Leather Shoulder Bag Fashion Leopard Print for Women,Rated 4.4/5 from 229 Amazon shopper reviews.,https://m.media-amazon.com/images/I/81uQYIo5qeL._AC_UL1500_.jpg,89.99
Loungefly Disney Minnie Mouse Bow Faux Leather Womens Double Strap Shoulder Bag Purse,Rated 4.9/5 from 631 Amazon shopper reviews.,https://m.media-amazon.com/images/I/71hYRTohT3L._AC_SL1494_.jpg,89.99
JW PEI Women's Ruby Shoulder Bag,Rated 4.4/5 from 108 Amazon shopper reviews.,https://m.media-amazon.com/images/I/71fQB-zQWQL._AC_UL1500_.jpg,89.99
Bird Clutch Bags For Women Crystal Evening Bag Rhinestone Wedding Handbag Party Purse,Rated 4.7/5 from 21 Amazon shopper reviews.,https://m.media-amazon.com/images/I/71+hpfWm+cL._AC_UL1000_.jpg,89.99
"Kipling Women's Adelina Solid Tote, Cloud Blue, One Size",Rated 4.1/5 from 13 Amazon shopper reviews.,https://m.media-amazon.com/images/I/814n-JPqAZL._AC_SL1500_.jpg,89.99
"Leather Handbags for Women, Cow Leather Lock Chain Pattern Ladies Top Handle Bag with Adjustable Shoulder Strap Women's Designer Tote Bag Womens Real Leather Crossbody Purses and Handbags (Gold)",Rated 4.2/5 from 167 Amazon shopper reviews.,https://m.media-amazon.com/images/I/81oxQF34nYL._AC_UL1200_.jpg,89.99
Montana West Western Purses for Women Concealed Carry Tote Bags Shoulder Handbags with Wallet,Rated 4.7/5 from 18 Amazon shopper reviews.,https://m.media-amazon.com/images/I/814HRPiY06L._AC_UL1500_.jpg,89.99
S-ZONE Vintage Genuine Leather Tote Bag for Women Large Handbag Shoulder Purse,Rated 4.6/5 from 763 Amazon shopper reviews.,https://m.media-amazon.com/images/I/61EKXaSudeL._AC_UL1200_.jpg,89.99
HESHE Genuine Leather Backpack Purse for Women Fashion Multipurpose Travel Ladies Purses Casual Daypack(Sorrel),Rated 4.5/5 from 292 Amazon shopper reviews.,https://m.media-amazon.com/images/I/51e1zOeKCKL._AC_.jpg,89.99
HESHE Genuine Leather Handbags for Women Large Top Handle Tote Bag Ladies Shoulder Satchel Purses Cross Body Bags for Work,Rated 4.2/5 from 629 Amazon shopper reviews.,https://m.media-amazon.com/images/I/81RZXW39ErL._AC_UL1500_.jpg,89.99
Leather Satchel Handbags For Women Medium Top Handle Shoulder Purse With Straps,Rated 3.4/5 from 4 Amazon shopper reviews.,https://m.media-amazon.com/images/I/81m0bFtO-KL._AC_UL1500_.jpg,89.99
BOSTANTEN Genuine Leather Purses for Women Designer Handbags Crossbody Shoulder Bags Top Handle Satchel with Adjustable Strap,Rated 3.9/5 from 14 Amazon shopper reviews.,https://m.media-amazon.com/images/I/81gCnYAb0JL._AC_UL1500_.jpg,89.99
Antonio Valeria Ava Leather Leather Tote/Top Handle Shoulder Bag for Women,Rated 4.3/5 from 378 Amazon shopper reviews.,https://m.media-amazon.com/images/I/81LI2HXmnhL._AC_UL1500_.jpg,89.99
"The Sak Women's Ventura II Convertible Backpack, Teak",Rated 4/5 from 76 Amazon shopper reviews.,https://m.media-amazon.com/images/I/61GUii1GWvL._AC_SL1200_.jpg,89.99
Nicole Miller Underseat Luggage Collection - Small Lightweight 15 Inch Under Seat Bag - Briefcase for Women - Carry On Suitcase with 2- Rolling Spinner Wheels,Rated 4/5 from 42 Amazon shopper reviews.,https://m.media-amazon.com/images/I/81qZE5yakNL._AC_UL1500_.jpg,89.99
"Amazing Song Designer Shoulder Bag for Women, Top Handle Tote Handbag Satchel, Genuine Leather, Smiley Pillow Bag",Rated 3.6/5 from 9 Amazon shopper reviews.,https://m.media-amazon.com/images/I/71PhKA2ddZL._AC_UL1500_.jpg,89.99
Loungefly Disney Pluto Cosplay Womens Double Strap Shoulder Bag Purse,Rated 4.9/5 from 223 Amazon shopper reviews.,https://m.media-amazon.com/images/I/61IK2ZxPSkL._AC_SL1024_.jpg,89.99
HESHE Shoulder Bag for Women Soft Genuine Leather Purses Hobo Bag with Zipper Ladies Large Crossbody Satchel Bags,"Rated 4.2/5 from 1,268 Amazon shopper reviews.",https://m.media-amazon.com/images/I/817b4yvZZsL._AC_UL1500_.jpg,89.99
SHOWKOO Carry-on Luggage 2 Piece Softside Lightweight Durable Suitcase with Bag Tote Double Spinner Wheels TSA Lock Black 20-inch,Rated 4.6/5 from 82 Amazon shopper reviews.,https://m.media-amazon.com/images/I/81Ua2uMPuAL._AC_SL1500_.jpg,89.99
HESHE Shoulder Bag for Women Retro Leather Purses and Tote Handbags Ladies Medium Travel Designer Satchel Crossbody Bags,Rated 4.3/5 from 385 Amazon shopper reviews.,https://m.media-amazon.com/images/I/81S63oHYegL._AC_UL1500_.jpg,89.99
ZLYC Women Vintage Dip Dye Leather Tote Bag Handbag Large Zippered Shoulder Bag,Rated 3.9/5 from 39 Amazon shopper reviews.,https://m.media-amazon.com/images/I/81apt-i8vwL._AC_UL1500_.jpg,89.99
Loungefly Marvel Loki Cosplay Faux Leather Womens Double Strap Shoulder Bag Purse One Size,Rated 4.8/5 from 424 Amazon shopper reviews.,https://m.media-amazon.com/images/I/81k86G+8RzL._AC_SL1500_.jpg,89.99
Loungefly The Office Television Show Dunder Mifflin Womens Double Strap Shoulder Bag Purse,Rated 4.7/5 from 22 Amazon shopper reviews.,https://m.media-amazon.com/images/I/81P5xnAkX1L._AC_UL1500_.jpg,89.99
miccostumes Women's Game Cosplay Costume with Belts Gloves and Bags,Rated 3.7/5 from 114 Amazon shopper reviews.,https://m.media-amazon.com/images/I/51tu7hXLxKL._AC_UL1000_.jpg,89.99
Loungefly Childs Play Chucky Cosplay Womens Double Strap Shoulder Bag Purse,Rated 4.9/5 from 262 Amazon shopper reviews.,https://m.media-amazon.com/images/I/41P7exXQf1L._AC_.jpg,89.99
Womens Evening-Bag Chain Rhinestone Ladies Clutch-Purse Wedding Luxury-Handbag Octopus,Rated 5/5 from 1 Amazon shopper reviews.,https://m.media-amazon.com/images/I/81zrNPZqJqL._AC_UL1200_.jpg,89.99
Loungefly Disney Zootopia Chibi Group Womens Double Strap Shoulder Bag Purse,Rated 4.8/5 from 136 Amazon shopper reviews.,https://m.media-amazon.com/images/I/61NAez-LATL._AC_SL1000_.jpg,89.99
"Loungefly Disney Villains Books Womens Double Strap Shoulder Bag Purse, One Size, Multi",Rated 4.9/5 from 202 Amazon shopper reviews.,https://m.media-amazon.com/images/I/61w-gExiRgL._AC_SL1000_.jpg,89.99
Restyle Vegan Leather Velvet Pentagram Witchcraft Casual Punk Large Hobo Bag,Rated 3.7/5 from 13 Amazon shopper reviews.,https://m.media-amazon.com/images/I/61fy0gx6b1L._AC_UL1005_.jpg,89.99
JW PEI FEI Mini Phone Crossbody Bag Women Leather little Trendy Purse 90s Shoulder Handbags,Rated 4.6/5 from 52 Amazon shopper reviews.,https://m.media-amazon.com/images/I/51sykPL46cL._AC_UL1500_.jpg,89.99
Telena Briefcase for Women Leather Computer Bag Vintage Fashion Bag 15.6 inch Laptop Work Business Bag,Rated 4.2/5 from 38 Amazon shopper reviews.,https://m.media-amazon.com/images/I/71ZFPLz+wwL._AC_UL1500_.jpg,89.99
LMKIDS Genuine Leather Satchel for Women Top Handle Bags Handmade Purse Vintage Hobo Crossbody Handbags Tote Bag,Rated 3.9/5 from 13 Amazon shopper reviews.,https://m.media-amazon.com/images/I/61gCBRaoL1L._AC_.jpg,89.98
PRIMO SACCHI Ladies Italian Textured Leather Small Triangular Shoulder or Crossbody Bag,Rated 4.7/5 from 295 Amazon shopper reviews.,https://m.media-amazon.com/images/I/816YHSv7WDL._AC_UL1500_.jpg,89.95
"Fjallraven Women's Kanken Backpack, Dahlia, Red, Orange, One Size",Rated 4.6/5 from 299 Amazon shopper reviews.,https://m.media-amazon.com/images/I/71a8NKennwL._AC_SL1500_.jpg,89.95
Tru Virtu® Card Holder Click & Slide Carbon Black Silber (hi-tech) I Credit Card Holder Wallet I cardholder-RFID-NFC-Protection I Wallet Made of Real Italian Leather I Purse I Slim Wallet,Rated 3.6/5 from 475 Amazon shopper reviews.,https://m.media-amazon.com/images/I/41Fs4W0B6oL._AC_.jpg,89.95
"Lady Conceal Concealed Carry Purse for Women – Skylar Crossbody Organizer, Locking YKK & Universal Holster",Rated 4.3/5 from 76 Amazon shopper reviews.,https://m.media-amazon.com/images/I/91Xk1JR4AzL._AC_SL1500_.jpg,89.95
Pixie Mood ALICIA Top Notched Soft Pebbled Exterior Recycled Vegan Leather Tote and Crossbody Bag,Rated 4/5 from 15 Amazon shopper reviews.,https://m.media-amazon.com/images/I/41rqOf7PgHL._AC_UL1200_.jpg,89.95
Loungefly Spongebob Squarepants Krabby Patty Group Womens Double Strap Shoulder Bag Purse,Rated 4.8/5 from 152 Amazon shopper reviews.,https://m.media-amazon.com/images/I/610v0tQRQoL._AC_SL1000_.jpg,89.95
Loungefly Swan Princess and friends AOP Limited Edition Double Strap Handbag,Rated 4.8/5 from 26 Amazon shopper reviews.,https://m.media-amazon.com/images/I/81cwWgcK1rS._AC_SL1500_.jpg,89.90
Over Earth Genuine Leather Purses and Handbags for Women Hobo Shoulder Bag Ladies Crossbody Bags Medium,Rated 4.4/5 from 287 Amazon shopper reviews.,https://m.media-amazon.com/images/I/71euCCIqXcL._AC_UL1500_.jpg,89.86
Dakine Prom 25L Backpack Women's Rosie,Rated 4.5/5 from 176 Amazon shopper reviews.,https://m.media-amazon.com/images/I/81qGSUnatPL._AC_SL1200_.jpg,89.80
ALTOSY Genuine Leather Backpack for Women Small Convertible Backpack Purse Ladies Shoulder Bag 4 in 1 to Carry,Rated 4.5/5 from 369 Amazon shopper reviews.,https://m.media-amazon.com/images/I/81M6UlGVtmL._AC_UL1500_.jpg,89.76
"BuildABagg Large Open Rubber Tote Bag, Washable Beach Bags Waterproof Sandproof, Portable Outdoor Tote for Sports Gym & Pool",Rated 4.7/5 from 99 Amazon shopper reviews.,https://m.media-amazon.com/images/I/71Jwu+2JzWL._AC_UL1500_.jpg,89.50
"Kipling Women's Gabbie Crossbody, Lightweight Everyday Purse, Casual Shoulder Bag",Rated 4.4/5 from 358 Amazon shopper reviews.,https://m.media-amazon.com/images/I/811G86RA+HL._AC_UL1500_.jpg,89.25
Metro Tote + Large Smartphone Crossbody,Rated 3/5 from 1 Amazon shopper reviews.,https://m.media-amazon.com/images/I/5126lnVY8bL._AC_UL1001_.jpg,89.21
"Kipling Women's City Pack S' Backpack Handbag, Green Moss, 19x27x33.5 cm (LxWxH)",Rated 4.7/5 from 346 Amazon shopper reviews.,https://m.media-amazon.com/images/I/A1IrRBaCHOS._AC_SL1500_.jpg,89.08
YHOK Designer Ladies Genuine Leather Handbags And Hobo Purses For Women Satchel Flower Handbag Shoulder Bags,Rated 4.5/5 from 231 Amazon shopper reviews.,https://m.media-amazon.com/images/I/81FUIp5UqBL._AC_UL1500_.jpg,89.00
bonanza leathers women's cowhide leather large shoulder tote bag with fringes and zipper closure 505A,Rated 4.4/5 from 51 Amazon shopper reviews.,https://m.media-amazon.com/images/I/71-w5TRcCvL._AC_UL1500_.jpg,89.00
MERSI Demi Bucket Purse - Vegan Leather Bucket Bag With Detachable Mini Pouch & 2 Adjustable Shoulder Straps,Rated 4.2/5 from 32 Amazon shopper reviews.,https://m.media-amazon.com/images/I/71DHwFFXHmL._AC_UL1500_.jpg,89.00
VICTORIA HYDE Vintage Genuine Leather Handbags Crossbody Messenger Bag Satchel Travel Purse Handbag Shoulder Bags,Rated 3/5 from 2 Amazon shopper reviews.,https://m.media-amazon.com/images/I/61Os7rua6AL._AC_UL1000_.jpg,89.00
MERSI Ruby Crossbody Purse - Faux Leather Purse With Studded Detail & 2 Adjustable Shoulder Straps,Rated 4.6/5 from 63 Amazon shopper reviews.,https://m.media-amazon.com/images/I/81b2WSDszcL._AC_UL1500_.jpg,89.00
"Kipling Women's Myrte Crossbody Handbag, Convertible Metallic Purse, Nylon Clutch and Waist Bag",Rated 4.7/5 from 138 Amazon shopper reviews.,https://m.media-amazon.com/images/I/91eEKGX2HbL._AC_UL1500_.jpg,89.00
MARC PETER Lisa Real Leather Tote Bag for Women | Top Handle Satchel | Women Fashion Shoulder Bag,Rated 5/5 from 1 Amazon shopper reviews.,https://m.media-amazon.com/images/I/71tzPJuvlJL._AC_UL1500_.jpg,89.00
Sakroots Arcadia Recycled Metro Tote,Rated 4.2/5 from 20 Amazon shopper reviews.,https://m.media-amazon.com/images/I/61AHSnPXfML._AC_UL1200_.jpg,89.00
ReadyGO by Maevn Water-Resistant Clinical Tote Backpack in Llama Print,Rated 3/5 from 2 Amazon shopper reviews.,https://m.media-amazon.com/images/I/510pq8VzuBL._AC_UL1000_.jpg,89.00
MERSI Isabel Bucket Purse - Faux Leather Bucket Bag With Top Handle & Removable Shoulder Strap,Rated 4.7/5 from 9 Amazon shopper reviews.,https://m.media-amazon.com/images/I/71it7b91-bL._AC_UL1500_.jpg,89.00
"Kipling Women's Paola Small Backpack, Black Noir",Rated 4.5/5 from 98 Amazon shopper reviews.,https://m.media-amazon.com/images/I/71Q1pszeEyL._AC_SL1500_.jpg,89.00
CHALA Handbags Big- Everyday Tote Women Handbag with Zip Around Wallet,Rated 4.7/5 from 46 Amazon shopper reviews.,https://m.media-amazon.com/images/I/716JzBqikXL._AC_UL1263_.jpg,89.00
"Kipling Women's Gabby S Solid Crossbody Handbag, Black, One Size",Rated 5/5 from 7 Amazon shopper reviews.,https://m.media-amazon.com/images/I/91vw4+U45uL._AC_SL1500_.jpg,89.00
Loungefly Disney Christmas Mickey and Minnie Cookie Adult Womens Double Strap Shoulder Bag Purse with Ears Headband,Rated 4.9/5 from 331 Amazon shopper reviews.,https://m.media-amazon.com/images/I/71SEfRHjq-L._AC_SL1024_.jpg,89.00
Kipling Eleva Large Handbag,Rated 4.6/5 from 287 Amazon shopper reviews.,https://m.media-amazon.com/images/I/91JSMADtkaL._AC_UL1500_.jpg,88.99
"LeSportsac Volar Lilac/Plum Butterflies Classic Hobo Crossbody Bag + Cosmetic Bag, Style 7520/Color F566, Lilac/Plum Butterflies, Pearlized Sheen",Rated 5/5 from 3 Amazon shopper reviews.,https://m.media-amazon.com/images/I/91rYo4AWkBL._AC_UL1500_.jpg,88.99
Gun Toten Mamas Concealed Carry Large Hobo Handbag,Rated 4.5/5 from 24 Amazon shopper reviews.,https://m.media-amazon.com/images/I/61QDpxnnn1L._AC_SL1200_.jpg,88.99
"Yikpo X Large Beach Tote, Cow Print Waterproof Washable Beach Bag Baseball Prints Plus Size Tote Bag for Pool",Rated 3.5/5 from 6 Amazon shopper reviews.,https://m.media-amazon.com/images/I/81pbvkwBlHL._AC_SL1500_.jpg,88.99
"PUMA Women's Speedway Backpack, Black, One Size",Rated 4.8/5 from 8 Amazon shopper reviews.,https://m.media-amazon.com/images/I/81m3vJLBtjL._AC_SL1500_.jpg,88.99
Girly HandBags Open Top Genuine Leather Handbag,Rated 4.4/5 from 88 Amazon shopper reviews.,https://m.media-amazon.com/images/I/717kUzrFonL._AC_UL1500_.jpg,88.97
"ArcDiary Rayon Purse Organizer Insert, unique pattern Bag organizer, bag in bag for luxury bags, fit Garden Party 30/36/49 bags (GP36, Sea and waves)",Rated 5/5 from 1 Amazon shopper reviews.,https://m.media-amazon.com/images/I/71UoOBnD4NL._AC_SL1500_.jpg,88.90
"Cinda b. Super Tote Ii, Verde Bonita, One Size",Rated 4.4/5 from 36 Amazon shopper reviews.,https://m.media-amazon.com/images/I/919V4syJywL._AC_SL1500_.jpg,88.70
PELGIO Genuine Cobra Snake Skin with Head Leather Women's Trifold Clutch Wallet Purse Natural,Rated 4.8/5 from 7 Amazon shopper reviews.,https://m.media-amazon.com/images/I/81ohfvqFg2L._AC_SL1500_.jpg,88.67
Pelgio Genuine Python Snake Skin Leather Soft Fold Clutch Bag Purse,Rated 5/5 from 1 Amazon shopper reviews.,https://m.media-amazon.com/images/I/914z1YDANGL._AC_UL1500_.jpg,88.67
Kipling City Pack S Womens Backpack,Rated 4.6/5 from 462 Amazon shopper reviews.,https://m.media-amazon.com/images/I/91EAUz7KKkL._AC_UL1500_.jpg,88.36
"Kipling Women's Asseni Tote, Lightweight Everyday Purse, Nylon Shoulder Bag, Black Noir",Rated 4.6/5 from 292 Amazon shopper reviews.,https://m.media-amazon.com/images/I/71seSUfe8dL._AC_SL1500_.jpg,88.05
GUESS Factory Women's Curran Logo Satchel,Rated 5/5 from 2 Amazon shopper reviews.,https://m.media-amazon.com/images/I/81mVuS1v4cL._AC_UL1500_.jpg,88.00
Sunny&Shining Handmade Beaded Crossbody Handbag Evening Clutch Party Purse,Rated 4/5 from 1 Amazon shopper reviews.,https://m.media-amazon.com/images/I/911cc2peywL._AC_UL1500_.jpg,88.00
Le Donne Leather Ladies’ Sling Backpack - Colombian Cowhide Leather Backpack (Cafe),Rated 4.5/5 from 2 Amazon shopper reviews.,https://m.media-amazon.com/images/I/61H70SMM4wL._AC_SL1000_.jpg,88.00
Le Donne Leather Double Strap Small Pocket Tote – Premium Full-Grain Colombian Vaquetta Cowhide Leather Tote Bag,Rated 4.4/5 from 16 Amazon shopper reviews.,https://m.media-amazon.com/images/I/51pFtlKtUdL._AC_UL1001_.jpg,88.00
Le Donne Leather Vertical Flap Over Shoulder Bag - Colombian Leather Women’s Bag,Rated 4.7/5 from 56 Amazon shopper reviews.,https://m.media-amazon.com/images/I/71BviOoJ6GL._AC_UL1280_.jpg,88.00
Lily Bloom Maggie Satchel Handbag,Rated 4.4/5 from 68 Amazon shopper reviews.,https://m.media-amazon.com/images/I/61flN2nw8FS._AC_UL1001_.jpg,88.00
Chala Handbags LaserCut Totes Shoulder Purse with Matching Wallet Gift Set,Rated 4.5/5 from 54 Amazon shopper reviews.,https://m.media-amazon.com/images/I/61YZvDiRZoL._AC_UL1005_.jpg,88.00
Women Handbag Leather Bamboo Top handle Crossbody bag Elegant Purse Evening bag Gift for Women Handmade Made in Italy,Rated 4/5 from 26 Amazon shopper reviews.,https://m.media-amazon.com/images/I/71cAVyr0FZL._AC_UL1500_.jpg,88.00
"Sakroots Metro Tote (One Size, Aqua One World)",Rated 4.6/5 from 6 Amazon shopper reviews.,https://m.media-amazon.com/images/I/71bD43mjGUS._AC_UL1201_.jpg,88.00
Genuine Leather Handbags for Women Small Satchel Purse Luxury Top Handle Real Leather Embossed Design Crossbody Bag,Rated 4.3/5 from 4 Amazon shopper reviews.,https://m.media-amazon.com/images/I/71wLx14YURS._AC_UL1500_.jpg,88.00
Hidesign Cerys Medium Leather Satchel Crossbody with Detachable Shoulder Strap,Rated 4.2/5 from 48 Amazon shopper reviews.,https://m.media-amazon.com/images/I/71jPontNmkL._AC_UL1306_.jpg,88.00
Rampage Womens Triangle Ring Satchel Black One Size,Rated 2.2/5 from 2 Amazon shopper reviews.,https://m.media-amazon.com/images/I/81PGOyy9pwL._AC_UL1500_.jpg,88.00
Kelsi Dagger Women's Alexandra Satchel,Rated 3.3/5 from 4 Amazon shopper reviews.,https://m.media-amazon.com/images/I/81gdoPZCm2L._AC_UL1500_.jpg,88.00
S-ZONE Women Vintage Genuine Leather Tote Bag Large Shoulder Purse Work Handbag with Crossbody Strap,Rated 4.6/5 from 730 Amazon shopper reviews.,https://m.media-amazon.com/images/I/810nrLnG9WS._AC_UL1500_.jpg,87.99
MangkintoTote Bag Waterproof Lightweight Oversize Beach Bag Traveling Handbag for Pool Gym Travel Yoga Large Capacity,Rated 5/5 from 1 Amazon shopper reviews.,https://m.media-amazon.com/images/I/81L4ogIcf7L._AC_SL1500_.jpg,87.99
"Milly Kate Crossbody Bag with Detachable Strap, Stylish, Sophisticated, Trendy, Designer Purse Exclusive to Milly Kate",Rated 5/5 from 9 Amazon shopper reviews.,https://m.media-amazon.com/images/I/61L590-HxHL._AC_UL1176_.jpg,87.95
Over Earth Genuine Leather Backpack Purse for Women Fashion Leather Rucksack Purse(O605E Indigo Blue),Rated 4.5/5 from 47 Amazon shopper reviews.,https://m.media-amazon.com/images/I/81xaN-cVT8L._AC_SL1500_.jpg,87.68
Loungefly x Disney Rainbow Mickey Mouse Convertible Handbag,Rated 4.9/5 from 42 Amazon shopper reviews.,https://m.media-amazon.com/images/I/71mmftk7nlL._AC_UL1475_.jpg,87.64
ALTOSY Fashion Genuine Leather Backpack Purse for Women Shoulder Bag Casual Daypack Small,Rated 4.7/5 from 259 Amazon shopper reviews.,https://m.media-amazon.com/images/I/81aiqBABZBL._AC_UL1500_.jpg,87.38
"The Sak Back to Bali 120 Hobo in Crochet, Large Shoulder Purse with Single Strap, Aqua Multi Ragam",Rated 4.2/5 from 12 Amazon shopper reviews.,https://m.media-amazon.com/images/I/51sHXnAgNXL._AC_.jpg,87.35
SHESTORY Genuine Oiled Cow Leather Women Tote Retro Shoulder Bag Purse,Rated 4.2/5 from 9 Amazon shopper reviews.,https://m.media-amazon.com/images/I/51DKIMj7J9L._AC_UL1200_.jpg,87.34
"Real Leather Satchel Handbags for Women, Ladies Crocodile Top-handle Shoulder Bag Tote Purses",Rated 4.3/5 from 88 Amazon shopper reviews.,https://m.media-amazon.com/images/I/612X40JzKUL._AC_UL1001_.jpg,87.02
"LeSportsac Coconut Grove Classic Hobo Crossbody Bag + Cosmetic Bag, Style 7520/Color F651, Tropical Paradise - Pelicans, Peacocks, Parrots & Vibrant Flowers, Navy/Turquoise 2 Tone Strap",Rated 5/5 from 6 Amazon shopper reviews.,https://m.media-amazon.com/images/I/817DJPpqj0L._AC_UL1500_.jpg,87.00
"ZLYC Women Bohemian Dip Dye Leather Fringe Bag Pouch Tribal Tassel Cross Body Bag Purse, Brown",Rated 3.1/5 from 62 Amazon shopper reviews.,https://m.media-amazon.com/images/I/71Ty70jh-zL._AC_UL1500_.jpg,86.99
Montana West Western Tote Bag for Women Fringe Collection Handbag Conceal Carry Purse with Wallet,Rated 4.6/5 from 17 Amazon shopper reviews.,https://m.media-amazon.com/images/I/71Q5WGFpBcL._AC_UL1500_.jpg,86.99
The Sak Oleta Clutch,Rated 4.6/5 from 14 Amazon shopper reviews.,https://m.media-amazon.com/images/I/91wJtyWGfLL._AC_UL1500_.jpg,86.99
"Genuine Leather Handbags for Women, Top Handle Big Capacity Tote Bag Womens Designer Shoulder Purses",Rated 4.2/5 from 110 Amazon shopper reviews.,https://m.media-amazon.com/images/I/71doXSUNOCL._AC_UL1200_.jpg,86.99
Blazin Roxx Women's Western Vanessa Conceal Carry Messenger Bag Brown One Size,Rated 2.7/5 from 2 Amazon shopper reviews.,https://m.media-amazon.com/images/I/61tgyrkjZiL._AC_UL1024_.jpg,86.95
"Mary Frances womens Mary Frances Panda Love Crossbody Phone Bag, Multi, One Size US",Rated 5/5 from 6 Amazon shopper reviews.,https://m.media-amazon.com/images/I/91c05JbdNdL._AC_UL1500_.jpg,86.87
Lug Adagio Destination Tote,Rated 4.3/5 from 45 Amazon shopper reviews.,https://m.media-amazon.com/images/I/816s7ixMubL._AC_UL1500_.jpg,86.37
Women Leather Handbag Purse Top Handle Crossbody Shoulder Bag Lady Cowhide Mini Tote Bags,Rated 4.4/5 from 205 Amazon shopper reviews.,https://m.media-amazon.com/images/I/61RSyB+kbzL._AC_UL1200_.jpg,86.03
Turquoise Crystal Evening Clutch Bag Elegant Bride Wedding Party Purse for Women,Rated 3.4/5 from 14 Amazon shopper reviews.,https://m.media-amazon.com/images/I/71iAJSqSrgL._AC_UL1169_.jpg,86.00
BOSTANTEN Women Handbag Genuine Leather Tote Bag Shoulder Purses,"Rated 4.4/5 from 1,067 Amazon shopper reviews.",https://m.media-amazon.com/images/I/71Wx0uZgXkL._AC_UL1500_.jpg,85.99
Boutique De FGG Women Crown Minaudiere Evening Bags Flower Crystal Clutch Purses Wedding Clutch,Rated 4.7/5 from 53 Amazon shopper reviews.,https://m.media-amazon.com/images/I/710-bmpuXqL._AC_UL1000_.jpg,85.99
Boutique De FGG Sparkling Women Crystal Clutch Evening Bags Wedding Party Cocktail Handbag Purse,Rated 4.3/5 from 86 Amazon shopper reviews.,https://m.media-amazon.com/images/I/61U94P7-dxL._AC_UL1000_.jpg,85.99
Halloween Novelty Skull Clutch Women Evening Bags Party Cocktail Crystal Purses and Handbags,Rated 4.7/5 from 124 Amazon shopper reviews.,https://m.media-amazon.com/images/I/715f1FJa28L._AC_UL1000_.jpg,85.99
Boutique De FGG Elegant Crystal Clutches For Women Peacock Clutch Bag Evening Purses and Handbags,Rated 4.6/5 from 73 Amazon shopper reviews.,https://m.media-amazon.com/images/I/71qKdwa1k2L._AC_UL1000_.jpg,85.99
LaGaksta Bria Convertible Leather Backpack Purse - Casual Travel Shoulder Bag (Mustard Yellow),Rated 4.4/5 from 4 Amazon shopper reviews.,https://m.media-amazon.com/images/I/51jPkicU4XL._AC_SL1117_.jpg,85.99
Sparkling 3D Horse Head Shape Women Crystal Clutch Bag Evening Wedding Handbags,Rated 4.6/5 from 22 Amazon shopper reviews.,https://m.media-amazon.com/images/I/71LReclO1xL._AC_UL1000_.jpg,85.99
Dazzling Bling Animal Purses For Women Crystal Clutch Evening Bag Wedding Party Handbag,Rated 4.5/5 from 78 Amazon shopper reviews.,https://m.media-amazon.com/images/I/71rMUocZrsL._AC_UL1100_.jpg,85.99
Boutique De FGG Luxury Women Crystal Clutch Flower Evening Bag Bridal Wedding Purse Party Diamond Handbag,Rated 4.4/5 from 83 Amazon shopper reviews.,https://m.media-amazon.com/images/I/616qmDzJzML._AC_UL1000_.jpg,85.99
MKP Women Fashion Backpack Wallet Purse 4 Sets,Rated 5/5 from 2 Amazon shopper reviews.,https://m.media-amazon.com/images/I/81gYa4k2yCL._AC_SL1500_.jpg,85.99
LAORENTOU Cow Leather Purses and Small Handbag for Women Satchel Tote Bag Ladies Shoulder Bag for Mother's Day,Rated 4.3/5 from 310 Amazon shopper reviews.,https://m.media-amazon.com/images/I/61YHtmk50bL._AC_UL1001_.jpg,85.95
"Osprey Daylite Tote Daypack, Black, One Size",Rated 4.7/5 from 340 Amazon shopper reviews.,https://m.media-amazon.com/images/I/8154ilnrSJL._AC_SL1500_.jpg,85.93
APHISON Peacock Feathers Clutch Purse Women's Leather Long Style Wristlets Wallets (Colorful),Rated 3.7/5 from 4 Amazon shopper reviews.,https://m.media-amazon.com/images/I/51Xa+EUNDJL._AC_SL1200_.jpg,85.90
ALTOSY Mini Genuine Leather Backpack for Women Convertible Backpack Purse Shoulder Handbag Crossbody Bag 4 in 1 to Carry,Rated 4.5/5 from 188 Amazon shopper reviews.,https://m.media-amazon.com/images/I/71wkTJYvRhL._AC_UL1500_.jpg,85.76
Anna by Anuschka Women's Genuine Leather Medium Cross Body Organizer | Zip-Around Handbag,Rated 5/5 from 7 Amazon shopper reviews.,https://m.media-amazon.com/images/I/A1ILt9cvRJL._AC_UL1500_.jpg,85.72
Over Earth Soft Leather Handbags for Women Crossbody Purses Multi Pockets Shoulder Bags Messenger Bag Medium,Rated 4.4/5 from 228 Amazon shopper reviews.,https://m.media-amazon.com/images/I/71C4hZF0qSL._AC_UL1500_.jpg,85.58
"Myra Bag Black & White Shade Cowhide & Leather Tote Bag S-1167, Brown, One Size",Rated 4.3/5 from 28 Amazon shopper reviews.,https://m.media-amazon.com/images/I/71LM-F00CsL._AC_UL1000_.jpg,85.57
"The Sak Womens Ashby Satchel In Leather, Tobacco Snake Multi, One Size US",Rated 3.2/5 from 14 Amazon shopper reviews.,https://m.media-amazon.com/images/I/81+8mt8dIdL._AC_UL1500_.jpg,85.01
SWAROVSKI Crystal Authentic Tarot Bird Multi-Colored Bag Charm - Beautiful Crystal Accessory for Handbags,Rated 5/5 from 1 Amazon shopper reviews.,https://m.media-amazon.com/images/I/61tGbZaZeKL._AC_UL1200_.jpg,85.00
Loungefly Harry Potter Draco Malfoy #7 Cosplay Women's Double Strap Shoulder Bag Purse,Rated 4.9/5 from 74 Amazon shopper reviews.,https://m.media-amazon.com/images/I/61LzvtxXt6L._AC_SL1024_.jpg,85.00
Genuine Leather Crossbody Crossover Bags For Women - Real Leather Shoulder Cross Body Boho Bag,Rated 3/5 from 4 Amazon shopper reviews.,https://m.media-amazon.com/images/I/61FU5MmBb3L._AC_UL1000_.jpg,85.00
Sea Bags Recycled Sail Cloth Shoreline Tie Dye Slim Crossbody Bag Crossbody Bags for Women Travel Purse,Rated 3.5/5 from 5 Amazon shopper reviews.,https://m.media-amazon.com/images/I/51LXakA+XZL._AC_SL1200_.jpg,85.00
Boho Bag Square L| Real Leather | Fringe Purse | Bohemian Bags,Rated 4.4/5 from 47 Amazon shopper reviews.,https://m.media-amazon.com/images/I/61ay152wemL._AC_UL1000_.jpg,85.00
Boho Bag Round L | Real Leather | Fringe Purse | Bohemian Bags,Rated 4.3/5 from 84 Amazon shopper reviews.,https://m.media-amazon.com/images/I/51Anu9oS2AL._AC_UL1000_.jpg,85.00
MYTAGALONGS Commuter Work Tote Bag For Women - Includes a Detachable Shoulder Strap & a Zippered Pouch,Rated 4.2/5 from 10 Amazon shopper reviews.,https://m.media-amazon.com/images/I/51OfqqF0M4L._AC_UL1500_.jpg,85.00
Women's Western Classic Cowhide Tote Bag Shoulder Handbag with Freebie Clutch Shoulder Hand Bag Classical Tote,Rated 4.4/5 from 215 Amazon shopper reviews.,https://m.media-amazon.com/images/I/81GlJ9JmDiS._AC_UL1500_.jpg,84.99
HESHE Women Leather Backpack Casual Daypack Sling Backpack Purse for Ladies,Rated 4.4/5 from 907 Amazon shopper reviews.,https://m.media-amazon.com/images/I/71ufCoT5AhL._AC_UL1100_.jpg,84.99
Miccostumes Women's Game Cosplay Costume Outfit with Gloves Belts and Waist Bag,Rated 4.1/5 from 49 Amazon shopper reviews.,https://m.media-amazon.com/images/I/51cfHxDUThL._AC_UL1000_.jpg,84.99
"CHOLISS Briefcase for Women,15.6"" Laptop Work Tote,Leather Women's Work Handbags Detachable Adjustable Strap",Rated 4.2/5 from 37 Amazon shopper reviews.,https://m.media-amazon.com/images/I/71Li7ExHTuL._AC_UL1500_.jpg,84.99
"Simply Southern, Utility Tote Bag",Rated 4.6/5 from 154 Amazon shopper reviews.,https://m.media-amazon.com/images/I/51zzXQkheIL._AC_UL1202_.jpg,84.99
Loungefly Star Wars Princess Leia Cosplay Womens Double Strap Shoulder Bag Purse,Rated 4.9/5 from 58 Amazon shopper reviews.,https://m.media-amazon.com/images/I/71IPyey-T0L._AC_UL1500_.jpg,84.99
ANTONIO VALERIA Alexis Leather Leather Tote/Top Handle Shoulder Bag for Women,Rated 4.2/5 from 88 Amazon shopper reviews.,https://m.media-amazon.com/images/I/812oIACioCL._AC_UL1500_.jpg,84.99
Loungefly Disney Beauty and the Beast Belle All Over Print Womens Double Strap Shoulder Bag Purse,Rated 4.9/5 from 410 Amazon shopper reviews.,https://m.media-amazon.com/images/I/81gtC7hIRqL._AC_SL1500_.jpg,84.99
Girly HandBags Expandable Italian Suede Leather Shoulder Bag,Rated 4.2/5 from 190 Amazon shopper reviews.,https://m.media-amazon.com/images/I/61dIKiFx2lL._AC_UL1080_.jpg,84.97
Women's Tennis Tote Bag - Glove It - Big Fashion Tote Bag for Women - Womens Large Tote Bags with Zipper & Shoulder Strap - 6 Outside Pockets - Ladies Sport Totes,Rated 4.5/5 from 163 Amazon shopper reviews.,https://m.media-amazon.com/images/I/81cVvJbd3VL._AC_SL1500_.jpg,84.95
Coolcy Women Real Leather Backpack Shoulder Bag,Rated 4.4/5 from 569 Amazon shopper reviews.,https://m.media-amazon.com/images/I/81AJTGVOA4L._AC_UL1200_.jpg,84.95
Loungefly Disney Goofy Cosplay Womens Double Strap Shoulder Bag Purse,Rated 4.9/5 from 442 Amazon shopper reviews.,https://m.media-amazon.com/images/I/611QeQZ+JxL._AC_UL1024_.jpg,84.95
KAVU Puffenduffle Diamond Quilted Cross Body Tote Duffle,Rated 5/5 from 22 Amazon shopper reviews.,https://m.media-amazon.com/images/I/81Fc+OscPmL._AC_SL1500_.jpg,84.95
Myra S1168 Dual Strap Hair On womens Shoulder Bag,Rated 4.2/5 from 55 Amazon shopper reviews.,https://m.media-amazon.com/images/I/61l1tPqdtQL._AC_UL1000_.jpg,84.91
"Kipling Women's Backpack City Pack Mini, Silver (Metallic Glow), 27x29x14 Centimeters (B x H x T)",Rated 4.7/5 from 520 Amazon shopper reviews.,https://m.media-amazon.com/images/I/91kYpgdHeRL._AC_SL1500_.jpg,84.84
"Kipling Women's Erica Crossbody, Jetset Traveller, Small Handbag, Polyester Bag",Rated 4.2/5 from 8 Amazon shopper reviews.,https://m.media-amazon.com/images/I/71bqCSmyeeL._AC_UL1500_.jpg,84.83
The Sak Ashby Satchel in Leather,Rated 4.3/5 from 183 Amazon shopper reviews.,https://m.media-amazon.com/images/I/81rVYR13v4L._AC_UL1500_.jpg,84.65
S-ZONE Women Genuine Leather Tote Bag Shoulder Handbag Vintage Crossbody Purse,Rated 4.6/5 from 202 Amazon shopper reviews.,https://m.media-amazon.com/images/I/81NGHP12MpS._AC_UL1500_.jpg,84.59
Foley + Corinna Slumber Nights Small Dione Satchel,Rated 3/5 from 14 Amazon shopper reviews.,https://m.media-amazon.com/images/I/910HKXw2WNL._AC_UL1500_.jpg,84.42
Stars and Stripes Weekender Overnight Tote Bag,Rated 3.4/5 from 2 Amazon shopper reviews.,https://m.media-amazon.com/images/I/712E3jsSMHL._AC_UL1200_.jpg,84.00
Marsi Bond Designer Womens Handbag - Classic Top Handle Vegan Leather Tote Purse,Rated 3.8/5 from 12 Amazon shopper reviews.,https://m.media-amazon.com/images/I/81Dc7q+M8HL._AC_UL1500_.jpg,84.00
S-ZONE Medium Women Genuine Leather Tote Bag Ladies Shoulder Purse Handbag Big Front Pocket,Rated 4.4/5 from 320 Amazon shopper reviews.,https://m.media-amazon.com/images/I/81TF1c+zOsL._AC_UL1500_.jpg,83.99
Kattee Genuine Leather Handbags Tote Shoulder Bag for Woman Satchel Designer Purse Top Handles Crossbody Bag Large Capacity,"Rated 4.5/5 from 4,727 Amazon shopper reviews.",https://m.media-amazon.com/images/I/61FdkmAFMiL._AC_UL1000_.jpg,83.99
Yohora Women’s Genuine Leather Tote Bag Large Capacity Top Handle Handbag with Zipper Pocket Retro Shoulder Purse Wallet,Rated 5/5 from 1 Amazon shopper reviews.,https://m.media-amazon.com/images/I/51psS4-GLmL._AC_UL1001_.jpg,83.99
"Lite Gear Hybrid Rolling Tote, Black, One Size",Rated 3.4/5 from 6 Amazon shopper reviews.,https://m.media-amazon.com/images/I/81PjkxFHqTL._AC_SL1500_.jpg,83.90
CG Costume Women's Rey Dress Bag Belt Fancy Cosplay Costume,Rated 3.9/5 from 35 Amazon shopper reviews.,https://m.media-amazon.com/images/I/513wKL+lHXL._AC_UL1001_.jpg,83.90
Kipling Women's Cool Defea Shoulder Bag,Rated 4.6/5 from 171 Amazon shopper reviews.,https://m.media-amazon.com/images/I/716F005+lIL._AC_UL1500_.jpg,83.51
"Kipling Women's City Pack Backpack, All-Day Versatile Daypack, Red Rouge, Medium",Rated 4.7/5 from 130 Amazon shopper reviews.,https://m.media-amazon.com/images/I/912scVa4rcL._AC_SL1500_.jpg,83.30
"Kipling Women's Challenger Backpack, Spacious Interior, Padded Shoulder Straps, Accessories Organizer, Nylon Bag, Black Tonal, 10.25"" L x 14.25"" H x 8.25"" D",Rated 4.2/5 from 11 Amazon shopper reviews.,https://m.media-amazon.com/images/I/618YWE70JZL._AC_SL1500_.jpg,83.00
"RTIC Multipurpose Large Waterproof Tote Bag for Beach, Pool Towel, Boat, Grocery Shopping, Camping, Picnic, Travel, Puncture Proof, Grey",Rated 4.7/5 from 26 Amazon shopper reviews.,https://m.media-amazon.com/images/I/31ETaEUNZ-L._AC_.jpg,82.99
"Queenoris Soft Leather Purses and Handbags for Women, Medium Shoulder Bags Organizer Top Handle Satchel",Rated 4.4/5 from 229 Amazon shopper reviews.,https://m.media-amazon.com/images/I/91up-+5rg6L._AC_UL1500_.jpg,82.99
MOSSMON Formal Rhinestone Crystal Clutch Evening Wedding Bag For Women,Rated 4.7/5 from 70 Amazon shopper reviews.,https://m.media-amazon.com/images/I/91DhtdZLFML._AC_UL1500_.jpg,82.99
MOSSMON Luxury Crystal Clutch Women Rhinestone Evening Bag for Party and Wedding,Rated 4.4/5 from 68 Amazon shopper reviews.,https://m.media-amazon.com/images/I/81IrrhOy-WL._AC_UL1500_.jpg,82.99
MOSSMON Luxury Crystal Clutch Rhinestones Evening Bag,Rated 4.3/5 from 46 Amazon shopper reviews.,https://m.media-amazon.com/images/I/812yNhO+gQL._AC_UL1500_.jpg,82.99
The Sak Riviera Tote,Rated 4.5/5 from 490 Amazon shopper reviews.,https://m.media-amazon.com/images/I/91X5QHirLYL._AC_UL1500_.jpg,82.99
MOSSMON Peacock Luxury Rhinestone Crystal Evening Clutch Bag Sparkly Bride Wedding Party Purses for Women,Rated 4.6/5 from 147 Amazon shopper reviews.,https://m.media-amazon.com/images/I/91Fd2Pds1JL._AC_UL1500_.jpg,82.99
DEBIMY Ladies Elegant Formal Evening Bag Sparkly Clutch Glittering Rhinestone Crystal Handbag and Purse for Wedding Party,Rated 5/5 from 2 Amazon shopper reviews.,https://m.media-amazon.com/images/I/515G2KE9DNL._AC_UL1001_.jpg,82.99
MOSSMON Crystal Evening Clutch Purses Formal Bride Wedding Party Evening Bag for Women,Rated 4.5/5 from 5 Amazon shopper reviews.,https://m.media-amazon.com/images/I/81umrCS939L._AC_UL1200_.jpg,82.99
MOSSMON Crystal Clutch Women Luxury Rhinestone Evening Bag,Rated 4.6/5 from 29 Amazon shopper reviews.,https://m.media-amazon.com/images/I/816Znf2fHgL._AC_UL1500_.jpg,82.99
"DGAZ Purse Organizer Silky Smooth,Silk ,Luxury Handbag Tote in Bag Shapers , Women- Fits Birkin25/30/35/40 Bags (Black, BK30)",Rated 4.9/5 from 175 Amazon shopper reviews.,https://m.media-amazon.com/images/I/71-XS+TvbwL._AC_SL1500_.jpg,82.90
"Lug Women's Vegan Faux Leather Crossbody Bag-Pacer VL, Copper Brown, Large",Rated 3.9/5 from 6 Amazon shopper reviews.,https://m.media-amazon.com/images/I/81zmsizg91L._AC_SL1500_.jpg,82.29
Katie Loxton Brooke Square Womens Large Vegan Leather Zippered Top Handle Backpack Charcoal,Rated 4.3/5 from 20 Amazon shopper reviews.,https://m.media-amazon.com/images/I/81LGAtraI3S._AC_SL1500_.jpg,82.25
Loungefly x DC Comics Wonder Woman 1984 Cosplay Mini Backpack,Rated 4.9/5 from 510 Amazon shopper reviews.,https://m.media-amazon.com/images/I/41FXyIlJDPL._AC_.jpg,82.12
Vintage Kiss Lock Purses and Handbags Crossbody Bag/Made in Japan Japanese Evening Clutch Buckle Purse Shoulder/for Woman,Rated 4.2/5 from 27 Amazon shopper reviews.,https://m.media-amazon.com/images/I/71pK9vHwRxL._AC_UL1500_.jpg,82.00
Baggallini Helsinki Crossbody Hobo,Rated 4.5/5 from 34 Amazon shopper reviews.,https://m.media-amazon.com/images/I/A1zCrFcP+qL._AC_UL1500_.jpg,82.00
Maika Recycled Canvas Carryall Tote Bag,Rated 4.2/5 from 7 Amazon shopper reviews.,https://m.media-amazon.com/images/I/512eRWYim9L._AC_.jpg,82.00
S-ZONE Medium Women Vintage Genuine Leather Crossbody Bag Shoulder Purse Handbag,Rated 4.4/5 from 89 Amazon shopper reviews.,https://m.media-amazon.com/images/I/81ThzViN4JS._AC_UL1500_.jpg,81.99
Trendeology Authentic Frida Kahlo PU Leather Cactus Flower 2 in 1 Dome Satchel Bag Purse,Rated 5/5 from 33 Amazon shopper reviews.,https://m.media-amazon.com/images/I/71h7xxQhw1L._AC_UL1000_.jpg,81.99
Lady Conceal Concealed Carry Purse for Women - Hailey Crossbody with Locking YKK Concealment & Universal Holster for Gun,Rated 4.3/5 from 238 Amazon shopper reviews.,https://m.media-amazon.com/images/I/81dz4o6AZeL._AC_UL1500_.jpg,81.95
Lady Conceal Concealed Carry Purse for Gun - Locking Sophia Stitched Tote with Universal Holster,Rated 4.2/5 from 74 Amazon shopper reviews.,https://m.media-amazon.com/images/I/81H1DwkT9xL._AC_SL1500_.jpg,81.95
CHERISH KISS Leather Purses and Handbags for Women Shoulder Bags Tote Purse,Rated 4.4/5 from 23 Amazon shopper reviews.,https://m.media-amazon.com/images/I/71uFCJJqoVL._AC_UL1500_.jpg,81.86
Mancini Leather Goods Casablanca Collection: Ladies’ RFID Double Zipper Clutch,Rated 4/5 from 27 Amazon shopper reviews.,https://m.media-amazon.com/images/I/91bQ0D+3qUL._AC_UL1500_.jpg,81.72
"Kipling Women's City Pack Backpack, All-Day Versatile Daypack, School Bag, Blue Bleu 2, Medium",Rated 4.5/5 from 166 Amazon shopper reviews.,https://m.media-amazon.com/images/I/91KEPKGu+hL._AC_SL1500_.jpg,81.62
"Loungefly Disney Pixar Up Working Buddies Womens Double Strap Shoulder Bag Purse,One Size",Rated 4.9/5 from 287 Amazon shopper reviews.,https://m.media-amazon.com/images/I/41IkG0O2eqL._AC_.jpg,81.24
Tarini Women's Shoulder Tote Leather Boho One Size Brown,Rated 5/5 from 1 Amazon shopper reviews.,https://m.media-amazon.com/images/I/61wdCs+TW-L._AC_UL1344_.jpg,81.00
OGIO Hamptons Tote Tote,Rated 4.5/5 from 371 Amazon shopper reviews.,https://m.media-amazon.com/images/I/71b4l6zbzLL._AC_UL1500_.jpg,80.86
Gusti Leder nature Anna Genuine Leather Handbag Shoulder Cross Body Everyday Party Festival City Vintage Bag Unisex Brown H5,Rated 4.3/5 from 116 Amazon shopper reviews.,https://m.media-amazon.com/images/I/81HGvEDcDjL._AC_UL1500_.jpg,80.41
"Travelon Convertible Backpack/Tote Bag, Black, one Size",Rated 4.3/5 from 123 Amazon shopper reviews.,https://m.media-amazon.com/images/I/71BreRzYm3L._AC_SL1500_.jpg,80.40
Loungefly Marvel Groot Cosplay Womens Double Strap Shoulder Bag Purse,Rated 4.9/5 from 79 Amazon shopper reviews.,https://m.media-amazon.com/images/I/81-4Y1lwc0L._AC_UL1500_.jpg,80.00
Loungefly Sanrio Hello Kitty Pastel Women's Double Strap Shoulder Bag Purse,Rated 4.6/5 from 31 Amazon shopper reviews.,https://m.media-amazon.com/images/I/61nL2bIBSWL._AC_UL1024_.jpg,80.00
Loungefly Disney Mickey Minnie Mouse Donald Daisy Mini Backpack Handbag White,Rated 4.8/5 from 121 Amazon shopper reviews.,https://m.media-amazon.com/images/I/81-zrdpLdIS._AC_SL1420_.jpg,80.00
Loungefly Sanrio Glow in the Dark Kuromi and Baku female Backpack,Rated 4.8/5 from 31 Amazon shopper reviews.,https://m.media-amazon.com/images/I/61XTOozpQiL._AC_UL1024_.jpg,80.00
"Loungefly Women's Disney Bambi, Thumper and Flower Backpack",Rated 5/5 from 37 Amazon shopper reviews.,https://m.media-amazon.com/images/I/71E4h42uWbL._AC_UL1024_.jpg,80.00
Loungefly Disney Vampire Stitch Bowtie Womens Double Strap Shoulder Bag Purse,Rated 4.9/5 from 171 Amazon shopper reviews.,https://m.media-amazon.com/images/I/91oWgvU+zyL._AC_SL1500_.jpg,80.00
Loungefly Looney Tunes Bugs Bunny Cosplay Womens Double Strap Shoulder Bag Purse,Rated 4.8/5 from 207 Amazon shopper reviews.,https://m.media-amazon.com/images/I/51gIGBvxsFL._AC_SL1000_.jpg,80.00
Frida Kahlo Licensed Flower Collection Handbag,Rated 4.7/5 from 10 Amazon shopper reviews.,https://m.media-amazon.com/images/I/61D4qsAv7XL._AC_UL1010_.jpg,80.00
Loungefly Disney Belle Flowers Faux Leather Womens Double Strap Shoulder Bag Purse,Rated 4.8/5 from 277 Amazon shopper reviews.,https://m.media-amazon.com/images/I/71wDambU45L._AC_UL1465_.jpg,79.99
GUESS Women's Daly Signature Logo Tote,Rated 4.5/5 from 3 Amazon shopper reviews.,https://m.media-amazon.com/images/I/71wSVw0vjYL._AC_UL1500_.jpg,79.99
"Lily Bloom Pattern Handbag for Women, Large Capacity Tote Bag Satchel Shoulder Bag",Rated 4.3/5 from 67 Amazon shopper reviews.,https://m.media-amazon.com/images/I/81JmA4OcQjL._AC_SL1500_.jpg,79.99
Seammer Large Leather Tote Bag for Women 16.54 Inch Shoulder Zipper Purses and Handbags,Rated 4.3/5 from 50 Amazon shopper reviews.,https://m.media-amazon.com/images/I/8191GfvFCBL._AC_UL1500_.jpg,79.99
QSCESICO Beach Bag Rubber Tote Bag - Waterproof Sandproof Tote Bags Outdoor Fashion Portable Handbag for Sports (Navy Blue),Rated 1/5 from 1 Amazon shopper reviews.,https://m.media-amazon.com/images/I/51Tc-0+74VL._AC_UL1500_.jpg,79.99
Loungefly Disney Lilo and Stitch Allover Print Womens Double Strap Shoulder Bag Purse,Rated 4.9/5 from 22 Amazon shopper reviews.,https://m.media-amazon.com/images/I/81xGbEo6oBL._AC_UL1500_.jpg,79.99
Bulk Drawstring Backpack Bags Sack Pack Cinch Bag Tote Sport Storage for Gym Traveling,Rated 4.3/5 from 6 Amazon shopper reviews.,https://m.media-amazon.com/images/I/71PhZxNnPPL._AC_UL1266_.jpg,79.99
Loungefly x Disney The Little Mermaid Dinglehopper Handbag,Rated 4.7/5 from 251 Amazon shopper reviews.,https://m.media-amazon.com/images/I/51MJlxKxxRL._AC_UL1024_.jpg,79.99
LiaTalia Womens Shoulder Bag - Soft Grained Leather - Medium Size Hobo Handbag Purse Made with 100% Italian Leather - ADAL,Rated 4.1/5 from 357 Amazon shopper reviews.,https://m.media-amazon.com/images/I/91Hp72c+KTL._AC_UL1500_.jpg,79.99
Loungefly Star Wars The Clone Wars Lightsabers Womens Double Strap Shoulder Bag Purse,Rated 5/5 from 4 Amazon shopper reviews.,https://m.media-amazon.com/images/I/81MdzjoP0tL._AC_UL1500_.jpg,79.99
LiaTalia Womens Fringe Handbag - Real Italian Suede Leather - Tassle Effect Shoulder Bag - (Large Size) - ASHLEY,Rated 4.1/5 from 235 Amazon shopper reviews.,https://m.media-amazon.com/images/I/91HfEFKiHVL._AC_UL1500_.jpg,79.99
OGIO 2020 XIX Women's Tote Bag,Rated 4.4/5 from 16 Amazon shopper reviews.,https://m.media-amazon.com/images/I/71vthF99QKL._AC_UL1500_.jpg,79.99
RUSTIC TOWN Leather Shoulder Bag for Women - Washed Leather Travel Sling Bag Crossbody Hobo Handbags Satchel for Ladies,Rated 4.7/5 from 9 Amazon shopper reviews.,https://m.media-amazon.com/images/I/918h7r4MQQL._AC_UL1500_.jpg,79.99
Kattee Genuine Leather Totes for Women Shoulder Bag Top Handle Satchel Purse Set 3pcs 3-in-1,Rated 4.6/5 from 15 Amazon shopper reviews.,https://m.media-amazon.com/images/I/81nqbKlef6L._AC_UL1500_.jpg,79.99
Restyle Dark Side Gothic O-rings & Black Harness Witchcraft Satchel Bag,Rated 4.7/5 from 3 Amazon shopper reviews.,https://m.media-amazon.com/images/I/51WYNtcM5PL._AC_.jpg,79.99
Boutique De FGG Dazzling Flower Evening Bags For Women Formal Party Rhinestone Handbags Wedding Crystal Clutch Purses,Rated 4.6/5 from 124 Amazon shopper reviews.,https://m.media-amazon.com/images/I/71vYE2pfT3L._AC_UL1000_.jpg,79.99
Women Swan Clutch Crystal Evening Bags Wedding Party Dinner Ladies Rhinestone Minaudiere Handbag,Rated 5/5 from 7 Amazon shopper reviews.,https://m.media-amazon.com/images/I/71j8fDZEwXL._AC_UL1000_.jpg,79.99
Kattee Women Soft Genuine Leather Satchel Bags Top Handle Crossbody Purses and Handbags Totes Shoulder Hobo,Rated 4.4/5 from 31 Amazon shopper reviews.,https://m.media-amazon.com/images/I/81pxnUdT6uL._AC_UL1500_.jpg,79.99
Loungefly Disney Princesses Silhouette Faux Leather Womens Double Strap Shoulder Bag Purse,Rated 4.8/5 from 465 Amazon shopper reviews.,https://m.media-amazon.com/images/I/71PEWUx7onL._AC_SL1170_.jpg,79.99
Kipling Felix Large Handbag,Rated 4.6/5 from 22 Amazon shopper reviews.,https://m.media-amazon.com/images/I/71iNowU+ktL._AC_UL1500_.jpg,79.99
Antonio Valeria Emma Croco Print Leather Tote Bag For Women,Rated 3.6/5 from 34 Amazon shopper reviews.,https://m.media-amazon.com/images/I/91b1kieK6kL._AC_UL1500_.jpg,79.99
Pomelo Best Handbags for Women with Multiple Internal Pockets and Embossed Stripe Pattern,Rated 4.5/5 from 87 Amazon shopper reviews.,https://m.media-amazon.com/images/I/71QUI8loLfL._AC_UL1500_.jpg,79.99
Lime & Soda Women’s Handbag - Made of Foam Rubber - EVA bag with Rope Handles - Women Lightweight Tote Bag,Rated 4.4/5 from 157 Amazon shopper reviews.,https://m.media-amazon.com/images/I/51q7THUFOML._AC_UL1318_.jpg,79.99
JW PEI Women's Gabbi Ruched Hobo Handbag,"Rated 4.6/5 from 2,497 Amazon shopper reviews.",https://m.media-amazon.com/images/I/61ENTg+A1-S._AC_UL1500_.jpg,79.99
Wesccimo Genuine Leather Backpack Purse For Women Small Size Black Real Soft Leather Convertible Multiple Pockets Shoulder Bag,Rated 4.4/5 from 21 Amazon shopper reviews.,https://m.media-amazon.com/images/I/81WHHgqx3kL._AC_SL1500_.jpg,79.99
S-ZONE Genuine Leather Tote Bag for Women Large Crossbody Shoulder Work Purses and Handbags,Rated 4.7/5 from 21 Amazon shopper reviews.,https://m.media-amazon.com/images/I/814guQGYvyL._AC_UL1500_.jpg,79.99
LiaTalia Womens Large Italian Suede Leather Single Shoulder Strap Hobo Slouch Bag with Storage Bag - SHAY,Rated 4.3/5 from 94 Amazon shopper reviews.,https://m.media-amazon.com/images/I/91pKuSJcKxL._AC_UL1500_.jpg,79.99
Loungefly Peanuts Snoopy Doghouse Faux Leather Womens Mini Backpack Purse,Rated 4.9/5 from 211 Amazon shopper reviews.,https://m.media-amazon.com/images/I/61duHI4jbOL._AC_SL1024_.jpg,79.99
Lily Bloom Satchel,Rated 4.1/5 from 34 Amazon shopper reviews.,https://m.media-amazon.com/images/I/91Yz7YT1ztL._AC_UL1500_.jpg,79.99
Elephant Evening Clutches Bags Metal Crystal Clutch Minaudiere Wedding Bridal Purses and Handbags,Rated 5/5 from 61 Amazon shopper reviews.,https://m.media-amazon.com/images/I/71U5u2alTQL._AC_UL1000_.jpg,79.99
Loungefly Disney Moana Floral Allover Print Womens Double Strap Shoulder Bag Purse,Rated 4.4/5 from 34 Amazon shopper reviews.,https://m.media-amazon.com/images/I/81EQwqtGcAL._AC_SL1500_.jpg,79.99
"the sak Women's Loyola Mini Convertible Backpack in Leather, Tobacco Floral Embossed, One Size",Rated 4.3/5 from 402 Amazon shopper reviews.,https://m.media-amazon.com/images/I/61fFiTCA3mL._AC_SL1200_.jpg,79.99
"Nicole Miller Teagan 20"" Carry On Satchel (Black)",Rated 5/5 from 4 Amazon shopper reviews.,https://m.media-amazon.com/images/I/A1wUjRoCEPL._AC_SL1500_.jpg,79.99
FEIMINA Women Genuine Leather Messenger Crossbody Handbag Design Embossed Floral Pattern Sling Satchel Shoulder Bag,Rated 3.2/5 from 7 Amazon shopper reviews.,https://m.media-amazon.com/images/I/71e1r1BxvVL._AC_UL1500_.jpg,79.99
HAIKU Women's Virtuoso Crossbody Travel Satchel Handbag,Rated 4.7/5 from 32 Amazon shopper reviews.,https://m.media-amazon.com/images/I/A1gJv+mBVxL._AC_SL1500_.jpg,79.99
"Le Donne Leather Women’s Leather U-Zip Mini Backpack Purse – Full-Grain Colombian Vaquetta Leather, 9.5” x 10.5” x 3.5”, Tan",Rated 4/5 from 65 Amazon shopper reviews.,https://m.media-amazon.com/images/I/61w69RzcxxL._AC_SL1000_.jpg,79.99
HESHE Genuine Leather Purses for Women Shoulder Hobo Bag Crossbody Satchel Handbags Designer Ladies Totes Purse,Rated 4.4/5 from 697 Amazon shopper reviews.,https://m.media-amazon.com/images/I/81SG57P-P8L._AC_UL1500_.jpg,79.99
S-ZONE Women Vintage Genuine Leather Tote Bag Shoulder Purses with Removable Canvas Pouch,Rated 4.9/5 from 16 Amazon shopper reviews.,https://m.media-amazon.com/images/I/71-NZlY5hqL._AC_UL1500_.jpg,79.99
Telena Briefcase for Women 15.6 inch Leather Briefcase Vintage Shoulder Handbag Work Purses,Rated 4.3/5 from 48 Amazon shopper reviews.,https://m.media-amazon.com/images/I/71wJWD0259L._AC_UL1500_.jpg,79.99
Cnoles Leather Backpack Purse For Women Fashion Ladies Vintage Bags Casual College Travel Backpacks Large bag Brown,Rated 4.5/5 from 566 Amazon shopper reviews.,https://m.media-amazon.com/images/I/61sBRfy5Y0L._AC_SL1500_.jpg,79.99
S-ZONE Women Genuine Leather Hobo Bag Crossbody Bucket Purse Vintage Shoulder Handbag with Woven Strap,Rated 4.2/5 from 34 Amazon shopper reviews.,https://m.media-amazon.com/images/I/71u-BfnBqaL._AC_UL1500_.jpg,79.99
Heshe Leather Handbags and Purses for Women Shoulder Bags Hobo Satchel Crossbody Designer Ladies Purse,Rated 4.3/5 from 460 Amazon shopper reviews.,https://m.media-amazon.com/images/I/712OTNJvDNL._AC_UL1500_.jpg,79.99
"J World New York Donna Rolling Tote Bag on Wheels for Women. Laptop Carry-On, Mint Leopard",Rated 4.3/5 from 576 Amazon shopper reviews.,https://m.media-amazon.com/images/I/91kXV6zPsIL._AC_SL1500_.jpg,79.99
Emperiaoutfitters Concealed Carry Purse - Dina Lock Concealed Carry Satchel,Rated 4.5/5 from 632 Amazon shopper reviews.,https://m.media-amazon.com/images/I/81QfkSLLb8L._AC_UL1500_.jpg,79.99
DORIS&JACKY Leather Bucket Tote Bag For Women Medium Hobo Shoulder Purse And Handbags,Rated 4.1/5 from 44 Amazon shopper reviews.,https://m.media-amazon.com/images/I/91uAgWvKs6L._AC_UL1500_.jpg,79.99
S-ZONE Leather Backpack Purses for Women Antitheft Soft Rucksack Ladies Shoulder Bag Medium,"Rated 4.6/5 from 3,959 Amazon shopper reviews.",https://m.media-amazon.com/images/I/81eVG82PSBL._AC_UL1500_.jpg,79.99
S-ZONE Women Soft Genuine Leather Handbag Large Capacity Shoulder Hobo Bag,Rated 4.4/5 from 683 Amazon shopper reviews.,https://m.media-amazon.com/images/I/81aLfN6xNhL._AC_UL1200_.jpg,79.99
Restyle Gothic Raven Moon Magic Spells Book Shape Handbag Black Medium,Rated 4.8/5 from 7 Amazon shopper reviews.,https://m.media-amazon.com/images/I/71T9wi44vNL._AC_UL1500_.jpg,79.99
(36 Pack) Set of 36 Durable Cotton Drawstring Tote Bags,Rated 4.6/5 from 36 Amazon shopper reviews.,https://m.media-amazon.com/images/I/41wGOicohoL._AC_UL1024_.jpg,79.99
HESHE Womens Multi-color Leather Shoulder Bag Hobo Tote Handbag Cross Body Purse,Rated 4.1/5 from 889 Amazon shopper reviews.,https://m.media-amazon.com/images/I/81NUvPeno6L._AC_UL1433_.jpg,79.99
Loungefly Sanrio Hello Kitty Sailor Cosplay Womens Double Strap Shoulder Bag Purse,Rated 5/5 from 4 Amazon shopper reviews.,https://m.media-amazon.com/images/I/71b+CSRP5rL._AC_SL1500_.jpg,79.99
15 inch Vintage Leather Messenger Satchel Bag | Briefcase Laptop Messenger Bag by Aaron Leather (Walnut Brown),Rated 4.5/5 from 743 Amazon shopper reviews.,https://m.media-amazon.com/images/I/81PbqDrzGnL._AC_SL1500_.jpg,79.99
BOSTANTEN Women Designer Handbags Genuine Soft Leather Top Handle Purses and Handbags Satchel Shoulder Bag,Rated 4.1/5 from 624 Amazon shopper reviews.,https://m.media-amazon.com/images/I/61GY5sblrfL._AC_UL1001_.jpg,79.99
Loungefly Disney Mickey and Minnie Mouse Halloween Womens Double Strap Shoulder Bag Purse,Rated 4.7/5 from 117 Amazon shopper reviews.,https://m.media-amazon.com/images/I/815b7YfFxdL._AC_SL1500_.jpg,79.99
"FEIMINA Women's Genuine Leather Handbags,Cowhide Leopard Print Crossbody Shoulder Bags,Crossbody Bags,Adjustable Strap",Rated 5/5 from 2 Amazon shopper reviews.,https://m.media-amazon.com/images/I/61jbiAQBiAL._AC_UL1500_.jpg,79.99
Wesccimo Genuine Leather Backpack Purse For Women Medium Size Black Quilted Real Soft Leather Casual Daypack Backpack,Rated 4.6/5 from 9 Amazon shopper reviews.,https://m.media-amazon.com/images/I/81p+RjtGFeL._AC_SL1500_.jpg,79.99
"Le Donne Leather Handcrafted Classic Hobo Women’s Handbag, 12.5” x 10” x 4.5”",Rated 4.1/5 from 82 Amazon shopper reviews.,https://m.media-amazon.com/images/I/51OYsjGsWSL._AC_UL1001_.jpg,79.99
S-ZONE Women Genuine Leather Backpack Purse Ladies Soft Shoulder Bag College Casual Daypack,Rated 4.1/5 from 24 Amazon shopper reviews.,https://m.media-amazon.com/images/I/81c-N1Xe3ZL._AC_UL1500_.jpg,79.99
"PU Handbag for Women,Vintage Design Embossed Totem Purse Organizer Top-Handle Satchel Handmade Medium Crossbody",Rated 4.1/5 from 192 Amazon shopper reviews.,https://m.media-amazon.com/images/I/810aq6W9A0L._AC_UL1500_.jpg,79.99
Loungefly Star Wars Original Trilogy Womens Double Strap Shoulder Bag Purse,Rated 4.8/5 from 94 Amazon shopper reviews.,https://m.media-amazon.com/images/I/61aAmB06kHL._AC_SL1000_.jpg,79.99
S-ZONE Vintage Genuine Leather Tote Bag for Women Large Shoulder Purse Handbag,"Rated 4.7/5 from 1,169 Amazon shopper reviews.",https://m.media-amazon.com/images/I/81sQa7n34jS._AC_UL1500_.jpg,79.99
PREMIER ARTISANS - Black Textured Leather Evening Clutch - Handmade Clutch Purses For Women - Small Foldover Clutch Purse With Shoulder Strap - Formal Events Going Out - 11 x 2 x 7 Inches,Rated 4.7/5 from 30 Amazon shopper reviews.,https://m.media-amazon.com/images/I/71Mx311k8kL._AC_UL1500_.jpg,79.99
"Kattee Genuine Leather Briefcase for Women, Large Capacity Laptop Bag with Luggage Tag",Rated 4.4/5 from 603 Amazon shopper reviews.,https://m.media-amazon.com/images/I/61qvKgmGugL._AC_UL1000_.jpg,79.99
S-ZONE Women Genuine Leather Laptop Tote Bag Office Shoulder Handbags Briefcase 15.6 inch Computer Work Purse,Rated 4.6/5 from 37 Amazon shopper reviews.,https://m.media-amazon.com/images/I/71ctgFSNUmL._AC_UL1500_.jpg,79.99
MOSSMON Flower Crystal Evening Clutch Bag Elegant Bride Wedding Party Purse for Women,Rated 5/5 from 5 Amazon shopper reviews.,https://m.media-amazon.com/images/I/816jcDXEAtL._AC_UL1200_.jpg,79.99
Wesccimo Genuine Leather Backpack Purse For Women Beige Real Soft Leather Large Rucksack Convertible Shoulder Bag Beige,Rated 4.5/5 from 33 Amazon shopper reviews.,https://m.media-amazon.com/images/I/71Sf-8alfGL._AC_SL1500_.jpg,79.99
"FOXER Satchel Handbags for Women, Genuine Leather Ladies Top-handle Shoulder Bag",Rated 4.3/5 from 9 Amazon shopper reviews.,https://m.media-amazon.com/images/I/618itevAu4L._AC_UL1200_.jpg,79.99
Iswee Retro Leather Women Backpack Small Purse Cute Anti-theft Casual Soft Travel Daypack Bag (Coffee),Rated 4.9/5 from 10 Amazon shopper reviews.,https://m.media-amazon.com/images/I/91b14SBuEwL._AC_SL1500_.jpg,79.99
Aaron Leather Goods Genuine Leather Shoulder Office Tote Bag for Women,Rated 4.2/5 from 21 Amazon shopper reviews.,https://m.media-amazon.com/images/I/81SRsCedPvL._AC_UL1500_.jpg,79.98
"PENTAGRAM HOBO BAG - Black, harness Purse, occult, black fashion",Rated 3.9/5 from 15 Amazon shopper reviews.,https://m.media-amazon.com/images/I/61IogEgIYlL._AC_UL1001_.jpg,79.98
WalletBe Women's Wallet Crossbody RFID Cell Phone Purse Blue Denim,Rated 4.6/5 from 3 Amazon shopper reviews.,https://m.media-amazon.com/images/I/817QI1L8WNL._AC_SL1500_.jpg,79.95
rofozzi Mini Barrel Handbag for Women - Small Faux Leather Crossbody Bag with Top Handles - Multi-Compartment Shoulder Tote - Water-Resistant Easy to Clean Vegan Leather Purse - Birthday Gift,Rated 4.1/5 from 52 Amazon shopper reviews.,https://m.media-amazon.com/images/I/71CGXI2DQ6L._AC_UL1500_.jpg,79.95
Skog Å Kust ToteSak Waterproof Tote Beach Bag with Airtight Zipper,Rated 4.4/5 from 202 Amazon shopper reviews.,https://m.media-amazon.com/images/I/91GzrcBMYEL._AC_UL1500_.jpg,79.95
New vintage Women Real Genuine Leather Backpack Purse SchoolBag by Coolcy,Rated 4.6/5 from 549 Amazon shopper reviews.,https://m.media-amazon.com/images/I/71xJ2X2T4LL._AC_UL1230_.jpg,79.95
Restyle Gothic Occult Punk Lunar Moon Hip Holster Bag Festival Handbag Pouch,Rated 3.5/5 from 14 Amazon shopper reviews.,https://m.media-amazon.com/images/I/61shw5BtLOL._AC_UL1005_.jpg,79.95
WalletBe Women's Wallet RFID Cell Phone Purse Leather Crossbody with Accordion Croco,Rated 5/5 from 2 Amazon shopper reviews.,https://m.media-amazon.com/images/I/815CaBzJGDL._AC_UL1500_.jpg,79.95
Loungefly Minnie Mouse Maroon Quilted Womens Double Strap Shoulder Bag Purse,Rated 4.9/5 from 990 Amazon shopper reviews.,https://m.media-amazon.com/images/I/71K12An9dtL._AC_SL1280_.jpg,79.95
"Lewis N. Clark Women's Secura Anti-Theft Messenger Shoulder Bag, Onyx",Rated 4.2/5 from 17 Amazon shopper reviews.,https://m.media-amazon.com/images/I/811VDDcAX9L._AC_SL1500_.jpg,79.95
kreepsville 666 Elvira Women's Spiderweb Handbag Macabre Mobile Black Collection Purse,Rated 4.6/5 from 18 Amazon shopper reviews.,https://m.media-amazon.com/images/I/51wyGuSGk-S._AC_UL1000_.jpg,79.95
WalletBe Women's Wallet RFID Cell Phone Purse Leather Crossbody with Accordion Pebbled,Rated 5/5 from 2 Amazon shopper reviews.,https://m.media-amazon.com/images/I/71imkPLx8sL._AC_UL1500_.jpg,79.95
Iswee Vintage Leather Backpack Purse for Women Shoulder Bag Anti Theft Casual Daypack Travel Bags Crossbody Backpack,Rated 4.1/5 from 175 Amazon shopper reviews.,https://m.media-amazon.com/images/I/91kjF4PCwzL._AC_UL1500_.jpg,79.90
Loungefly Disney Princess Books All Over Print Womens Double Strap Shoulder Bag Purse,Rated 4.9/5 from 204 Amazon shopper reviews.,https://m.media-amazon.com/images/I/71gcdNN7aQS._AC_SL1000_.jpg,79.90
Ainifeel Women's Crocodile Genuine Leather Crossbody Bags With Tassel Zipper Pocket Patent leather Bags,Rated 4.3/5 from 11 Amazon shopper reviews.,https://m.media-amazon.com/images/I/61hNyeSfHGL._AC_UL1300_.jpg,79.90
Over Earth Leather Handbags for Women Small Hobo Shoulder Bag Ladies Crossbody Purse,Rated 4.4/5 from 717 Amazon shopper reviews.,https://m.media-amazon.com/images/I/71Py-Gg7-UL._AC_UL1500_.jpg,79.89
Over Earth Genuine Leather Shoulder Bag Small Crossbody Handbags for Women Ladies Purse,Rated 4.5/5 from 252 Amazon shopper reviews.,https://m.media-amazon.com/images/I/61YJaDT1HxL._AC_UL1500_.jpg,79.78
Simply Southern Simply Large Tote Sun,"Rated 4.6/5 from 1,928 Amazon shopper reviews.",https://m.media-amazon.com/images/I/41haHM9o22L._AC_SL1024_.jpg,79.75
DIOPHY Genuine Leather Floral Studded Décor Medium Top Handle Womens Purse Handbag 150388,Rated 5/5 from 1 Amazon shopper reviews.,https://m.media-amazon.com/images/I/71c14Y2+4cL._AC_UL1172_.jpg,79.59
"Piel Leather Open Tote/Cross Body Bag, Toffee, One Size",Rated 4/5 from 4 Amazon shopper reviews.,https://m.media-amazon.com/images/I/61Esaik4T4L._AC_SL1000_.jpg,79.55
Corkor Cork RFID Long Wallet – Women’s Clutch - RFID Blocking - Vegan Leather – Cruelty Free – Eco Friendly - Brown,Rated 4.3/5 from 25 Amazon shopper reviews.,https://m.media-amazon.com/images/I/71-Dv4CRgDL._AC_SL1001_.jpg,79.50
Over Earth Crossbody Bag for Women Soft Leather Purses and Handbags Multi Pockets Messenger Bag,Rated 4.2/5 from 103 Amazon shopper reviews.,https://m.media-amazon.com/images/I/817Z0WR623L._AC_UL1500_.jpg,79.37
S-ZONE Genuine Leather Tote Bag for Women Work Shoulder Crossbody Purses Handbag with Outside Pockets,Rated 4.6/5 from 59 Amazon shopper reviews.,https://m.media-amazon.com/images/I/71jTphlL-KL._AC_UL1500_.jpg,79.19
"Kipling Women’s Abanu Medium Crossbody Bag, Lightweight, Adjustable Nylon Waist Pack with Multi-Compartment Zip Pockets",Rated 4.4/5 from 141 Amazon shopper reviews.,https://m.media-amazon.com/images/I/81I+xbnxnwL._AC_UL1500_.jpg,79.05
"Sakroots New Adventure Hobo Shoulder & Crossbody Bag, Stylish & Roomy Purse, Made from Recycled Materials",Rated 4.2/5 from 82 Amazon shopper reviews.,https://m.media-amazon.com/images/I/518YyixyeQL._AC_UL1200_.jpg,79.00
FINILUO women luxury real lamb/mongolian flush wool fur handbag…,Rated 4.3/5 from 141 Amazon shopper reviews.,https://m.media-amazon.com/images/I/61hNBvckEzL._AC_UL1208_.jpg,79.00
Loungefly Disney Minnie Mouse Polka Dot Womens Double Strap Shoulder Bag Purse,Rated 4.9/5 from 323 Amazon shopper reviews.,https://m.media-amazon.com/images/I/61R50wno+DL._AC_SL1024_.jpg,79.00
"Kipling Women's Benci True Blue Crossbody Camera Bag, One Size",Rated 4.6/5 from 21 Amazon shopper reviews.,https://m.media-amazon.com/images/I/91BEHDX-GjL._AC_SL1500_.jpg,79.00
Sakroots Metro Tote Bag,Rated 4.8/5 from 32 Amazon shopper reviews.,https://m.media-amazon.com/images/I/91R48b0zPkL._AC_UL1500_.jpg,79.00
Kathy Van Zeeland Designer Handbag 16 Inch Dowel Bag Lightweight Travel Overnight Work Purse for Women,Rated 4.5/5 from 107 Amazon shopper reviews.,https://m.media-amazon.com/images/I/71ln8foU4SL._AC_UL1486_.jpg,79.00
"Joy Mangano Leather Tote, Cognac",Rated 3.3/5 from 10 Amazon shopper reviews.,https://m.media-amazon.com/images/I/612zMGAmkcL._AC_SL1101_.jpg,79.00
"Kipling Women’s Sebastian Crossbody, Super Light, Durable Messenger, Nylon Shoulder Bag",Rated 4.7/5 from 201 Amazon shopper reviews.,https://m.media-amazon.com/images/I/A1ZqXDsJgvL._AC_UL1500_.jpg,79.00
"Kipling Women’s Atlez Duo Crossbody Bag and Pouch Set, Includes Holiday Gifting Box, Lightweight Nylon Travel Kit",Rated 4.9/5 from 16 Amazon shopper reviews.,https://m.media-amazon.com/images/I/A1AZrokhJ5L._AC_UL1500_.jpg,79.00
Cosplay.fm Women's Flowers Cosplay Costume Cargo Dress Outfit with Star Circle Messenger Bag,Rated 4/5 from 12 Amazon shopper reviews.,https://m.media-amazon.com/images/I/61yP1RumsPL._AC_UL1500_.jpg,78.99
AINIMOER Womens Genuine Leather Vintage Tote Shoulder Bag Top-handle Crossbody Handbags Large Capacity Ladies' Purse,Rated 4.2/5 from 331 Amazon shopper reviews.,https://m.media-amazon.com/images/I/711cSn-EwXL._AC_UL1274_.jpg,78.99
Tngan Women Mini Fish Clutch Luxury Rhinestones Purse Sparkling Banquet Handbag Wedding Party Clutch Bag,Rated 4.4/5 from 13 Amazon shopper reviews.,https://m.media-amazon.com/images/I/71cGNrefToL._AC_UL1166_.jpg,78.99
Iswee Genuine Leather Shoulder Bags Purse Totes Hobo Bucket Handbags for Women,"Rated 4.3/5 from 1,367 Amazon shopper reviews.",https://m.media-amazon.com/images/I/912WZd1xDTL._AC_UL1500_.jpg,78.99
S-ZONE Women Genuine Leather Handbag Work Tote Shoulder Purse Crossbody Bag,"Rated 4.4/5 from 1,157 Amazon shopper reviews.",https://m.media-amazon.com/images/I/81Q18n6ws4L._AC_UL1500_.jpg,78.99
Frida Kahlo Licensed Flower Collection Handbag (Black),Rated 4.2/5 from 12 Amazon shopper reviews.,https://m.media-amazon.com/images/I/718+dXC+LDL._AC_UL1025_.jpg,78.99
JW PEI Women's Carly Saddle Bag,Rated 4.4/5 from 180 Amazon shopper reviews.,https://m.media-amazon.com/images/I/51tNw54e3UL._AC_UL1500_.jpg,78.99
Zinda Genuine Leathers Women’s Handbag Tote Shopper Shoulder Bag Large,Rated 5/5 from 2 Amazon shopper reviews.,https://m.media-amazon.com/images/I/51nqPnnLOCL._AC_UL1500_.jpg,78.99
Woven Tote Bag + Purse Women Neoprene Tote Handbag Fashion Large Shoulder Top-Handle Travel Bag Underarm Shopper Bag,Rated 4.2/5 from 37 Amazon shopper reviews.,https://m.media-amazon.com/images/I/61vtCcslVmL._AC_UL1500_.jpg,78.98
Alavor Women’s RFID Blocking Genuine Leather Clutch Wallet Card Holder Purse,Rated 4.1/5 from 288 Amazon shopper reviews.,https://m.media-amazon.com/images/I/716GZ+7vbQL._AC_UL1100_.jpg,78.98
"THE NORTH FACE Borealis Laptop Tote Backpack, Evening Sand Pink/Asphalt Grey, One Size",Rated 4.6/5 from 431 Amazon shopper reviews.,https://m.media-amazon.com/images/I/81IrfKu2SrL._AC_SL1500_.jpg,78.95
Loungefly Disney Sleeping Beauty Collector Pin Womens Double Strap Shoulder Bag Purse,Rated 4.7/5 from 88 Amazon shopper reviews.,https://m.media-amazon.com/images/I/51yG4hGmy-L._AC_.jpg,78.95
BRIRT Tote Bag for Women Large Canvas Simple Vintage Shoulder Bag Genuine Leather Retro Handbags,Rated 4.7/5 from 5 Amazon shopper reviews.,https://m.media-amazon.com/images/I/71FE5drS1mL._AC_UL1500_.jpg,78.95
ARIAT Women's Victoria Clutch - A770009702,Rated 4.3/5 from 4 Amazon shopper reviews.,https://m.media-amazon.com/images/I/71ZvTBcwwbL._AC_UL1500_.jpg,78.95
LAORENTOU Women Soft Leather Backpack Cowhide Antitheft Rucksack Ladies Shoulder Bag Medium,Rated 4.5/5 from 26 Amazon shopper reviews.,https://m.media-amazon.com/images/I/41sACneKwtL._AC_.jpg,78.89
CHERISH KISS Womens Soft Leather Handbags Tote Bag Shoulder Bags Top Handle Satchel Ladies Crossbody Purse,Rated 4.7/5 from 8 Amazon shopper reviews.,https://m.media-amazon.com/images/I/81syEp7UoKL._AC_UL1500_.jpg,78.87
15 Colors Real Soft 100% Genuine Leather Women Backpack Fashion Ladies Travel Bag Preppy Style For Woman (Pure White),Rated 4.5/5 from 111 Amazon shopper reviews.,https://m.media-amazon.com/images/I/41uddJTBPFS._AC_SL1000_.jpg,78.80
Baggallini Essential Mini Backpack Purse for Women - Built-in RFID Card Holder - Convertible Sling Bag with Adjustable Shoulder Strap,Rated 4.8/5 from 60 Amazon shopper reviews.,https://m.media-amazon.com/images/I/815-7BnIiCL._AC_SL1500_.jpg,78.00
Anna by Anuschka Hand Painted Women’s Genuine Leather Ladies Checkbook Clutch Wallet,Rated 4.7/5 from 107 Amazon shopper reviews.,https://m.media-amazon.com/images/I/91Lqx1kSztL._AC_UL1500_.jpg,78.00
"Piquadro Coin Purse, Night Blue, 12cm",Rated 4.5/5 from 161 Amazon shopper reviews.,https://m.media-amazon.com/images/I/6192PvjmyUL._AC_SL1000_.jpg,78.00
Marsi Bond Vegan Extra Large Carry All Tote- Fashionable Smooth Faux leather Shoulder Bag,Rated 3.9/5 from 10 Amazon shopper reviews.,https://m.media-amazon.com/images/I/91fpniw-6WL._AC_UL1500_.jpg,78.00
Lily Bloom Triple Section Landon Multi-Purpose Satchel Bag,Rated 4.6/5 from 116 Amazon shopper reviews.,https://m.media-amazon.com/images/I/51JmarT6gEL._AC_UL1132_.jpg,78.00
Loungefly Disney Pixar Turning Red Cosplay Womens Double Strap Shoulder Bag Purse,Rated 4.9/5 from 227 Amazon shopper reviews.,https://m.media-amazon.com/images/I/61wId49wcaL._AC_SL1000_.jpg,78.00
Luv Betsey Amelia Satchel White/Pink One Size,Rated 5/5 from 9 Amazon shopper reviews.,https://m.media-amazon.com/images/I/81WmNNK175L._AC_UL1500_.jpg,78.00
AINIMOER BIG SALE Womens Leather Vintage Shoulder Bag Ladies Handbags Large Tote Top-handle Purse Cross Body Bags,Rated 3.5/5 from 40 Amazon shopper reviews.,https://m.media-amazon.com/images/I/71hm4PMwv6L._AC_UL1500_.jpg,78.00
Fashion Tassels Women's Zipper Cowhide Genuine Leather Handbag Shoulder Bag Purse Satchel,Rated 4.4/5 from 19 Amazon shopper reviews.,https://m.media-amazon.com/images/I/61F08wDCcIL._AC_UL1000_.jpg,77.80
zency 6 Colors Fashion 100% Real Genuine Leather Women Shoulder Bag Handbag Lady Casual Tote,Rated 4.2/5 from 108 Amazon shopper reviews.,https://m.media-amazon.com/images/I/71MoD5bHLSL._AC_UL1000_.jpg,77.80
Bulldog Cases Concealed Carry Hobo Anna Purse,Rated 4/5 from 21 Amazon shopper reviews.,https://m.media-amazon.com/images/I/51doPdzjKHL._AC_SL1000_.jpg,77.68
American Leather Co. - Kansas Crossbody Handbag - Gorgeous Design and Superbly Fashionable,Rated 4.6/5 from 15 Amazon shopper reviews.,https://m.media-amazon.com/images/I/4139HCJl9kL._AC_.jpg,77.38
"DELSEY Paris Women's Chatelet 2.0 Clutch and Crossbody Bag, Brown, One Size",Rated 4.1/5 from 5 Amazon shopper reviews.,https://m.media-amazon.com/images/I/81S-aTEwKOL._AC_SL1500_.jpg,77.16
"Sherpani Geo, Anti Theft Medium Crossbody Bag, Tote Bag, Travel Bag, Shoulder Bag, Purses for Women",Rated 4.6/5 from 226 Amazon shopper reviews.,https://m.media-amazon.com/images/I/91zAotQwPFL._AC_UL1500_.jpg,77.00
Mancini Leather Goods Casablanca Collection: Ladies’ Small RFID Clutch Wallet,Rated 3.3/5 from 4 Amazon shopper reviews.,https://m.media-amazon.com/images/I/91+MDKWMz8L._AC_UL1500_.jpg,77.00
JanSport Ella Tote Bag,Rated 4.2/5 from 27 Amazon shopper reviews.,https://m.media-amazon.com/images/I/91cWNHiFbXL._AC_UL1500_.jpg,77.00
Micotaku Womens Pullover Hoodie with Detachable Bag Design Furry Cat Paw Gloves,Rated 5/5 from 2 Amazon shopper reviews.,https://m.media-amazon.com/images/I/71ilLlVe+4L._AC_UL1500_.jpg,76.99
"LMKIDS Woven Bag for Women, Vegan Leather Tote Bag Large Summer Beach Travel Handbag and Purse Retro Handmade Shoulder Bag",Rated 3.8/5 from 36 Amazon shopper reviews.,https://m.media-amazon.com/images/I/61TV+LMglAL._AC_UL1500_.jpg,76.98
Girly HandBags Hobo Italian Suede Genuine Leather Shoulder Bag,Rated 4.3/5 from 151 Amazon shopper reviews.,https://m.media-amazon.com/images/I/71D+XuX39GL._AC_UL1480_.jpg,76.97
The Sak Womens Sanibel Leather Mini CrossBody Bag,"Rated 4.3/5 from 1,625 Amazon shopper reviews.",https://m.media-amazon.com/images/I/51B0roiWpDL._AC_UL1200_.jpg,76.87
Fashion Soft Real Genuine Leather Tassel Women's Handbag Ladies Shoulder Tote Messenger Bag Satchel Black White,Rated 4.1/5 from 11 Amazon shopper reviews.,https://m.media-amazon.com/images/I/61GC2GatLwL._AC_UL1000_.jpg,76.80
The Sak Women's Esperato Nylon Crossbody,Rated 4.3/5 from 147 Amazon shopper reviews.,https://m.media-amazon.com/images/I/61viDvuDN8S._AC_UL1200_.jpg,76.78
Amerileather Sana Handbag,Rated 4.7/5 from 5 Amazon shopper reviews.,https://m.media-amazon.com/images/I/71I+cYcSDQL._AC_SL1001_.jpg,76.78
"Leather Tote Handbags for Women, Ladies Large Top-handle Purse Shoulder Bags",Rated 3.9/5 from 30 Amazon shopper reviews.,https://m.media-amazon.com/images/I/71vuAo3UtaL._AC_UL1500_.jpg,76.57
Kipling Pahneiro Handbag Black Tonal,Rated 4.6/5 from 286 Amazon shopper reviews.,https://m.media-amazon.com/images/I/71tJ7RUjESL._AC_SL1500_.jpg,76.50
JW PEI Women's Joy Shoulder Bag,Rated 4.7/5 from 684 Amazon shopper reviews.,https://m.media-amazon.com/images/I/61zaudXiPcL._AC_UL1500_.jpg,76.49
Pixie Mood JANE-2-IN-1-W-P-IBLU-OS Jane 2-In-1 Crossbody - Ice Blue Recycled Vegan Leather Crossbody Clutch Handbag Purse,Rated 3.7/5 from 7 Amazon shopper reviews.,https://m.media-amazon.com/images/I/41cTFbcaU7L._AC_UL1200_.jpg,76.46
"Herschel Supply Co. Women's Dawson X-Small Backpack, Black, One Size",Rated 5/5 from 1 Amazon shopper reviews.,https://m.media-amazon.com/images/I/81URbXinzdL._AC_UL1500_.jpg,76.44
"Travelon Anti-Theft Metro Medium Carryall Tote, Black 14.5"" x 11"" x 4.5""",Rated 4.5/5 from 148 Amazon shopper reviews.,https://m.media-amazon.com/images/I/81Ckgw6tr1L._AC_SL1500_.jpg,76.00
Handmade World Genuine Buffalo Leather Crossbody Bags for Women Multi Pocket Travel Purse and Sling Saddle Bag,Rated 4.4/5 from 20 Amazon shopper reviews.,https://m.media-amazon.com/images/I/81Bwy+PusbL._AC_UL1500_.jpg,76.00
Angelina's Palace Beynac Large Jewelry Case Women's Travel Organizer Bag Big Capacity Storage with Detachable Necklace Earring Ring Pouches Train Jewelry Case(Bohemian Bliss),Rated 4.9/5 from 20 Amazon shopper reviews.,https://m.media-amazon.com/images/I/91elXwgW2aL._AC_SL1500_.jpg,76.00
S-ZONE Genuine Leather Backpack Purse for Women Fashion Anti-theft Rucksack Ladies Shoulder Bag Medium Size,Rated 4.4/5 from 33 Amazon shopper reviews.,https://m.media-amazon.com/images/I/81L1L+G-+LL._AC_UL1500_.jpg,75.99
LAORENTOU Cow Leather Crossbody Bags for Women Quilted Handbag Purse with Chain Strap Shoulder Snakeskin Purse Clearance,Rated 4.1/5 from 78 Amazon shopper reviews.,https://m.media-amazon.com/images/I/61Cg+72aT4L._AC_UL1001_.jpg,75.99
DORIS&JACKY Quilted Purse For Women Genuine Leather Shoulder Designer Handbags with Metal Chain Strap And Flap Lock,Rated 4.2/5 from 279 Amazon shopper reviews.,https://m.media-amazon.com/images/I/71drOdrbLjL._AC_UL1500_.jpg,75.99
BOSTANTEN Leather Purses and Handbags for Women Designer Hobo Bucket Bag Fashion Small Crossbody Purses,Rated 4.2/5 from 132 Amazon shopper reviews.,https://m.media-amazon.com/images/I/91YkUxE8gxL._AC_UL1500_.jpg,75.99
Purses and Handbags Leather Tote Bags for Women PU Hobo Bag Large Shoulder Bag with adjustable shoulder strap,Rated 4.1/5 from 12 Amazon shopper reviews.,https://m.media-amazon.com/images/I/61T5+8C9n7L._AC_UL1500_.jpg,75.99
S-ZONE Genuine Leather Crossbody Purses for Women Vintage Top Handle Handbags Shoulder Bag,Rated 4.1/5 from 40 Amazon shopper reviews.,https://m.media-amazon.com/images/I/81eOkOABNML._AC_UL1500_.jpg,75.99
Tote Bags For Women&Shoulder Bags For Women Large,Rated 5/5 from 14 Amazon shopper reviews.,https://m.media-amazon.com/images/I/81U94+DpieL._AC_UL1500_.jpg,75.99
Cosmopolitan Leather Tote (#1825-0245),Rated 3.7/5 from 19 Amazon shopper reviews.,https://m.media-amazon.com/images/I/61TpQtEvakL._AC_UL1001_.jpg,75.99
S-ZONE Women Genuine Leather Tote bags with Purse Organizer Shoulder Purses Vintage Handbags Top Handle Work,Rated 4.2/5 from 45 Amazon shopper reviews.,https://m.media-amazon.com/images/I/81-Iw8NEAiL._AC_UL1500_.jpg,75.99
GTM Gun Tote'n Mamas Concealed Carry Basic Hobo Handbag,Rated 4.5/5 from 167 Amazon shopper reviews.,https://m.media-amazon.com/images/I/41aYWvzwFAL._AC_.jpg,75.97
Amerileather Rainbow Feesh Purse (#1761-9),Rated 4/5 from 7 Amazon shopper reviews.,https://m.media-amazon.com/images/I/71Bzm7DVNzL._AC_UL1001_.jpg,75.94
"DGAZ Purse Pillow Shaper Insert,Luxury Handbag Tote Shapers, Memory Foam- Fits Birkin 25/30/35/40 Bags (White, BK35)",Rated 4.9/5 from 49 Amazon shopper reviews.,https://m.media-amazon.com/images/I/61lXOqX14QL._AC_SL1500_.jpg,75.90
Bulldog Cases Hobo Style Purse with Holster,Rated 4.4/5 from 195 Amazon shopper reviews.,https://m.media-amazon.com/images/I/A19X5z0gkeL._AC_SL1500_.jpg,75.90
Loungefly Disney Nightmare Before Christmas Oogie Boogie Wheel Womens Double Strap Shoulder Bag Purse,Rated 4.9/5 from 220 Amazon shopper reviews.,https://m.media-amazon.com/images/I/71wi6xVnvZL._AC_SL1280_.jpg,75.54
Leg Avenue Women's 3 Piece Thief Of Hearts Peasant Dress With Waistcoat And Satchel,Rated 3.1/5 from 7 Amazon shopper reviews.,https://m.media-amazon.com/images/I/61zO-HiqRkL._AC_UL1200_.jpg,75.53
CHERISH KISS Women’s purses and handbags Genuine Leather Hobo Bag for Ladies shoulder Cross Body Bags,Rated 4/5 from 19 Amazon shopper reviews.,https://m.media-amazon.com/images/I/71tNF1qYFwL._AC_UL1500_.jpg,75.21
"Trymall X Large Beach Tote,Waterproof Travel Bags Sandproof Plus Size Handbag 19"" × 10"" × 13"" IN for Boat Pool Sports Gym",Rated 3.9/5 from 518 Amazon shopper reviews.,https://m.media-amazon.com/images/I/51eWoVIgx7S._AC_UL1500_.jpg,75.10
Loungefly POP Disney Pocahontas Meeko Flit Earth Day Womens Double Strap Shoulder Bag Purse,Rated 4.9/5 from 90 Amazon shopper reviews.,https://m.media-amazon.com/images/I/51elbqieisL._AC_UL1000_.jpg,75.00
"Kipling Women's Seoul Small Backpack, Durable, Padded Shoulder Straps with Tablet Sleeve, School Bag, Blue Bleu 2, 10"" L x 13.75"" H 4.5"" D",Rated 4.6/5 from 569 Amazon shopper reviews.,https://m.media-amazon.com/images/I/91NzodPc87L._AC_SL1500_.jpg,75.00
Mystery Ranch Bindle Everyday Essential Pack - Carry as Tote bag or Shoulder bag,Rated 4.2/5 from 74 Amazon shopper reviews.,https://m.media-amazon.com/images/I/81ZntrJce2L._AC_UL1500_.jpg,75.00
"Colombian Handbags, Mochila Wayuu, 100% Original Colombian Cotton Handmade Bucket Bag. (EMBROIDERY)",Rated 4.7/5 from 47 Amazon shopper reviews.,https://m.media-amazon.com/images/I/912EUtdrp+L._AC_UL1500_.jpg,75.00
"Pop Ups Brand Neoprene Camera Bag- Everyday Sling, Travel Case, Adjustable Shoulder Strap Purse for Women-Fashion Messenger",Rated 4.2/5 from 29 Amazon shopper reviews.,https://m.media-amazon.com/images/I/71IBvPfhgxL._AC_UL1500_.jpg,75.00
"Baggallini Cross Over Crossbody Bag - Lightweight, Water Resistant Travel Purse","Rated 4.4/5 from 1,983 Amazon shopper reviews.",https://m.media-amazon.com/images/I/816OLkTXSBL._AC_UL1500_.jpg,75.00
Loungefly Disney Nightmare Before Christmas Final Frame Womens Double Strap Shoulder Bag Purse,Rated 4.6/5 from 46 Amazon shopper reviews.,https://m.media-amazon.com/images/I/71GTk1AAXkL._AC_SL1500_.jpg,75.00
Trinity Ranch Women's Hair-On Leather Collection Conceal Carry Tote Bag (Coffee),Rated 1/5 from 1 Amazon shopper reviews.,https://m.media-amazon.com/images/I/81XDU8Fi+QL._AC_UL1500_.jpg,74.99
Hot Chocolate Design Women's Tote Bags,Rated 4.8/5 from 273 Amazon shopper reviews.,https://m.media-amazon.com/images/I/61o9TFNq3ML._AC_UL1000_.jpg,74.99
"Le Donne Leather Women’s Slim Sling Backpack – Premium Full-Grain Colombian Vaquetta Leather Backpack, 12"" x 4"" x 9"" (Black)",Rated 4/5 from 103 Amazon shopper reviews.,https://m.media-amazon.com/images/I/61PZLadqcwL._AC_SL1280_.jpg,74.99
"Camera Bags for Women, Multi-Functional Leather Top-Handle Ladies Handbags and Purses with Removable Padded Case",Rated 4.2/5 from 222 Amazon shopper reviews.,https://m.media-amazon.com/images/I/71o3gitP3jL._AC_SL1500_.jpg,74.99
Kattee Genuine Leather Purses Handbags for Women Crossbody Bags Top Handle Soft Satchel Tote Shoulder Bag Medium Size,Rated 4.3/5 from 23 Amazon shopper reviews.,https://m.media-amazon.com/images/I/81QCWg1x3dL._AC_UL1500_.jpg,74.99
"Haute Shore - Jeri Jazz Crossbody Tote, Black W/Black & Silver Stripe",Rated 5/5 from 3 Amazon shopper reviews.,https://m.media-amazon.com/images/I/61YQacDbeSL._AC_UL1500_.jpg,74.99
"Nordace Ellie Mini Backpack for Women with USB Charging Port, Water Resistant - Mini Daily Backpack (Red)",Rated 3.9/5 from 7 Amazon shopper reviews.,https://m.media-amazon.com/images/I/71S5FiOALoL._AC_SL1500_.jpg,74.99
Wayuu Classic Boho Collection Hand Woven Beach Crocheted Tote Handbag,Rated 4.7/5 from 64 Amazon shopper reviews.,https://m.media-amazon.com/images/I/A1eVjxPe-rL._AC_UL1500_.jpg,74.99
Kattee Women Genuine Leather Soft Totes Shoulder Hobo Purses and Handbags Top Handle Bags (Black),Rated 3.8/5 from 6 Amazon shopper reviews.,https://m.media-amazon.com/images/I/716tdRu9Z-L._AC_UL1500_.jpg,74.99
Kattee Soft Women Genuine Leather Hobo Totes Purses and Handbags Satchel Top Handle Shoulder Bags,Rated 3.8/5 from 20 Amazon shopper reviews.,https://m.media-amazon.com/images/I/71R0nxEDmpL._AC_UL1500_.jpg,74.99
"Handwoven Wool Malibu Purse with Genuine Leather handles. Large Eco Friendly Tote Bag, Native American Styles ((E) Black and Red)",Rated 4.5/5 from 3 Amazon shopper reviews.,https://m.media-amazon.com/images/I/91z0TsLK+LL._AC_UL1500_.jpg,74.99
Iswee Womens Genuine Leather Handbags Tote Bag Shoulder Bag Top Handle Satchel Designer Ladies Purse Hobo Crossbody Bags,Rated 4.4/5 from 28 Amazon shopper reviews.,https://m.media-amazon.com/images/I/81co6rJwDVL._AC_UL1500_.jpg,74.99
Kattee Women Genuine Leather Tote Bags Purses and Handbags Shoulder Vintage Crossbody Work,Rated 4.3/5 from 10 Amazon shopper reviews.,https://m.media-amazon.com/images/I/81i83rkygXL._AC_UL1500_.jpg,74.99
"THE NORTH FACE Women's Jester Backpack, Blucrlhtr/Lmcrm, One Size",Rated 5/5 from 2 Amazon shopper reviews.,https://m.media-amazon.com/images/I/716aEmqZ-4L._AC_SL1500_.jpg,74.99
S-ZONE Women Genuine Leather Top Handle Satchel Daily Work Tote Shoulder Bag Large Capacity,"Rated 4.5/5 from 3,390 Amazon shopper reviews.",https://m.media-amazon.com/images/I/81M3s8fWfBL._AC_UL1500_.jpg,74.99
Kattee Genuine Leather Soft Totes Shoulder Bags Women Top Handle Satchels Purse Cute Handbag Fashion Daily Travel,Rated 4.5/5 from 17 Amazon shopper reviews.,https://m.media-amazon.com/images/I/81x1eBEtWCL._AC_UL1500_.jpg,74.99
HESHE Leather Backpack PurseBack Pack for Women Backpacks Organizer Anti-Theft Daypacks for Travelling Casual Bags,Rated 4.2/5 from 339 Amazon shopper reviews.,https://m.media-amazon.com/images/I/71BwOQTl2JL._AC_UL1100_.jpg,74.99
Iswee Vintage Waxy Leather Ladies Backpack Purses for Women Backpack Style Anti-theft Casual Daypack Shoulder Bag Fashion Bag (Coffee),Rated 4.3/5 from 45 Amazon shopper reviews.,https://m.media-amazon.com/images/I/51K3935e5LL._AC_.jpg,74.99
Neoprene Tote,Rated 5/5 from 9 Amazon shopper reviews.,https://m.media-amazon.com/images/I/618P1+vxG7S._AC_UL1113_.jpg,74.99
Loungefly Disney Princesses Allover Print Womens Double Strap Shoulder Bag Purse,Rated 4.7/5 from 18 Amazon shopper reviews.,https://m.media-amazon.com/images/I/71jvybDpkJL._AC_UL1500_.jpg,74.99
Kattee Women Genuine Leather Totes Shoulder Bag Satchel Purses and Handbags 2Pcs Set,Rated 4.4/5 from 7 Amazon shopper reviews.,https://m.media-amazon.com/images/I/7156gZyZJcL._AC_UL1500_.jpg,74.99
Myra Bag Lady'S First Love Leather Bag Upcycled Leather S-2166,Rated 4.3/5 from 2 Amazon shopper reviews.,https://m.media-amazon.com/images/I/616rc-ZFmtS._AC_UL1024_.jpg,74.97
"ORNA'S LEATHER ART | Mini SWAN Everyday leather backpack for Women. Practical, Stylish and Spacious Women’s Bag. Real Leather in A Chic Backpack And Contemporary Design (Red Cognac)",Rated 4.9/5 from 12 Amazon shopper reviews.,https://m.media-amazon.com/images/I/91J8Z8bYBWL._AC_SL1500_.jpg,74.97
Baggallini Tote,Rated 4.5/5 from 145 Amazon shopper reviews.,https://m.media-amazon.com/images/I/81KH42scn3L._AC_UL1500_.jpg,74.95
Snow Peak Tote Bag - Storage Bag with Durable Handles for Camping Accessories,Rated 4.5/5 from 45 Amazon shopper reviews.,https://m.media-amazon.com/images/I/41U9Be19i8S._AC_.jpg,74.95
Fioretta Italian Genuine Leather Crossbody Shoulder Bag Handbag For Women,Rated 4/5 from 5 Amazon shopper reviews.,https://m.media-amazon.com/images/I/61-HmBJ4YOL._AC_UL1200_.jpg,74.95
Unisex Ariat Team Carryall Tote Blue Size One Size,Rated 4.7/5 from 10 Amazon shopper reviews.,https://m.media-amazon.com/images/I/91-7AAnRNwL._AC_UL1500_.jpg,74.95
KAVU Uptown Puff Crossbody Bag Purse with Adjustable Shoulder Strap,Rated 5/5 from 39 Amazon shopper reviews.,https://m.media-amazon.com/images/I/51vJVcaGhSL._AC_UL1500_.jpg,74.95
Loungefly Disney Bambi Flower Cosplay Womens Double Strap Shoulder Bag Purse,Rated 4.9/5 from 200 Amazon shopper reviews.,https://m.media-amazon.com/images/I/61fxpPmI3lL._AC_SL1024_.jpg,74.95
Chala Bowling Zip Tote Large Bag Pleather Stone Grey Gray Dog Boston Terrier,Rated 5/5 from 1 Amazon shopper reviews.,https://m.media-amazon.com/images/I/51Pr59DD0DL._AC_UL1000_.jpg,74.95
Sourpuss Ultraviolence Bowler Purse,Rated 3.6/5 from 5 Amazon shopper reviews.,https://m.media-amazon.com/images/I/61zKYY-ED4L._AC_UL1080_.jpg,74.95
Baggallini Essential Hobo Crossbody,Rated 4.4/5 from 69 Amazon shopper reviews.,https://m.media-amazon.com/images/I/81MrB6PcnKL._AC_UL1500_.jpg,74.88
Ellen Tracy Women's Bag,Rated 4.6/5 from 3 Amazon shopper reviews.,https://m.media-amazon.com/images/I/51UAhMF8a3L._AC_UL1000_.jpg,74.84
"Kipling womens Art M Tote, Black Noir, Medium US",Rated 4.5/5 from 62 Amazon shopper reviews.,https://m.media-amazon.com/images/I/81fy9IIeTdL._AC_SL1500_.jpg,74.79
"Herschel Supply Co. Women's Grove XS Velvet Backpack, Ash Rose, Pink, One Size",Rated 3.6/5 from 3 Amazon shopper reviews.,https://m.media-amazon.com/images/I/81bRiEip1HL._AC_SL1500_.jpg,74.37
Chala Handbag Everyday Tote (Horse Gen II - Pewter),Rated 5/5 from 12 Amazon shopper reviews.,https://m.media-amazon.com/images/I/61WNtCPeLyL._AC_UL1005_.jpg,74.04
CHALA Charming Satchel with Adjustable Strap - Mini Keychain Sunflower - Turquoise,Rated 4/5 from 1 Amazon shopper reviews.,https://m.media-amazon.com/images/I/6105co66WvL._AC_UL1005_.jpg,74.00
Chala Bowling Tote Bag Brown,Rated 4.9/5 from 16 Amazon shopper reviews.,https://m.media-amazon.com/images/I/61Khy2PBmGL._AC_UL1005_.jpg,74.00
CHALA Charming Satchel with Adjustable Strap - Turquoise,Rated 4.3/5 from 24 Amazon shopper reviews.,https://m.media-amazon.com/images/I/614Ofg7mmAL._AC_UL1005_.jpg,74.00
seegeeneey Women Leather Backpack Purse (Brown),Rated 5/5 from 2 Amazon shopper reviews.,https://m.media-amazon.com/images/I/716RLE7EpmL._AC_SL1500_.jpg,73.99
COOLCY Genuine Leather Backpack Purse for Women Multi-functional Elegant Daypack for ladies (Black) Small,Rated 4.5/5 from 60 Amazon shopper reviews.,https://m.media-amazon.com/images/I/71sLooeWt6L._AC_SL1280_.jpg,73.98
Bulldog Cases Large Cross Body Style Concealed Carry Purse with Holster,Rated 4.1/5 from 62 Amazon shopper reviews.,https://m.media-amazon.com/images/I/91c1oU3pSjL._AC_SL1500_.jpg,73.97
PIJUSHI Leather Wallets For Women Floral Wristlet Wallet Card Holder Purse,Rated 4.6/5 from 202 Amazon shopper reviews.,https://m.media-amazon.com/images/I/810XYQW6cNL._AC_UL1500_.jpg,73.92
"David King & Co. Multi Pocket Shopping Tote 574, Café, One Size",Rated 5/5 from 2 Amazon shopper reviews.,https://m.media-amazon.com/images/I/41F3-oSzk9L._AC_.jpg,73.70
PIJUSHI Genuine Leather Wallets for Women Designer Floral Wristlet Wallet Ladies Clutch Purse with Tassel (20098 Black),Rated 4.7/5 from 123 Amazon shopper reviews.,https://m.media-amazon.com/images/I/814osWF+hvL._AC_SL1500_.jpg,73.68
"Calvin Klein Women's Ellie Novelty Large Triple Compartment Shoulder Bag, One Size",Rated 4.4/5 from 123 Amazon shopper reviews.,https://m.media-amazon.com/images/I/91EJ6xpyiAL._AC_UL1500_.jpg,73.37
Loungefly Disney Winnie the Pooh Balloon Friends Womens Double Strap Shoulder Bag Purse,Rated 4.9/5 from 548 Amazon shopper reviews.,https://m.media-amazon.com/images/I/91P+-WUMqyL._AC_SL1500_.jpg,73.25
Under Armour Women's Undeniable Signature Duffle Bag,Rated 4.7/5 from 382 Amazon shopper reviews.,https://m.media-amazon.com/images/I/41vbdqphceL._AC_SL1000_.jpg,73.15
"Chala Handbags Hound Dog Wristlet Wallet Or Tote- Dog Mom, Dog Lover - Dog Mom, Dog Lover Gift",Rated 4.9/5 from 31 Amazon shopper reviews.,https://m.media-amazon.com/images/I/61Jtn++3P0L._AC_UL1005_.jpg,72.99
S-ZONE Women Shoulder Bag Leather Hobo Purses Medium Handbags Multi-pocket Tote with Tassel,Rated 3.9/5 from 101 Amazon shopper reviews.,https://m.media-amazon.com/images/I/7103pdh4nWS._AC_UL1500_.jpg,72.99
LAORENTOU Cowhide Leather Backpacks for Women Small Backpack Purse Convertable Straps Daypack Valentines Day,Rated 4.8/5 from 7 Amazon shopper reviews.,https://m.media-amazon.com/images/I/61tzHs2iyEL._AC_UL1500_.jpg,72.99
fengshuisale Feng Shui Dragon Mini Purse (Blue) W Red String Bracelet W1678,Rated 2/5 from 1 Amazon shopper reviews.,https://m.media-amazon.com/images/I/71f34RdT7+L._AC_UL1001_.jpg,72.98
"Piel Leather Computer Tote Bag, Saddle, One Size",Rated 4.1/5 from 9 Amazon shopper reviews.,https://m.media-amazon.com/images/I/61yiyc0GqbL._AC_SL1000_.jpg,72.93
Simple Genuine Leather Backpack Women Laptop Casual Knapsack Ladies Travel Bag,Rated 5/5 from 7 Amazon shopper reviews.,https://m.media-amazon.com/images/I/71vxKEq9gPL._AC_UL1000_.jpg,72.80
Montana West Women's Patriotic Studded Tote Satchel Handbags American Flag Purse and Crossbody Bag,Rated 4.7/5 from 816 Amazon shopper reviews.,https://m.media-amazon.com/images/I/81+fNyFSqpL._AC_UL1500_.jpg,72.65
Loungefly Sanrio Pompompurin Cosplay Adult Womens Double Strap Shoulder Bag Purse,Rated 4.9/5 from 173 Amazon shopper reviews.,https://m.media-amazon.com/images/I/818bxC+utfL._AC_SL1500_.jpg,72.23
joy susan Womens Faux Leather: Hobo 2-in-1 Handbag,Rated 4.4/5 from 174 Amazon shopper reviews.,https://m.media-amazon.com/images/I/61ARRyXKYML._AC_UL1440_.jpg,72.00
"Le Donne Leather Women’s Mallory Crossbody Purse, Premium Colombian Vaquetta Leather, 11” x 7” x 2”",Rated 5/5 from 2 Amazon shopper reviews.,https://m.media-amazon.com/images/I/61SHDCvAseL._AC_UL1050_.jpg,72.00
Sts Ranch Wear Womens STS30332 PALOMINO SERAPE GRACE CROSSBODY,Rated 5/5 from 1 Amazon shopper reviews.,https://m.media-amazon.com/images/I/61trccz+u6L._AC_UL1024_.jpg,72.00
Loungefly Star Wars BB-8 Cosplay Womens Double Strap Shoulder Bag Purse,Rated 4.9/5 from 81 Amazon shopper reviews.,https://m.media-amazon.com/images/I/71FLr6ONJvL._AC_SL1500_.jpg,71.98
Loungefly Disney Winnie the Pooh Gingham Womens Double Strap Shoulder Bag Purse,Rated 4.8/5 from 187 Amazon shopper reviews.,https://m.media-amazon.com/images/I/61b8HiKwAfL._AC_SL1024_.jpg,71.97
Pixie Mood Women's Soft Vegan Leather Multipurpose Mini Backpack with Adjustable Straps (Black Croc),Rated 2.8/5 from 3 Amazon shopper reviews.,https://m.media-amazon.com/images/I/51-ZriEcjtL._AC_SL1200_.jpg,71.96
Goson Leather Concealed Gun Carrying Handbag Purse Buckled Front Pocket with Silver Studs,Rated 3.8/5 from 89 Amazon shopper reviews.,https://m.media-amazon.com/images/I/611owLwoy7L._AC_UL1500_.jpg,71.85
Chala Toffy Dog Pocket Tote Shoulder Bag - Dog Lovers Gifts Dog Mom,Rated 5/5 from 6 Amazon shopper reviews.,https://m.media-amazon.com/images/I/81o135RbhOL._AC_UL1500_.jpg,71.67
"Anna by Anuschka Hand-Painted Women's Genuine Leather Slim Medium Crossbody - Zip Entry, Multipurpose and Zippered Pockets",Rated 4.9/5 from 56 Amazon shopper reviews.,https://m.media-amazon.com/images/I/81+W4tqnoOL._AC_UL1500_.jpg,71.62
PIJUSHI Wristlet Wallet Crocodile Leather Wallets for Women Ladies Clutch Purse,Rated 4.6/5 from 370 Amazon shopper reviews.,https://m.media-amazon.com/images/I/81BBNLhUzgL._AC_UL1500_.jpg,71.56
"Mary Frances You're Aces Womens Crossbody Phone Bag, Ivory",Rated 5/5 from 25 Amazon shopper reviews.,https://m.media-amazon.com/images/I/71gV-cDf4bL._AC_UL1000_.jpg,71.52
Baggallini womens On Track Zip Crossbody,Rated 4.4/5 from 198 Amazon shopper reviews.,https://m.media-amazon.com/images/I/71lVwe6Z+IL._AC_UL1200_.jpg,71.43
Loungefly Disney Minnie Mouse Holding Flowers Womens Double Strap Shoulder Bag Purse,Rated 4.8/5 from 280 Amazon shopper reviews.,https://m.media-amazon.com/images/I/61zXhfsF8zL._AC_UL1000_.jpg,71.38
Chala Bowling Tote Bag Dusty Rose,Rated 4.8/5 from 190 Amazon shopper reviews.,https://m.media-amazon.com/images/I/61l95J+CoyL._AC_UL1005_.jpg,71.00
KEYPER 2-Piece Luxe Wristlet Set (IT Bag and a Key Ring Bracelet) | Classic Clutch Luxury Purse for Women,Rated 4/5 from 15 Amazon shopper reviews.,https://m.media-amazon.com/images/I/61OzyMxPqzL._AC_UL1000_.jpg,71.00
Seammer Genuine Leather Bucket Handbags for Women Large Designer Hobo Shoulder Handbag Purse,Rated 3.9/5 from 61 Amazon shopper reviews.,https://m.media-amazon.com/images/I/51RNjIZHHvS._AC_UL1001_.jpg,70.99
"Beach Bag, Waterproof Open Tote Bag, Easy To Clean EVA Beach Bag With Holes for the Beach Boat Pool Sports Shopping",Rated 3.4/5 from 10 Amazon shopper reviews.,https://m.media-amazon.com/images/I/71FPwpWOXBL._AC_UL1500_.jpg,70.99
Women Leather Hand-Woven Tote Handbag Fashion Shoulder Top-handle Bag Large Capacity Underarm Bag with Purse Black,Rated 4.2/5 from 4 Amazon shopper reviews.,https://m.media-amazon.com/images/I/519iikvlSAL._AC_UL1080_.jpg,70.99
Baggallini Hobo Tote,"Rated 4.5/5 from 1,258 Amazon shopper reviews.",https://m.media-amazon.com/images/I/71ohi7JvkOL._AC_UL1500_.jpg,70.80
CHERISH KISS Genuine Leather Hobo Bags for Women Purses and Handbags Fashion Shoulder Bags,Rated 4.1/5 from 62 Amazon shopper reviews.,https://m.media-amazon.com/images/I/71pzOWKVGPL._AC_UL1500_.jpg,70.79
Travelon Parkview Anti-Theft Satchel Crossbody Bag,Rated 4.3/5 from 138 Amazon shopper reviews.,https://m.media-amazon.com/images/I/81H7JIYwEJL._AC_UL1500_.jpg,70.55
"Myra Bag Black & White Cowhide & Leather Handbag S-1314, 13.5"" W x 10"" H x 4"" D",Rated 4.3/5 from 29 Amazon shopper reviews.,https://m.media-amazon.com/images/I/61u65NEfVSL._AC_UL1000_.jpg,70.27
"David King & Co. Women's Small Backpack, Black, One Size",Rated 4.1/5 from 54 Amazon shopper reviews.,https://m.media-amazon.com/images/I/41+hfM1fNJL._AC_.jpg,70.11
Samsonite Silhouette 16 Travel Tote (Obsidian),Rated 3.8/5 from 9 Amazon shopper reviews.,https://m.media-amazon.com/images/I/91kBkppEo6L._AC_UL1500_.jpg,70.00
Hadaki Coated Cool Travel Tote,Rated 4.4/5 from 19 Amazon shopper reviews.,https://m.media-amazon.com/images/I/915ix6Fo7fL._AC_UL1500_.jpg,70.00
AmeriBag X-Small Microfiber Healthy Back Bag Tote,Rated 4.7/5 from 541 Amazon shopper reviews.,https://m.media-amazon.com/images/I/71Uvj8kCFML._AC_UL1500_.jpg,70.00
TIJN Square Handle Tote Bag for Women Fashion Purses Handbags Vegan Leather Crossbody Shoulder Bags for Women,Rated 4.2/5 from 64 Amazon shopper reviews.,https://m.media-amazon.com/images/I/71mptcfTukL._AC_UL1500_.jpg,70.00
CHALA Handbags Large Bowling Tote Bag- Pet Lover's Collection,Rated 4.9/5 from 34 Amazon shopper reviews.,https://m.media-amazon.com/images/I/71El3-RdEeL._AC_UL1005_.jpg,70.00
Chala Handbags Dust Rose Shoulder Purse Tote Bag with Dog Key Fob/coin purse (Chihuahua),Rated 4.7/5 from 8 Amazon shopper reviews.,https://m.media-amazon.com/images/I/61oea51uYdL._AC_UL1005_.jpg,70.00
"Chala Ivory Paw Print Bowling Bag Handbag Purse, Dog Lover Dog Mom Chala Handbags",Rated 4.9/5 from 7 Amazon shopper reviews.,https://m.media-amazon.com/images/I/81RR53HMANL._AC_UL1500_.jpg,70.00
Chala Bowling Zip Tote Large Bag Pleather Stone Grey Gray Rooster Coin Purse,Rated 5/5 from 1 Amazon shopper reviews.,https://m.media-amazon.com/images/I/61U+N7e5i0L._AC_UL1000_.jpg,70.00
CHALA Bowling Tote Bag Burgundy,Rated 4.5/5 from 77 Amazon shopper reviews.,https://m.media-amazon.com/images/I/61uz9yaHzvL._AC_UL1005_.jpg,70.00
CHALA Charming Satchel with Adjustable Strap - Burgundy,Rated 4.2/5 from 22 Amazon shopper reviews.,https://m.media-amazon.com/images/I/61PBMPHWfJL._AC_UL1005_.jpg,70.00
Chala Bowling Tote Bag Stone Gray,Rated 4.6/5 from 90 Amazon shopper reviews.,https://m.media-amazon.com/images/I/61fmeLUoK7L._AC_UL1005_.jpg,70.00
CHALA Bowling Tote Bag Indigo,Rated 4.7/5 from 126 Amazon shopper reviews.,https://m.media-amazon.com/images/I/61z9vm9HKqL._AC_UL1005_.jpg,70.00
"VOORAY 24L Naomi Tote Bag | Soft Quilted Material | Everyday Use | Travel Bag | Great for Work Commute, Airport, & Errands",Rated 4.5/5 from 17 Amazon shopper reviews.,https://m.media-amazon.com/images/I/71ztNPWXgSL._AC_UL1500_.jpg,70.00
Chala Handbags Dust Rose Shoulder Purse Tote Bag with Dog Key Fob/coin purse (Hedgehog),Rated 4.5/5 from 2 Amazon shopper reviews.,https://m.media-amazon.com/images/I/61P176KzfyL._AC_UL1005_.jpg,70.00
"HAIKU Crescent Convertible Crossbody Bags for Women, Sling Bag, Shoulder Carry, Backpack Purse 2.0",Rated 4.3/5 from 26 Amazon shopper reviews.,https://m.media-amazon.com/images/I/41UaazP0RzL._AC_.jpg,70.00
CHALA Handbag Bowling Zip Tote Garden Creature Collections Indigo (Bluebird),Rated 5/5 from 4 Amazon shopper reviews.,https://m.media-amazon.com/images/I/61tNL1uqdTL._AC_UL1005_.jpg,70.00
joy susan Womens Molly Slouchy 2-in-1 Hobo Handbag,Rated 4.5/5 from 107 Amazon shopper reviews.,https://m.media-amazon.com/images/I/71Jt7zbmVBL._AC_UL1440_.jpg,70.00
"BEST FRIENDS 3 PIECE SET (SATCHEL, CROSSBODY, WALLET)",Rated 5/5 from 1 Amazon shopper reviews.,https://m.media-amazon.com/images/I/61EilO9JJOL._AC_UL1500_.jpg,70.00
Glossy Magazine Cover Collage 3-in-1 Shoulder Bag Hobo Michelle Obama Handbag (3-Mulit),Rated 5/5 from 11 Amazon shopper reviews.,https://m.media-amazon.com/images/I/81eQ32OSDxL._SL1200_.jpg,70.00
Loungefly The Beatles Yellow Submarine Womens Double Strap Shoulder Bag Purse,Rated 4.8/5 from 139 Amazon shopper reviews.,https://m.media-amazon.com/images/I/61b59SOLY8S._AC_UL1000_.jpg,69.99
Aheli Potli Bags for Women Evening Bag Clutch Ethnic Bride Purse with Drawstring(P79G),Rated 5/5 from 1 Amazon shopper reviews.,https://m.media-amazon.com/images/I/81NU+IDHPDL._AC_UL1500_.jpg,69.99
"SLOW DOWN Women Lightweight Down Puffer Coat, Women Hooded Mid-Length Packable Winter Jacket with 2 Packing Bag",Rated 4.4/5 from 378 Amazon shopper reviews.,https://m.media-amazon.com/images/I/61R4bJ8A7YL._AC_UL1500_.jpg,69.99
JW PEI Women's Debby Flap Crossbody,Rated 4.6/5 from 26 Amazon shopper reviews.,https://m.media-amazon.com/images/I/41KuAPI3XoL._AC_UL1500_.jpg,69.99
"kiisy Skull Purses Handbags For Women Shoulder Bag,Skull Crossbody Purse Gothic Bag Purses Holiday Party Gift",Rated 4.8/5 from 506 Amazon shopper reviews.,https://m.media-amazon.com/images/I/61wiUROuLiL._AC_UL1200_.jpg,69.99
"Genuine Leather Large Eco Friendly Tote Bag, Native American Styles on Hand-Woven Wool",Rated 4.3/5 from 34 Amazon shopper reviews.,https://m.media-amazon.com/images/I/91UY2epz+rL._AC_UL1500_.jpg,69.99
Carhartt Large Insulated Convertible Backpack Cooler Tote,Rated 4.6/5 from 170 Amazon shopper reviews.,https://m.media-amazon.com/images/I/81HZU8Xr2rL._AC_SL1500_.jpg,69.99
WESTBRONCO Purses For Women Vegan Leather Purses and Handbags Large Ladies Tote Shoulder Bag,"Rated 4.5/5 from 3,228 Amazon shopper reviews.",https://m.media-amazon.com/images/I/51xI1lUmW3L._AC_UL1001_.jpg,69.99
S-ZONE Women Genuine Leather Handbag Shoulder Purse Satchel Tote Crossbody Bag,"Rated 4.4/5 from 2,484 Amazon shopper reviews.",https://m.media-amazon.com/images/I/71-ntmA6qrL._AC_UL1500_.jpg,69.99
MRMIMI Women's Laptop Bag Rubber Work Tote Top Handle Handbag Large Waterproof Shoulder Bag for Office Travel,Rated 4.5/5 from 12 Amazon shopper reviews.,https://m.media-amazon.com/images/I/51crL8dQI1L._AC_.jpg,69.99
Loungefly Disney Minnie Mouse Sequin Wedding Womens Double Strap Shoulder Bag Purse,Rated 4.8/5 from 247 Amazon shopper reviews.,https://m.media-amazon.com/images/I/71MzheVn8KL._AC_SL1500_.jpg,69.99
Montana West Leather Crossbody Bag Collection Concealed Carry Bag For Women Western Shoulder Bag,Rated 4.4/5 from 578 Amazon shopper reviews.,https://m.media-amazon.com/images/I/811ancLKoUS._AC_UL1500_.jpg,69.99
Montana West Handbag and Purse Concealed Carry Tote Bag for Women Leather Embroidered Western Design Satchel with Wallets Set,Rated 4.5/5 from 657 Amazon shopper reviews.,https://m.media-amazon.com/images/I/8139IuN0qFL._AC_UL1500_.jpg,69.99
Loungefly Disney Christmas Mickey and Minnie Snowman AOP Womens Double Strap Shoulder Bag Purse with Ears Headband,Rated 4.8/5 from 168 Amazon shopper reviews.,https://m.media-amazon.com/images/I/61b9X50I0fL._AC_SL1127_.jpg,69.99
"Queenoris Woven Bag for Women, Vegan Leather Tote Bag Large Summer Beach Travel Handbag and Purse Retro Handmade Shoulder Bag",Rated 4.5/5 from 280 Amazon shopper reviews.,https://m.media-amazon.com/images/I/917523R3vpL._AC_UL1500_.jpg,69.99
Wrangler Tote Bag Western Purses for Women Shoulder Boho Aztec Handbags,Rated 4.9/5 from 49 Amazon shopper reviews.,https://m.media-amazon.com/images/I/81NCz9FqHqL._AC_UL1500_.jpg,69.99
Timberland RFID Leather Crossbody Bag Wallet Purse,Rated 4/5 from 433 Amazon shopper reviews.,https://m.media-amazon.com/images/I/81pO6a7kTdL._AC_UL1500_.jpg,69.99
FOXLOVER Split Leather Shoulder Bags Crossbody Purses for Women Fashion Crocodile Hobo Bag Ladies Handbag and Purse,Rated 3.8/5 from 13 Amazon shopper reviews.,https://m.media-amazon.com/images/I/51X6x1tSTtL._AC_UL1200_.jpg,69.99
Loungefly Care Bears Care-A-Lot Castle Womens Double Strap Shoulder Bag Purse,Rated 4.9/5 from 218 Amazon shopper reviews.,https://m.media-amazon.com/images/I/71r4DDNkqhL._AC_SL1500_.jpg,69.99
Signare Tapestry Large Travel Duffle Bag Ladies Overnight Weekender Carryon Gym Sports Duffel bags for Women with Colourful Geometric Design (BHOLD-MTRI),Rated 4.5/5 from 121 Amazon shopper reviews.,https://m.media-amazon.com/images/I/71z7moBPmUL._AC_SL1000_.jpg,69.99
"Leather Crossbody Bags for Women, Genuine Full-grain Leather Ladies Fashion Messenger Bags with Adjustable Strap Women's Cowhide Shoulder Bag Womens Cross Body Zipper Purses Designer Satchel (Black)",Rated 4.1/5 from 46 Amazon shopper reviews.,https://m.media-amazon.com/images/I/61AvfhpktqL._AC_UL1001_.jpg,69.99
"Kattee Genuine Leather Backpack Purse for Women Multi-functional Elegant Daypack Soft Leather Shoulder Bag Office, Shopping, Trip - Black",Rated 4.5/5 from 422 Amazon shopper reviews.,https://m.media-amazon.com/images/I/61aCsojDOAL._AC_SL1000_.jpg,69.99
"Kattee Women's Genuine Leather Purses and Handbags, Satchel Tote Shoulder Bag","Rated 4.3/5 from 3,636 Amazon shopper reviews.",https://m.media-amazon.com/images/I/71Pd28fhvlL._AC_UL1500_.jpg,69.99
"Chokoter Beach Bag, Waterproof Beach Tote, Rubber XL Tote Bag, Washable and Durable Open Handbag for Boat Pool Sports Gym",Rated 4.3/5 from 103 Amazon shopper reviews.,https://m.media-amazon.com/images/I/61TTilB02-L._AC_UL1500_.jpg,69.99
Women Summer Large Beach Tote Bag Travel Tote Bag Zipper Closure Shoulder Bag,Rated 3.8/5 from 29 Amazon shopper reviews.,https://m.media-amazon.com/images/I/61cek7xXtTL._AC_UL1000_.jpg,69.99
S-ZONE Women Genuine Leather Hobo Shoulder Purse and Handbags Top Handle Ladies Bag with Front Pocket,Rated 4.5/5 from 37 Amazon shopper reviews.,https://m.media-amazon.com/images/I/71wSiSpBV2L._AC_UL1500_.jpg,69.99
Loungefly Marvel Loki Classic Cosplay Womens Double Strap Shoulder Bag Purse,Rated 4.9/5 from 667 Amazon shopper reviews.,https://m.media-amazon.com/images/I/719vwgTwEzL._AC_SL1024_.jpg,69.99
Fashion Woven Bag Shopper Bag Travel Handbags and Purses Women Tote Bag Large Capacity Shoulder Bags,Rated 4.4/5 from 338 Amazon shopper reviews.,https://m.media-amazon.com/images/I/71NgoaUFs+L._AC_UL1500_.jpg,69.99
VICTORIA HYDE Quilted Purse Clutch Handbag for Women Leather Crossbody Bag Travel Pearl Envelope Bag,Rated 4.8/5 from 7 Amazon shopper reviews.,https://m.media-amazon.com/images/I/51RO7JoxQRL._AC_UL1000_.jpg,69.99
"Kattee Women's Soft Genuine Leather Tote Bag, Top Satchel Purses and Handbags","Rated 4.4/5 from 3,619 Amazon shopper reviews.",https://m.media-amazon.com/images/I/71jJRLJS+SL._AC_UL1500_.jpg,69.99
HESHE Genuine Leather Purses for Women’s Shoulder Handbags Cross Body Bags Hobo Tote Bag Satchel and Purse for Ladies,Rated 3.8/5 from 24 Amazon shopper reviews.,https://m.media-amazon.com/images/I/81QMixelWzL._AC_UL1500_.jpg,69.99
"IBEE Woven Bag, Handmade Hobo Bag, Neoprene Woven Handbag, Beach Tote Bag",Rated 4.7/5 from 4 Amazon shopper reviews.,https://m.media-amazon.com/images/I/71g2GMDLtaL._AC_UL1500_.jpg,69.99
OGIO International Laguna Olivia Tote Bag,Rated 3.9/5 from 15 Amazon shopper reviews.,https://m.media-amazon.com/images/I/91SS1CPzwIL._AC_SL1500_.jpg,69.99
JIUFENG Women's Tote Bag Genuine Leather Handbags Classic Stylish Shoulder Bag Purses,Rated 4.4/5 from 16 Amazon shopper reviews.,https://m.media-amazon.com/images/I/61UzIOIV5OL._AC_UL1000_.jpg,69.99
Wear Ne Women's N.E. Ostrich Print Handbag With Wallet Black One Size,Rated 5/5 from 1 Amazon shopper reviews.,https://m.media-amazon.com/images/I/81AXPFeWKFL._AC_UL1500_.jpg,69.99
"Kipling Women's Delia Compact Convertible, Lightweight, Minimal, Nylon Laptop Backpack, Blue Eclipse Pr, 7"" L x 9.25"" H x 5"" D",Rated 4.1/5 from 43 Amazon shopper reviews.,https://m.media-amazon.com/images/I/71iIORbaiKL._AC_SL1500_.jpg,69.99
Kattee Women's Soft Genuine Leather Crossbody Bags Ladies Designer Purses Medium Size Hobo Handbags Top Handle,Rated 4.2/5 from 998 Amazon shopper reviews.,https://m.media-amazon.com/images/I/61yaa+PQeaL._AC_UL1000_.jpg,69.99
"Mellow World Fashion Victoria Satchel, Black, One Size",Rated 2/5 from 1 Amazon shopper reviews.,https://m.media-amazon.com/images/I/618O-w-vEhL._AC_SL1000_.jpg,69.99
HESHE Leather Handbags for Women Shoulder Bags Top Handle Tote Purse Designer Crossbody Hobo Satchel Ladies Purses,Rated 4.1/5 from 179 Amazon shopper reviews.,https://m.media-amazon.com/images/I/61I1hPPESfL._AC_UL1100_.jpg,69.99
Heshe Leather Womens Handbags Tote Top Handle Bucket Bag Shoulder Bags Satchel Ladies Purses Crossbody Bag,Rated 4.4/5 from 32 Amazon shopper reviews.,https://m.media-amazon.com/images/I/81bVJ7I1unL._AC_UL1500_.jpg,69.99
HESHE Women’s Genuine Leather Backpack Casual Style Flap Backpacks Daypack for Ladies (Black),Rated 4.2/5 from 110 Amazon shopper reviews.,https://m.media-amazon.com/images/I/71LG7jUtoDL._AC_SL1107_.jpg,69.99
Mistour Genuine Leather Backpack Purse for Women Convertible Fashion Travel Soft Real Leather Purse Backpack for Womens (Black),Rated 4.8/5 from 33 Amazon shopper reviews.,https://m.media-amazon.com/images/I/81JHzw7iamL._AC_SL1500_.jpg,69.99
Genuine Real Stingray Skin Leather One Eye Trifold Clutch Brown Wallet,Rated 5/5 from 2 Amazon shopper reviews.,https://m.media-amazon.com/images/I/71WHitUEWaL._AC_SL1200_.jpg,69.99
S-ZONE Genuine Leather Tote Bag for Women Soft Shoulder Handbag Ladies Purse with Canvas Pouch,Rated 4.6/5 from 30 Amazon shopper reviews.,https://m.media-amazon.com/images/I/714mto934lL._AC_UL1500_.jpg,69.99
Genuine Leather Backpack for Women Elegant Ladies Travel Shoulder Bag,Rated 4.4/5 from 155 Amazon shopper reviews.,https://m.media-amazon.com/images/I/81E3pqFOVhL._AC_SL1500_.jpg,69.99
Miuco Womens Beaded Handbags Handmade Weave Crystal Pearl Tote Bags,Rated 4.7/5 from 354 Amazon shopper reviews.,https://m.media-amazon.com/images/I/71CYHw19YxL._AC_UL1500_.jpg,69.99
JW PEI Women's Lily Shoulder Bag,Rated 4.1/5 from 208 Amazon shopper reviews.,https://m.media-amazon.com/images/I/51ARPIm3A8L._AC_UL1500_.jpg,69.99
Handbags for Women Genuine Leather Hobo Bag Ladies Purses Crossbody Bags with Tassel,Rated 3.9/5 from 17 Amazon shopper reviews.,https://m.media-amazon.com/images/I/81CcX6+ojPL._AC_UL1500_.jpg,69.99
"angilifan X Large Rubber Waterproof Beach Tote Bag, Washable Anti-tip Durable Beach Storage Basket Hole Opening Tote Bag",Rated 4.5/5 from 86 Amazon shopper reviews.,https://m.media-amazon.com/images/I/61gii0FgsDL._AC_UL1500_.jpg,69.99
"Lieseh Ladies tote bags, handbags, backpacks can be freely switched to suitable life scenes, equipped with inner bags",Rated 4.3/5 from 21 Amazon shopper reviews.,https://m.media-amazon.com/images/I/61rwd-yR0-L._AC_UL1500_.jpg,69.99
"Leather Handbags for Women, Ladies Top-handle Bags with Adjustable Strap",Rated 4.2/5 from 451 Amazon shopper reviews.,https://m.media-amazon.com/images/I/71w8HzKGdhL._AC_UL1200_.jpg,69.99
S-ZONE Women Genuine Leather Backpack Purse Anti-theft Travel Rucksack Convertible Shoulder Bag Medium,Rated 4.5/5 from 474 Amazon shopper reviews.,https://m.media-amazon.com/images/I/811+SSdd91L._AC_UL1500_.jpg,69.99
HESHE Genuine Leather Purses and Handbags for Women Tote Top Handle Shoulder Hobo Bag Satchel Ladies Crossbody Bags,"Rated 4.3/5 from 1,492 Amazon shopper reviews.",https://m.media-amazon.com/images/I/81O4bOQs18L._AC_UL1500_.jpg,69.99
Loungefly Disney Minnie Mouse Pink Polka Dot Bow Strap Crossbody Purse Handbag,Rated 4.8/5 from 48 Amazon shopper reviews.,https://m.media-amazon.com/images/I/61FQfYTIKVL._AC_UL1000_.jpg,69.99
"Chokoter Beach Bag, Waterproof Beach Tote, Rubber XL Tote Bag, Washable and Durable Open Handbag for Boat Pool Sports Gym (Light Blue 2)",Rated 4.4/5 from 13 Amazon shopper reviews.,https://m.media-amazon.com/images/I/61TTilB02-L._AC_SL1500_.jpg,69.99
YEMESYAS Evening Bag Women's Fashion AAA Rhinestone Metal Chain Clutch Bag,Rated 4.5/5 from 56 Amazon shopper reviews.,https://m.media-amazon.com/images/I/91NyeBTQU9L._AC_UL1500_.jpg,69.99
S-ZONE Women Genuine Leather Bucket Shoulder Bag Vintage Crossbody Purse with Outer Pocket,Rated 4.3/5 from 79 Amazon shopper reviews.,https://m.media-amazon.com/images/I/81o3FP5WAKL._AC_UL1500_.jpg,69.99
Loungefly Corpse Bride Emily Bouquet Womens Double Strap Shoulder Bag Purse,Rated 4.8/5 from 92 Amazon shopper reviews.,https://m.media-amazon.com/images/I/71EkY3Q+EtL._AC_SL1500_.jpg,69.99
"FOXER Small Leather Satchel Handbags for Women, Genuine Leather Ladies Shoulder Bags",Rated 4.5/5 from 16 Amazon shopper reviews.,https://m.media-amazon.com/images/I/61Wt9tId3iL._AC_UL1200_.jpg,69.99
Wonder Woman Movie Juniors Sidekick Handbag - ST,Rated 4.7/5 from 28 Amazon shopper reviews.,https://m.media-amazon.com/images/I/61Y747b8XPL._AC_UL1001_.jpg,69.99
"Visconti Leather Small Shoulder, Messenger Cross-Body Sling Bag Handbag, Brown, One Size",Rated 3.7/5 from 31 Amazon shopper reviews.,https://m.media-amazon.com/images/I/71Yrjwox3JL._AC_SL1488_.jpg,69.99
Loungefly Disney Stitch Allover Print Canvas Tote Bag Standard,Rated 3.4/5 from 13 Amazon shopper reviews.,https://m.media-amazon.com/images/I/81Ybvs6FWwL._AC_SL1500_.jpg,69.99
"Berliner Bags Vintage Leather Shoulder Bag Marbella, Small Crossbody Handbag for Women - Brown",Rated 4.3/5 from 206 Amazon shopper reviews.,https://m.media-amazon.com/images/I/810OFrzduqL._AC_SL1500_.jpg,69.99
Wesccimo Genuine Leather Backpack Purse For Women Large Travel Bag Fashion Backpack Anti Theft Designer Satchel Brown,Rated 3.5/5 from 3 Amazon shopper reviews.,https://m.media-amazon.com/images/I/91NajZqGYWL._AC_SL1500_.jpg,69.99
Scootree Medium Leather Tote Bag for Women with Hand Wallet,Rated 4.8/5 from 9 Amazon shopper reviews.,https://m.media-amazon.com/images/I/71zJbgpL0iL._AC_UL1500_.jpg,69.99
FALAN MULE Backpack Purse for Women Genuine Leather Convertible Designer Satchel Handbags Ladies Shoulder Bags,Rated 4.7/5 from 4 Amazon shopper reviews.,https://m.media-amazon.com/images/I/81la5dxQ04L._AC_SL1500_.jpg,69.99
"Foldable Travel Duffel Bag Tote Carry On Luggage Sport Duffle Week-ender Overnight, Gym Duffel Bag, Travel Shopping Laundry Camping (Pink)",Rated 3.4/5 from 5 Amazon shopper reviews.,https://m.media-amazon.com/images/I/71uBaV6nx8L._AC_SL1500_.jpg,69.99
"Woven Tote Bag, Women Macaron Soft Leather Weave Handbag Purse Wrist Bag Large Capacity Work Shopping Travel Daily",Rated 4.5/5 from 38 Amazon shopper reviews.,https://m.media-amazon.com/images/I/61MUfhqbX8L._AC_UL1000_.jpg,69.98
Girly HandBags Leather Snake Skin Rigid Cross Body Shoulder Bag,Rated 4.4/5 from 542 Amazon shopper reviews.,https://m.media-amazon.com/images/I/71RAoHhevtL._AC_UL1339_.jpg,69.97
ELIZO Leather Tote Bag for Women Genuine Leather Shoulder Bag Work Totes For Women Large Purse Bag,Rated 4.5/5 from 42 Amazon shopper reviews.,https://m.media-amazon.com/images/I/81NQDdcaoKL._AC_UL1500_.jpg,69.97
Leg Avenue Women's 3 Piece Thief Of Hearts Peasant Dress And Hat With Feather And Satchel,Rated 4.1/5 from 49 Amazon shopper reviews.,https://m.media-amazon.com/images/I/71zlzjOtDyL._AC_UL1500_.jpg,69.95
Drew Lennox Womens Large Purse and Wallet - Luxury Buttery Soft Real Leather - Fuchsia Pink,Rated 4.3/5 from 10 Amazon shopper reviews.,https://m.media-amazon.com/images/I/81Wcv0Dx5NL._AC_SL1500_.jpg,69.95
"SLNT RFID & NFC Blocking Leather Clutch Handbag - Made with Premium Materials, 6 Card Slots, Passport Pocket, & Internal Zipper Pouch, Perfect for Travel - Prevents Hacking & Identity Theft (Black)",Rated 3.3/5 from 29 Amazon shopper reviews.,https://m.media-amazon.com/images/I/21HErxmoLfL._AC_.jpg,69.95
FOXLOVER Leather Satchel Handbags for Women Trendy Shoulder Bag Purses Designer Top Handle Crossbody Bag,Rated 4.2/5 from 8 Amazon shopper reviews.,https://m.media-amazon.com/images/I/61g-pViqBLL._AC_UL1500_.jpg,69.90
Like Dreams Women Soft Sherpa Tote Vintage Vegan Leather Winter Fashion Handbag Purse,Rated 4.1/5 from 38 Amazon shopper reviews.,https://m.media-amazon.com/images/I/81zZbTlzpxL._AC_UL1500_.jpg,69.88
Pendleton Women's Foldover Clutch,Rated 3.9/5 from 22 Amazon shopper reviews.,https://m.media-amazon.com/images/I/916qxGtEBcL._AC_UL1500_.jpg,69.50
Roma Leathers Square Concealed Carry Purse - Genuine Leather Handbag Designed in USA,Rated 4.2/5 from 17 Amazon shopper reviews.,https://m.media-amazon.com/images/I/81Ns5uAtGFL._AC_UL1500_.jpg,69.50
"Corkor Cork Purse – Cork Handbags for Women, Vegan Crossbody Bag Cruelty Free Black Color",Rated 4.6/5 from 311 Amazon shopper reviews.,https://m.media-amazon.com/images/I/81XwbmDnQtL._AC_UL1500_.jpg,69.50
"FJALL RAVEN(フェールラーベン) Women Backpack, Royal Blue-Goose Eye, One Size",Rated 4.5/5 from 277 Amazon shopper reviews.,https://m.media-amazon.com/images/I/816fkbs1bfL._AC_SL1500_.jpg,69.41
"Kipling Women’s Izellah Crossbody, Super Light Everyday Purse, Nylon Shoulder Bag, Black Noir",Rated 4.7/5 from 122 Amazon shopper reviews.,https://m.media-amazon.com/images/I/71++8xUrajL._AC_SL1500_.jpg,69.30
"Laurel Burch Shoulder Tote, 16 by 5 by 14-inch, Whiskered Cats, White",Rated 5/5 from 3 Amazon shopper reviews.,https://m.media-amazon.com/images/I/71ygBJDHMDL._AC_SL1200_.jpg,69.29
Ladies Luxury Soft Black (Multi Colored Inside) Hand Double-Stitched Real Nappa Leather RFID blocking Small Multi Fall Purse Large Multi Credit Card Wallet with Zip Up Coin Compartment,Rated 4.2/5 from 31 Amazon shopper reviews.,https://m.media-amazon.com/images/I/71RecijspZL._AC_UL1500_.jpg,69.27
Loungefly Harry Potter Expecto Patronus All Over Print Womens Double Strap Shoulder Bag Purse,"Rated 4.9/5 from 1,032 Amazon shopper reviews.",https://m.media-amazon.com/images/I/714vAGqlMNL._AC_SL1000_.jpg,69.25
Loungefly Disney Winnie the Poof 95th Anniversay Celebration Toss Womens Double Strap Shoulder Bag Purse,Rated 4.8/5 from 239 Amazon shopper reviews.,https://m.media-amazon.com/images/I/71KwyefN6lL._AC_UL1500_.jpg,69.24
Myra Bag Camel Upcycled Canvas & Cowhide Tote Bag S-1465,Rated 4.6/5 from 137 Amazon shopper reviews.,https://m.media-amazon.com/images/I/61zqdwt5BbL._AC_UL1000_.jpg,69.03
Sakroots Women's Large Smartphone Crossbody,Rated 4.7/5 from 73 Amazon shopper reviews.,https://m.media-amazon.com/images/I/91C+MOCBeRL._AC_UL1500_.jpg,69.00
Loungefly Disney Nightmare Before Christmas Tarot Card AOP Womens Double Strap Shoulder Bag Purse,Rated 4.8/5 from 452 Amazon shopper reviews.,https://m.media-amazon.com/images/I/71hllD1oO4L._AC_UL1024_.jpg,69.00
Butterfly Meadow Tote Bag,Rated 4.1/5 from 3 Amazon shopper reviews.,https://m.media-amazon.com/images/I/71bSMK5QIAL._AC_UL1002_.jpg,69.00
"SCOUT Weekender - Large, Lightweight, Water-Resistant Travel Bag For Women, Carryon, Overnight Bag- Fits in Overhead Bin",Rated 5/5 from 9 Amazon shopper reviews.,https://m.media-amazon.com/images/I/81qcI3HzRhL._AC_SL1500_.jpg,69.00
M&F Western Nocona Jean Clutch Brown One Size,Rated 5/5 from 1 Amazon shopper reviews.,https://m.media-amazon.com/images/I/51kyhTwdv4L._AC_UL1024_.jpg,69.00
"Pacsafe RFIDsafe RFID Blocking TEC Slider Wallet Travel Purse, Black",Rated 4.2/5 from 50 Amazon shopper reviews.,https://m.media-amazon.com/images/I/31IOlQeYmgS._AC_SL1330_.jpg,69.00
HUDSON Women's Wide Leg Paper Bag Trouser,Rated 5/5 from 2 Amazon shopper reviews.,https://m.media-amazon.com/images/I/71GFbOebmcL._AC_UL1500_.jpg,69.00
"Sherpani Vale, Anti Theft Crossbody Purse, Tote Bag, Travel Shoulder Bag, Crossbody Bags for Women",Rated 4.7/5 from 600 Amazon shopper reviews.,https://m.media-amazon.com/images/I/81tHfrzdkkL._AC_UL1500_.jpg,69.00
Manhattan Portage MIDNIGHT REMSEN STREET TOTE,Rated 4/5 from 2 Amazon shopper reviews.,https://m.media-amazon.com/images/I/81ELWHlVRQL._AC_UL1500_.jpg,69.00
The Horse Moon Clutch | Plum,Rated 5/5 from 1 Amazon shopper reviews.,https://m.media-amazon.com/images/I/717jExYoivL._AC_UL1024_.jpg,69.00
CAIHONG Drawstring Backpack Bulk Red 100 Pcs - String Backpack Drawstring Bags Cinch Bag Sackpack for Women Gym,Rated 4.7/5 from 100 Amazon shopper reviews.,https://m.media-amazon.com/images/I/71zZKTHgIQL._AC_SL1500_.jpg,68.99
LMKIDS Women Vegan Leather Hand-Woven Tote Handbag Fashion Shoulder Top-handle Bag All-Match Underarm Bag with Purse,Rated 4.4/5 from 48 Amazon shopper reviews.,https://m.media-amazon.com/images/I/61PARz4FllL._AC_UL1500_.jpg,68.98
PRIMO SACCHI Italian Leather Hand Made Adjustable Strap Cross Body or Shoulder Bag Handbag Purse,"Rated 4.5/5 from 1,105 Amazon shopper reviews.",https://m.media-amazon.com/images/I/81SRh-rIgmS._AC_UL1500_.jpg,68.95
Pielino Genuine Leather Travel Crossbody Handbag with RFID Organizer Pocket 93903,Rated 4.6/5 from 17 Amazon shopper reviews.,https://m.media-amazon.com/images/I/61N-9SQJ3NL._AC_UL1100_.jpg,68.95
MYHOZEE Beach Bag Large Rubber Tote Bag With Holes for Women Summer Travel Bag Swimmer Pool Bags for Boating,Rated 4.7/5 from 20 Amazon shopper reviews.,https://m.media-amazon.com/images/I/61+HNVoBHFL._AC_UL1500_.jpg,68.95
Loungefly Looney Tunes Tweety Plush Womens Double Strap Shoulder Bag Purse,Rated 4.8/5 from 127 Amazon shopper reviews.,https://m.media-amazon.com/images/I/51xca8TPghL._AC_SL1000_.jpg,68.84
"Kipling womens Gabbie crossbody bag, Green Moss, Medium US",Rated 4.4/5 from 23 Amazon shopper reviews.,https://m.media-amazon.com/images/I/91++C5X3daL._AC_SL1500_.jpg,68.55
Amerileather Multi-Colored Kaleidoscope Tote (#1732-9),Rated 4.1/5 from 19 Amazon shopper reviews.,https://m.media-amazon.com/images/I/51OcRluT-8L._AC_.jpg,68.31
Fashion Leather Women Handbags & Wallets Shoulder Messenger Mother Bag Top-Handle Bags Crocodile Pattern Portable Boston Bags,Rated 4.1/5 from 9 Amazon shopper reviews.,https://m.media-amazon.com/images/I/61LfXCgfNlL._AC_UL1000_.jpg,68.00
Pelgio Genuine Python Snake Skin Leather Women's Trifold Clutch Wallet (Reticulated Natural),Rated 4/5 from 39 Amazon shopper reviews.,https://m.media-amazon.com/images/I/91OQPIio8zL._AC_SL1500_.jpg,68.00
AmeriBag Healthy Back Bag tote Print Small,Rated 4.5/5 from 25 Amazon shopper reviews.,https://m.media-amazon.com/images/I/81RleJu-t7L._AC_UL1500_.jpg,68.00
Pelgio Genuine Stingray Skin Checkbook Wallet Clutch Purse (Black),Rated 4.1/5 from 26 Amazon shopper reviews.,https://m.media-amazon.com/images/I/918FjRFKPkL._AC_SL1500_.jpg,68.00
joy susan Kerri Side-Pocket Backpack: Womens/Vegan,Rated 3.7/5 from 51 Amazon shopper reviews.,https://m.media-amazon.com/images/I/71vWrANgI0L._AC_SL1440_.jpg,68.00
joy susan Womens 3-in-1 North/South Bella Tote Bag,Rated 4.1/5 from 21 Amazon shopper reviews.,https://m.media-amazon.com/images/I/41tLaEWpuiL._AC_UL1000_.jpg,68.00
Rock Rebel Mistress Black on Black Victorian Damask Retro Kisslock Purse,Rated 3.6/5 from 19 Amazon shopper reviews.,https://m.media-amazon.com/images/I/61cXMIyGBDL._AC_UL1280_.jpg,68.00
Roma Leather Pistol Concealment Purse w/Buckle,Rated 4.5/5 from 9 Amazon shopper reviews.,https://m.media-amazon.com/images/I/71sIT9w4ekL._AC_UL1500_.jpg,67.99
JW PEI Women's Mini Flap Crossbody,"Rated 4.6/5 from 1,486 Amazon shopper reviews.",https://m.media-amazon.com/images/I/710DR38gAZL._AC_UL1500_.jpg,67.99
Touchstone NEW Traditional Indian Handcrafted Attractive Petals Pattern Fancy Shopping Gifts Jewelry Wedding Vibrant Multicolor Sweet Distribution Drawstring Bags Set Of 20 For Women.,Rated 4.6/5 from 3 Amazon shopper reviews.,https://m.media-amazon.com/images/I/A1DLOz1LoAL._AC_SL1500_.jpg,67.99
HESHE Leather Purses for Women Vintage Crossbody Small Satchel Designer Shoulder HandBags for Ladies,Rated 4.6/5 from 142 Amazon shopper reviews.,https://m.media-amazon.com/images/I/81oDtF2QxuL._AC_UL1500_.jpg,67.99
Nike Radiate 20L Gym Tote Bag ba5527-460,Rated 4/5 from 36 Amazon shopper reviews.,https://m.media-amazon.com/images/I/51BhheEOsCL._AC_UL1200_.jpg,67.98
Bulldog Cases Satchel Style Purse with Holster,Rated 4.2/5 from 475 Amazon shopper reviews.,https://m.media-amazon.com/images/I/818i5xZ078L._AC_SL1500_.jpg,67.97
Mesh Beach Bag Tote Extral Large With Pockets and Top Zipper Travel and Picnic Waterproof Cooler Shoulder Bags,Rated 4.3/5 from 46 Amazon shopper reviews.,https://m.media-amazon.com/images/I/71y4rMOfVLL._AC_UL1200_.jpg,67.97
Girly HandBags Italian Suede Leather Envelope Clutch,Rated 4.8/5 from 4 Amazon shopper reviews.,https://m.media-amazon.com/images/I/81Rw-vxETRL._AC_UL1500_.jpg,67.97
Pielino Genuine Leather Crossbody Handbag with Large Front Pocket 3107,Rated 3/5 from 3 Amazon shopper reviews.,https://m.media-amazon.com/images/I/51ZCX1D5+WL._AC_UL1200_.jpg,67.95
Fawziya Butterfly Tassel Fur Purses Horsehair Leather Crystal Shoulder Bag,Rated 5/5 from 3 Amazon shopper reviews.,https://m.media-amazon.com/images/I/51LIjnMb8QL._AC_UL1200_.jpg,67.58
CHALA Handbags Charming Crossbody or Shoulder Convertible Large Chala Purse - BLACK,Rated 4.7/5 from 194 Amazon shopper reviews.,https://m.media-amazon.com/images/I/61L8tERUU4L._AC_UL1005_.jpg,67.50
"Kipling Women's Syro Crossbody, Organize Accessories, Surprisingly Spacious, Adjustable Strap, Nylon Bag",Rated 4.6/5 from 284 Amazon shopper reviews.,https://m.media-amazon.com/images/I/818mXC62DJL._AC_UL1500_.jpg,67.50
"adidas Women's Squad IV Duffel, Jersey Onix/Onix/Rose Gold, One Size","Rated 4.7/5 from 1,396 Amazon shopper reviews.",https://m.media-amazon.com/images/I/81NVIbxICVL._AC_SL1500_.jpg,67.47
Loungefly Disney Ultimate Princesses All Over Print Sequin Womens Double Strap Shoulder Bag Purse,Rated 4.9/5 from 114 Amazon shopper reviews.,https://m.media-amazon.com/images/I/51vrGdP0olL._AC_UL1000_.jpg,67.24
Lucky Brand Lula Tote,Rated 5/5 from 2 Amazon shopper reviews.,https://m.media-amazon.com/images/I/81dGgK-1GpL._AC_UL1500_.jpg,67.14
"Laurel Burch 277796 Scoop Tote Zipper Top 19.5""X5""X15"", Celestial Felines",Rated 4.3/5 from 11 Amazon shopper reviews.,https://m.media-amazon.com/images/I/81cZnqHk7AL._AC_SL1200_.jpg,67.13
Valentino by Mario Valentino Women’s Divina Sa bag,Rated 4.1/5 from 259 Amazon shopper reviews.,https://m.media-amazon.com/images/I/61DB5i9ohFL._AC_UL1000_.jpg,67.10
Roma Leathers Light Brown Crossbody Leather Locking Concealment Handbag / Purse with Holster,Rated 4/5 from 11 Amazon shopper reviews.,https://m.media-amazon.com/images/I/91voPkrkNFL._AC_UL1500_.jpg,66.99
40 Pieces Sublimation Tote Bags Bulk 15 x 13 Inch Canvas Tote Bags Reusable Grocery Bags Natural DIY Crafts Blank Bag with Handles for DIY School Graduation Gift Tie Dye Project,Rated 4.6/5 from 25 Amazon shopper reviews.,https://m.media-amazon.com/images/I/71Mqi4KtESL._AC_UL1500_.jpg,66.99
Under Armour Women's Hustle Signature Backpack,Rated 4.6/5 from 200 Amazon shopper reviews.,https://m.media-amazon.com/images/I/61HmJ2pnBaL._AC_UL1000_.jpg,66.99
Girly HandBags Italian Suede Leather Shoulder Bag,Rated 4.1/5 from 658 Amazon shopper reviews.,https://m.media-amazon.com/images/I/71heLFzgw5L._AC_UL1500_.jpg,66.97
"Yuxahiug Ladies Wallet, Women Wallets Long Patent Leather Large Capacity Lady Clutch Purse Card Holder Wallet (Color : Brown)",Rated 5/5 from 1 Amazon shopper reviews.,https://m.media-amazon.com/images/I/41qYCw+BSNS._AC_.jpg,66.82
Two Fold Clutch Wallet - 1869,Rated 5/5 from 1 Amazon shopper reviews.,https://m.media-amazon.com/images/I/71Qdq4icKSL._AC_SL1001_.jpg,66.76
FOXLOVER Women's Genuine Leather Fashion Backpacks Purse College Student Book Bags Travel Shoulder Bag with Tassel (Black) Medium,Rated 4.3/5 from 34 Amazon shopper reviews.,https://m.media-amazon.com/images/I/71GVLESFftL._AC_SL1500_.jpg,66.58
Baggallini International Sorrento RFID Hobo Bag,Rated 4.5/5 from 78 Amazon shopper reviews.,https://m.media-amazon.com/images/I/71zNOwFF31L._AC_UL1500_.jpg,66.50
Chala Sweet Tote Shoulder Bag Rose,Rated 4.7/5 from 54 Amazon shopper reviews.,https://m.media-amazon.com/images/I/713Xb2kSX1L._AC_UL1005_.jpg,66.50
Chala Convertible Shoulder/Crossbody Large Tote Handbag with Teal Butterfly Purse Charm,Rated 5/5 from 10 Amazon shopper reviews.,https://m.media-amazon.com/images/I/61BsfUf6zXL._AC_UL1005_.jpg,66.50
"totes 50th Anniversary Auto Open Stick, Raindrop",Rated 4.9/5 from 80 Amazon shopper reviews.,https://m.media-amazon.com/images/I/81MUd7P9ImL._AC_SL1500_.jpg,66.18
Michelle Obama Magazine Cover Print Multi Pocket 3 in 1 Single Strap Hobo Purse Handbag Crossbody Bag Wallet SET,Rated 4.7/5 from 211 Amazon shopper reviews.,https://m.media-amazon.com/images/I/7174Nz-2ZuL._AC_UL1000_.jpg,66.00
joy susan Crossbody Bucket Bag: Brynn Handbag,Rated 5/5 from 2 Amazon shopper reviews.,https://m.media-amazon.com/images/I/818Uu+7UtkL._AC_UL1500_.jpg,66.00
joy susan Crossbody Handbag Purse: Aria Ring Bag,Rated 4.4/5 from 13 Amazon shopper reviews.,https://m.media-amazon.com/images/I/61sCPhP9DfL._AC_UL1200_.jpg,66.00
"ALOHA Collection Reversible Holo Holo Tote | Reversible, Lightweight, and Splash-Proof Beach Tote",Rated 4.5/5 from 45 Amazon shopper reviews.,https://m.media-amazon.com/images/I/81QvBMwmkEL._AC_UL1500_.jpg,66.00
AlgorithmBags designed for LV Neverfull GM with Zippers Luxury Purse Organizer Insert (Peony),Rated 4.2/5 from 52 Amazon shopper reviews.,https://m.media-amazon.com/images/I/91rXLC7TVeL._AC_SL1500_.jpg,66.00
"Chala Group Chala Handbags Paw Print Convertible Backpack Purse Dog Lover, 10.5'' x 10.5'' x 4''",Rated 4.7/5 from 21 Amazon shopper reviews.,https://m.media-amazon.com/images/I/61wXIhKReqL._AC_SL1005_.jpg,66.00
Jessica Simpson Angie Top Zip Hobo Shoulder Bag - Sangria,Rated 3/5 from 1 Amazon shopper reviews.,https://m.media-amazon.com/images/I/61d2CtLYmrL._AC_UL1500_.jpg,65.99
"EASRTA Tote Bag for Women, Canvas Tote Bag, Travel Tote Bag, Women Shoulder Bag, Crossbody Bag, Women Handbag (BLACK)",Rated 4.4/5 from 645 Amazon shopper reviews.,https://m.media-amazon.com/images/I/61p5ZkzPXgL._AC_UL1500_.jpg,65.99
"Montana West Ladies Concealed Gun Handbag Tooled Genuine Leather Black, Large",Rated 4.6/5 from 297 Amazon shopper reviews.,https://m.media-amazon.com/images/I/71ZBRtw-5eL._AC_UL1500_.jpg,65.99
S-ZONE Women Genuine Leather Bucket Bag Shoulder Handbags Crossbody Purse Zipper with 2 Straps Medium Tote Hobo,Rated 4.6/5 from 24 Amazon shopper reviews.,https://m.media-amazon.com/images/I/81YPHKCaUML._AC_UL1500_.jpg,65.99
Montana West Women's Western Handbag Tooling Tote Bag Conceal Carry Purse with Detachable Holster,Rated 4.6/5 from 652 Amazon shopper reviews.,https://m.media-amazon.com/images/I/91McsNjBooS._AC_UL1500_.jpg,65.99
S-ZONE Genuine Leather Tote Bag for Women Vintage Briefcase Shoulder Work Purse Large Handbag 15.6 inch,Rated 3.9/5 from 48 Amazon shopper reviews.,https://m.media-amazon.com/images/I/81W91c0a32L._AC_UL1500_.jpg,65.99
"Travel Duffel Bag,Sports Tote Gym Bag,Weekender Bag,Overnight Bags for Women with Wet Pocket and Trolley Sleeve,Dusty Pink",Rated 4.2/5 from 15 Amazon shopper reviews.,https://m.media-amazon.com/images/I/71ZGlZfc1RS._AC_SL1500_.jpg,65.99
"Jackie&Jill Crossbody Bag Purses for Women,Medium Cork & Vegen Leather Shoulder bags, Multi Pocket Casual womens purses.",Rated 4.4/5 from 38 Amazon shopper reviews.,https://m.media-amazon.com/images/I/71RNUsAyoxL._AC_UL1200_.jpg,65.99
S-ZONE Women Genuine Leather Backpack Purse Travel Handbag College Medium,"Rated 4.6/5 from 1,021 Amazon shopper reviews.",https://m.media-amazon.com/images/I/81ti4+rmICL._AC_UL1500_.jpg,65.99
Ruiatoo Handbag for Women Flower Fashion Satchel Tote PU Leather Shoulder Bags with Strap,Rated 3.9/5 from 44 Amazon shopper reviews.,https://m.media-amazon.com/images/I/61+GvaBr3WL._AC_UL1001_.jpg,65.99
"DIME BAGS Urban Tote | Hemp Unisex Purse | Spacious Storage and Adjustable, Removable Shoulder Strap",Rated 4.4/5 from 112 Amazon shopper reviews.,https://m.media-amazon.com/images/I/91gGcvm4URL._AC_UL1500_.jpg,65.99
JESSWOKO Women Fashion Crossbody Small Square Top Handle Hand Bag Leather Satchel Bags Purse Handbags for Women,Rated 4/5 from 2 Amazon shopper reviews.,https://m.media-amazon.com/images/I/61Oc-KzNxFL._AC_UL1500_.jpg,65.99
S-ZONE Genuine Leather Tote Bag for Women Shoulder Purses 15.6 inch Work Laptop Briefcase,Rated 4.1/5 from 62 Amazon shopper reviews.,https://m.media-amazon.com/images/I/81+9ZdEsRIL._AC_UL1500_.jpg,65.99
"IDEAL Electrical 35-426 Journeyman Electrician's Tote – Black/Blue Multi-Ply Tool Kit Bag with Removable Shoulder Strap, Reinforced Opening,",Rated 3.8/5 from 10 Amazon shopper reviews.,https://m.media-amazon.com/images/I/91fl59nYu+L._AC_SL1500_.jpg,65.96
PRIMO SACCHI Ladies Italian Smooth Leather MICRO Shoulder Bag Handbag Purse,Rated 4.5/5 from 861 Amazon shopper reviews.,https://m.media-amazon.com/images/I/81cx6pY+aHL._AC_UL1500_.jpg,65.95
Amerileather Dream Catcher Pouch Handbag (#1760-9) Rainbow,Rated 4.1/5 from 31 Amazon shopper reviews.,https://m.media-amazon.com/images/I/51Kad1V-IQL._AC_.jpg,65.95
PRIMO SACCHI Ladies Italian Suede Leather Small Micro Triangle Crossbody Shoulder Bag Handbag Purse,Rated 4.6/5 from 131 Amazon shopper reviews.,https://m.media-amazon.com/images/I/91bVart0b4L._AC_UL1500_.jpg,65.95
Baggallini New Classic Heritage Anywhere Large Hobo with RFID Phone Wristlet,Rated 4.5/5 from 444 Amazon shopper reviews.,https://m.media-amazon.com/images/I/A1eRxxf6tIL._AC_UL1500_.jpg,65.84
QZUnique Women's Cowhide Genuine Leather Cross Body Shoulder Handle Amphibious Bag,Rated 4.2/5 from 48 Amazon shopper reviews.,https://m.media-amazon.com/images/I/71CwXFhU-LL._AC_UL1024_.jpg,65.84
Sakroots Berkeley Convertible Tote in Repreve Eco-Twill,Rated 4.6/5 from 11 Amazon shopper reviews.,https://m.media-amazon.com/images/I/91j13mYW6vL._AC_UL1500_.jpg,65.76
"PinMart Patriotic Eagle Pin – Soaring American Eagle–Antique, Gold or Nickel Plated Enamel Lapel Pin with Clutch Back for Coats, Suit Jackets, and Lanyards","Rated 4.7/5 from 1,415 Amazon shopper reviews.",https://m.media-amazon.com/images/I/71R8bkXQaqL._AC_UL1500_.jpg,65.75
Banuce Leather Handbags for Women Purse Large Capacity Shoulder Tote Bag for A4 and 9.7 Inch iPad,Rated 4.7/5 from 3 Amazon shopper reviews.,https://m.media-amazon.com/images/I/71fzEiRGumL._AC_UL1500_.jpg,65.69
"Kipling Women’s Alvar Crossbody, Super Light, Durable Messenger, Nylon Shoulder Bag",Rated 4.7/5 from 96 Amazon shopper reviews.,https://m.media-amazon.com/images/I/81rGesGdeLL._AC_UL1500_.jpg,65.26
LAORENTOU Cow Leather Tote Handbag for Women Satchel Shoulder Bags Top-handle Purses Ladies Handbags,Rated 4.1/5 from 51 Amazon shopper reviews.,https://m.media-amazon.com/images/I/610YZLwct0L._AC_UL1200_.jpg,65.09
Well Read Book Themed Purse for Literary Lovers - Ideal Literary Gift for Readers & Bookworms - Handbag & Crossbody Bag,Rated 4.7/5 from 326 Amazon shopper reviews.,https://m.media-amazon.com/images/I/81LYV2UdN8L._AC_UL1500_.jpg,65.00
"Lola Lole Woman's Shopping Handbag Tote Versatile, Durable",Rated 5/5 from 2 Amazon shopper reviews.,https://m.media-amazon.com/images/I/81wLXTEGoyS._AC_UL1500_.jpg,65.00
CHALA CV-Venture Zip Around Tote,Rated 4.6/5 from 36 Amazon shopper reviews.,https://m.media-amazon.com/images/I/51a9rJwmyuL._AC_UL1005_.jpg,65.00
Tocco Goods Natural Canvas Tote Bag Genuine Leather Handles with Crossbody Strap Multiple Pockets Natural Light Tan,Rated 4.7/5 from 9 Amazon shopper reviews.,https://m.media-amazon.com/images/I/71em+1gUYPL._AC_UL1500_.jpg,65.00
KWANI Crinkle Shoulder Tote Bags for Women and Ladies,Rated 4.3/5 from 24 Amazon shopper reviews.,https://m.media-amazon.com/images/I/51QMbv-TggL._AC_UL1200_.jpg,65.00
"JuJuBe | The Bestie Women's Purse, Handbag for Women, Backpack for Moms",Rated 3.7/5 from 15 Amazon shopper reviews.,https://m.media-amazon.com/images/I/81WV-bKbBwL._AC_UL1500_.jpg,65.00
Loungefly Women's Funko Villainous Valentines Double Strap Shoulder Bag Purse,Rated 4.7/5 from 52 Amazon shopper reviews.,https://m.media-amazon.com/images/I/610WRLXC+jL._AC_UL1000_.jpg,65.00
JeHouze Fashion Women Anti-Theft Shoulder Handbag Leather Backpack Casual Bag,Rated 4.2/5 from 136 Amazon shopper reviews.,https://m.media-amazon.com/images/I/51WYmmN79KL._AC_UL1031_.jpg,65.00
AmeriBag Classic Healthy Back Bag® tote Distressed Nylon Extra Small (Blue Night),Rated 4.4/5 from 40 Amazon shopper reviews.,https://m.media-amazon.com/images/I/71V05Sep3tL._AC_UL1500_.jpg,65.00
Zinda Genuine Leathers Unisex City Backpack Tablet Compatible Multiple Pockets Bookbag Satchel Daypack (Beige),Rated 3.5/5 from 8 Amazon shopper reviews.,https://m.media-amazon.com/images/I/81u2x6diatS._AC_SL1500_.jpg,65.00
KKP Handbag Versatile soft leather messenger bag High texture single shoulder bag,Rated 3.8/5 from 28 Amazon shopper reviews.,https://m.media-amazon.com/images/I/51weX1wleiL._AC_.jpg,65.00
Handmade Leather Wallet Brown Woman Travel Purse Long Passport Wallet,Rated 5/5 from 1 Amazon shopper reviews.,https://m.media-amazon.com/images/I/817B2dqh-pL._AC_SL1500_.jpg,65.00
JeHouze Women's Genuine Leather Messenger Crossbody Medium Handbag Shoulder Vintage Purse,Rated 4.1/5 from 20 Amazon shopper reviews.,https://m.media-amazon.com/images/I/61u1xHkdg6L._AC_UL1022_.jpg,65.00
"Tag&Crew Brooklyn Tote Canvas Bag with Leather Handles, Zippered Flap, 3 Pockets, Adjustable Shoulder Strap",Rated 4.2/5 from 47 Amazon shopper reviews.,https://m.media-amazon.com/images/I/61f9Ck-mBJL._AC_UL1100_.jpg,65.00
"Boba Premium Faux-Leather Backpack, Crossbody, or Purse (Milk Tea)",Rated 4.9/5 from 50 Amazon shopper reviews.,https://m.media-amazon.com/images/I/71B5NWGcmNL._AC_SL1500_.jpg,65.00
"RTIC Multipurpose Small Waterproof Tote Bag for Beach, Pool Towel, Boat, Grocery Shopping, Camping, Picnic, Travel, Puncture Proof",Rated 4.5/5 from 6 Amazon shopper reviews.,https://m.media-amazon.com/images/I/51zhDPa9rsL._AC_UL1000_.jpg,64.99
Conceal Carry Purse Handbag CCW Tote Shoulder Bag | Gun Purse | Black,Rated 5/5 from 3 Amazon shopper reviews.,https://m.media-amazon.com/images/I/51hU-NQmoBL._AC_.jpg,64.99
Loungefly Star Wars Kylo Ren and Rey Mixed Emotions Womens Double Strap Shoulder Bag Purse,Rated 4.9/5 from 124 Amazon shopper reviews.,https://m.media-amazon.com/images/I/61TmXzVIQFL._AC_UL1000_.jpg,64.99
Kattee Vintage Genuine Leather Tote Shoulder Handbag for Woman With Adjustable Handles,"Rated 4.4/5 from 2,106 Amazon shopper reviews.",https://m.media-amazon.com/images/I/71qtXbns9-L._AC_UL1500_.jpg,64.99
Telena Handbags for Women Vegan Leather Bucket bags Hobo bags Shoulder Bucket Cross-body Purse,Rated 4.4/5 from 141 Amazon shopper reviews.,https://m.media-amazon.com/images/I/81UVIq6InKL._AC_UL1500_.jpg,64.99
KomalC Genuine Soft Chicago Buff Leather Tote Bag Elegant Shopper Shoulder BagSALE,Rated 4.6/5 from 320 Amazon shopper reviews.,https://m.media-amazon.com/images/I/713qMwer55L._AC_UL1500_.jpg,64.99
Kattee Genuine Leather Women Tote Bag Soft Handbags Vintage Shoulder Purses Fashion Top Handle Bag Large Capacity,"Rated 4.5/5 from 1,368 Amazon shopper reviews.",https://m.media-amazon.com/images/I/81sIZAEUwDL._AC_UL1500_.jpg,64.99
"Kipling Women's City Pack Small Backpack, Lightweight Versatile Daypack, School Bag, Metallic Glow, 10.75''L x 13.25''H x 7.5''D",Rated 4.8/5 from 110 Amazon shopper reviews.,https://m.media-amazon.com/images/I/71mEXAM7vWL._AC_SL1500_.jpg,64.99
"Le Donne Leather Runaway Crossbody Leather Women’s Handbag, 10” x 9.5” x 2”",Rated 4.7/5 from 14 Amazon shopper reviews.,https://m.media-amazon.com/images/I/61I3XmZbVQL._AC_UL1280_.jpg,64.99
"URBAGG Neoprene Tote Bag and Crossbody Bag for Women with Zipper Beach Bag Everyday Handbag, Makeup Pouch and Camo Strap",Rated 4.9/5 from 30 Amazon shopper reviews.,https://m.media-amazon.com/images/I/81yPFJnI-3L._AC_UL1500_.jpg,64.99
"Travelon Anti-Theft Boho Tote, Black, One Size",Rated 4.5/5 from 188 Amazon shopper reviews.,https://m.media-amazon.com/images/I/81VFuG+FVCL._AC_SL1500_.jpg,64.99
Loungefly Pokemon Snorlax Cosplay Womens Double Strap Shoulder Bag Purse,Rated 4.9/5 from 82 Amazon shopper reviews.,https://m.media-amazon.com/images/I/71F94XygnmL._AC_UL1500_.jpg,64.99
VELEZ Leather RFID Wallet with Wrist Strap - Long Wristlet Clutch - Womens Wallet with Coin Purse,Rated 4.5/5 from 39 Amazon shopper reviews.,https://m.media-amazon.com/images/I/71gLWNSdj4S._AC_UL1500_.jpg,64.99
S-ZONE Genuine Leather Hobo Bags for Women Shoulder Handbags Purse Soft Medium Adjustable,Rated 4.3/5 from 26 Amazon shopper reviews.,https://m.media-amazon.com/images/I/6170X9P4tzL._AC_UL1500_.jpg,64.99
"Pack of 25 - Non-Woven Promotional Drawstring Bags - Drawstring Backpack in BULK - String Backpack - String Bag - Drawstring Tote Bag - Cinch Bag - 13.5""W x 15.5""H (Purple)",Rated 5/5 from 2 Amazon shopper reviews.,https://m.media-amazon.com/images/I/81s63FD0LHL._AC_SL1500_.jpg,64.99
"Travelon Anti-Theft Essentials East/West Hobo Bag, Smoke, One Size",Rated 4.5/5 from 13 Amazon shopper reviews.,https://m.media-amazon.com/images/I/91Bvyny7LXL._AC_SL1500_.jpg,64.99
Montana West Bundle of Leather Clutch Handbag w Purse Flash Light Key Fob,Rated 4.3/5 from 8 Amazon shopper reviews.,https://m.media-amazon.com/images/I/71zoKK9dzaL._AC_UL1275_.jpg,64.99
"Leather Crossbody Bags for Women, Ladies Top-handle Bags with Shoulder Strap",Rated 4.4/5 from 109 Amazon shopper reviews.,https://m.media-amazon.com/images/I/71gDHhc7fNL._AC_UL1200_.jpg,64.99
Oyifan Leather Backpack Purse for Women Convertible Bag Travel Backpack,Rated 5/5 from 5 Amazon shopper reviews.,https://m.media-amazon.com/images/I/81QdwElNvpL._AC_SL1500_.jpg,64.99
Cath Kidston Matt Oilcloth Busy Bag Handbag Water Resistant Crossbody Tote Garden Rose Charcoal,Rated 5/5 from 8 Amazon shopper reviews.,https://m.media-amazon.com/images/I/71suqMB-kfL._AC_UL1500_.jpg,64.99
Kattee Leather Purses and Handbags for Women Small Top-handle Tote Bag Satchel Shoulder Bag,Rated 4.3/5 from 622 Amazon shopper reviews.,https://m.media-amazon.com/images/I/61xXlF5vQLL._AC_UL1000_.jpg,64.99
"BERLINER BAGS Women’s Wallet Black Leather RFID Blocking Large Ladies’ Purse with Zipper fits 15+ Cards, Cash, Coins",Rated 4.5/5 from 568 Amazon shopper reviews.,https://m.media-amazon.com/images/I/61GDVWCfTgL._AC_SL1500_.jpg,64.99
Bellroy Lite Tote (lightweight zip tote bag) - Chalk,Rated 4.1/5 from 51 Amazon shopper reviews.,https://m.media-amazon.com/images/I/41WXIxUug6L._AC_SL1200_.jpg,64.99
Women's Woven Handbag Shoulder Retro Messenger Bag Oil Wax Genuine Leather Bag Hobo Handbags Multi-Color,Rated 5/5 from 1 Amazon shopper reviews.,https://m.media-amazon.com/images/I/71WjqSebxjL._AC_SL1000_.jpg,64.99
Sakroots Campus Tote,Rated 4.7/5 from 31 Amazon shopper reviews.,https://m.media-amazon.com/images/I/A1Vq1Uq7uFL._AC_UL1500_.jpg,64.99
"Kattee Genuine Leather Backpack Purse for Women, Anti-theft Fashion Ladies Medium 2Pcs Set Shoulder Bag, Black",Rated 5/5 from 4 Amazon shopper reviews.,https://m.media-amazon.com/images/I/71+jdHt4HCL._AC_SL1500_.jpg,64.99
Madison West Women's Elle Tote,Rated 5/5 from 2 Amazon shopper reviews.,https://m.media-amazon.com/images/I/71+omy7jBTL._AC_UL1500_.jpg,64.99
Stitching Rhombus Color Leather Handbag Shoulder Messenger Bags Tote Bag For Women Shoulder Purse Laptop Work Bag,Rated 5/5 from 1 Amazon shopper reviews.,https://m.media-amazon.com/images/I/61NY-O40v+L._AC_SL1000_.jpg,64.99
Purses for Women with Zipper Pocket Crossbody Bags for Women with Tassel Women Shoulder Bag with Adjustable Strap,Rated 4.3/5 from 10 Amazon shopper reviews.,https://m.media-amazon.com/images/I/71igNqs8Y+L._AC_UL1500_.jpg,64.99
Justin West Western Embroidery Horse Turquoise Concho Rhinestone Studded Shoulder Tote Handbag Purse Wallet,Rated 4.5/5 from 49 Amazon shopper reviews.,https://m.media-amazon.com/images/I/918DvUmAo9L._AC_UL1500_.jpg,64.98
Liquorbrand Bonneville Bowler Purse with Chevron Logo,Rated 4.5/5 from 115 Amazon shopper reviews.,https://m.media-amazon.com/images/I/61g75+94GWL._AC_UL1100_.jpg,64.95
Fjallraven Women's Kanken Sling Bag,Rated 4.8/5 from 404 Amazon shopper reviews.,https://m.media-amazon.com/images/I/712d4wPJtiL._AC_UL1200_.jpg,64.95
Loungefly x Disney Princess Ice Cream Crossbody Purse,Rated 4.4/5 from 151 Amazon shopper reviews.,https://m.media-amazon.com/images/I/61MrYoCmV+L._AC_UL1500_.jpg,64.95
kreepsville 666 Elvira Bat Wing Fringe Shoulder Bag Women's Handbag Purse,Rated 4.2/5 from 7 Amazon shopper reviews.,https://m.media-amazon.com/images/I/51S438un5vL._AC_UL1000_.jpg,64.95
Kipling Women K13335 Cross-Body Bag,"Rated 4.7/5 from 1,109 Amazon shopper reviews.",https://m.media-amazon.com/images/I/915NN4HDzdL._AC_UL1500_.jpg,64.90
"Myra Bags Bucket Genuine Leather with Animal Print Tote, Brown, Size One_Size, Tan, Khaki, Brown, One_Size",Rated 4.6/5 from 477 Amazon shopper reviews.,https://m.media-amazon.com/images/I/51XUuaxUjCL._AC_UL1000_.jpg,64.90
Zelris Buckle Abstract Butterfly Artwork Women Conceal Carry Handbag Wallet Set,Rated 4.3/5 from 17 Amazon shopper reviews.,https://m.media-amazon.com/images/I/91fzcFxt0wL._AC_UL1500_.jpg,64.89
Bulldog Cases Medium Crossbody Concealed Carry Purse,Rated 3.6/5 from 39 Amazon shopper reviews.,https://m.media-amazon.com/images/I/61CMwFIgu3L._AC_SL1200_.jpg,64.79
"Liquorbrand Liquor Brand Ouija Board II Occult Horror Goth Round Purse Handbag, Black, Medium",Rated 4.7/5 from 257 Amazon shopper reviews.,https://m.media-amazon.com/images/I/61lHTM8Ks7L._AC_UL1100_.jpg,64.75
Roma Leathers Leather Locking Concealment Purse - CCW Concealed Carry Gun Shoulder Bag,"Rated 4.5/5 from 1,244 Amazon shopper reviews.",https://m.media-amazon.com/images/I/71Mm07bTNdL._AC_UL1500_.jpg,64.74
"NIKE DA1746 Gym Club, Women's Sports Bag, Mauve (569), Mauve, Sporty",Rated 4.8/5 from 6 Amazon shopper reviews.,https://m.media-amazon.com/images/I/51SQ5fb+xSL._AC_SL1000_.jpg,64.54
"Kipling Women's City Pack Mini Backpacks, Grey Grey, 14x27x29 cm (LxWxH)",Rated 4.6/5 from 826 Amazon shopper reviews.,https://m.media-amazon.com/images/I/81f9vTGOorL._AC_SL1500_.jpg,64.50
Lands' End Travel Carry On Luggage Tote Bag,Rated 4.1/5 from 24 Amazon shopper reviews.,https://m.media-amazon.com/images/I/91gjMVAwJVL._AC_UL1500_.jpg,64.46
OGIO International Hamptons Tote,Rated 4.3/5 from 50 Amazon shopper reviews.,https://m.media-amazon.com/images/I/81qSCKf6TdL._AC_SL1500_.jpg,64.05
Marsi Bond Saffiano Designer Mini Crossbody Purse-Vegan Faux Leather Handbag,Rated 4.5/5 from 5 Amazon shopper reviews.,https://m.media-amazon.com/images/I/81fTv+wqLHL._AC_UL1500_.jpg,64.00
Chala Golden Retriever Work Tote Shoulder Bag - Dog Lovers Gifts,Rated 4.9/5 from 23 Amazon shopper reviews.,https://m.media-amazon.com/images/I/611il7Z4c5L._AC_UL1005_.jpg,64.00
Chala Deluxe Vegan Leather Every Day Tote Bag Purse : 13.5 x 14 inches,Rated 4.6/5 from 16 Amazon shopper reviews.,https://m.media-amazon.com/images/I/61oy5L-5qXL._AC_UL1005_.jpg,64.00
Chala Deluxe Everyday Tote,Rated 4.6/5 from 39 Amazon shopper reviews.,https://m.media-amazon.com/images/I/51hVIYXqyiL._AC_UL1005_.jpg,64.00
CHALA Striped Work Tote,"Rated 4.9/5 from 1,229 Amazon shopper reviews.",https://m.media-amazon.com/images/I/610UxPsIkIL._AC_UL1000_.jpg,64.00
Anna by Anuschka Women's Hand-Painted Genuine Leather Two Fold Clutch Wallet,Rated 3.7/5 from 9 Amazon shopper reviews.,https://m.media-amazon.com/images/I/916nmQImbFL._AC_UL1500_.jpg,64.00
Chala Sea Turtle Work Tote Shoulder Bag- Turtle Lovers Gifts,Rated 4.8/5 from 70 Amazon shopper reviews.,https://m.media-amazon.com/images/I/71Lj5eeQKUL._AC_UL1005_.jpg,64.00
CHALA Convertible Backpack Purse,Rated 4.7/5 from 691 Amazon shopper reviews.,https://m.media-amazon.com/images/I/61dangsliBL._AC_UL1005_.jpg,64.00
CHALA Retro Convertible Purse - Denim,Rated 3.5/5 from 3 Amazon shopper reviews.,https://m.media-amazon.com/images/I/61VhAd6eWcL._AC_UL1005_.jpg,64.00
Chala Panda Work Tote Shoulder Bag - Panda Lovers Gifts,Rated 5/5 from 11 Amazon shopper reviews.,https://m.media-amazon.com/images/I/61YaHPL+1pL._AC_UL1005_.jpg,64.00
"SIXTEASE Women's Weekender Bags Large Overnight Travel Bag for Women - Carry On - Chic Vintage Style with Genuine Leather, Rug or Upcycled Canvas - Spacious Main Interior with Pockets - Raspberry",Rated 2.9/5 from 2 Amazon shopper reviews.,https://m.media-amazon.com/images/I/712CfBVf-BL._AC_UL1000_.jpg,63.99
DELSEY Paris Chatelet 2.0 Tote Bag,Rated 4.7/5 from 162 Amazon shopper reviews.,https://m.media-amazon.com/images/I/71KS5N6H+aL._AC_UL1500_.jpg,63.99
YALUXE Genuine Leather Tote Women's Shoulder Bag Vintage Soft Work High Style,Rated 4.3/5 from 16 Amazon shopper reviews.,https://m.media-amazon.com/images/I/81hzO0bjKjL._AC_UL1500_.jpg,63.99
BROMEN Handbags for Women Bucket Bags Vegan Leather Purses and Handbags Crossbody Purse,"Rated 4.5/5 from 5,186 Amazon shopper reviews.",https://m.media-amazon.com/images/I/81gjiRDMYML._AC_UL1500_.jpg,63.99
"Visconti Spectrum 33 Multi Colored Soft Leather Ladies Wallet Purse Clutch (Red Multi), Large",Rated 4.6/5 from 74 Amazon shopper reviews.,https://m.media-amazon.com/images/I/619hewgqFPL._AC_SL1000_.jpg,63.99
S-ZONE Medium Women Genuine Leather Crossbody Bags Cowhide Shoulder Handbag Ladies Purse,Rated 4.3/5 from 344 Amazon shopper reviews.,https://m.media-amazon.com/images/I/81iVuz2R5TL._AC_UL1500_.jpg,63.99
"Woven Tote Bags for Women, Large Hollow-out Vegan Leather Shoulder Bag Fashion Top-handle Purse Shopper Bag Travel Bag",Rated 4.4/5 from 24 Amazon shopper reviews.,https://m.media-amazon.com/images/I/81yIa9FYr4L._AC_UL1500_.jpg,63.99
FOXLOVER Small Crossbody Bags for Women Genuine Leather Shoulder Bag Purse with 2 Shoulder Straps Handbag,Rated 3.3/5 from 7 Amazon shopper reviews.,https://m.media-amazon.com/images/I/51QObGduKfL._AC_UL1200_.jpg,63.99
LuneVille Quilted Crossbody Bags For Women&Cute Shoulder Bgas For Women With Chain Strap,Rated 4.7/5 from 44 Amazon shopper reviews.,https://m.media-amazon.com/images/I/81J37VnbY9L._AC_UL1500_.jpg,63.99
"adidas Women's Studio III Duffel, Black/Black Jersey, One Size",Rated 4.7/5 from 537 Amazon shopper reviews.,https://m.media-amazon.com/images/I/41TOdO17-aL._AC_.jpg,63.98
Pielino Leather Crossbody Handbag 130,Rated 5/5 from 2 Amazon shopper reviews.,https://m.media-amazon.com/images/I/811nv8O8IcL._AC_UL1500_.jpg,63.95
Trendeology Leopard Ostrich Animal Print Vegan Leather Dome Satchel Purse Handbag,Rated 4.5/5 from 155 Amazon shopper reviews.,https://m.media-amazon.com/images/I/71-qRks38XL._AC_UL1000_.jpg,63.95
Classy Belt Stitched Leather Satchel (#1828-2) (Brown),Rated 4.8/5 from 12 Amazon shopper reviews.,https://m.media-amazon.com/images/I/61LHhsz6kZL._AC_UL1195_.jpg,63.95
Classy Belt Stitched Leather Satchel (#1828-0249) (Red),Rated 4/5 from 3 Amazon shopper reviews.,https://m.media-amazon.com/images/I/81B3zvnmg9L._AC_SL1500_.jpg,63.94
"The Sak womens Kendra Hobo Bag in Leather Timeless Elevated Silhouette Soft Supple Handcrafted Sustainably, Black Ii, One Size US",Rated 4.4/5 from 127 Amazon shopper reviews.,https://m.media-amazon.com/images/I/61OkK6hYeNL._AC_UL1200_.jpg,63.91
Osprey Arcane Tote Bag,Rated 4.5/5 from 45 Amazon shopper reviews.,https://m.media-amazon.com/images/I/61X6D+uMiGL._AC_UL1500_.jpg,63.70
CHALA Laser Cut Crossbody Shoulder bag Tote Bag Faux Leather Black,Rated 4.7/5 from 61 Amazon shopper reviews.,https://m.media-amazon.com/images/I/61D0toVHnqL._AC_UL1005_.jpg,63.50
KATIE LOXTON Amazra Womens Vegan Leather Convertible Handle Bucket Cross Body Bag,Rated 3.9/5 from 16 Amazon shopper reviews.,https://m.media-amazon.com/images/I/61PaqMXobzL._AC_UL1300_.jpg,63.25
Sakroots womens Women's Metro Tote Bag,Rated 4.6/5 from 668 Amazon shopper reviews.,https://m.media-amazon.com/images/I/41RTGl5hu9L._AC_.jpg,63.16
"Chala Handbags Paw Print Crescent Crossbody Handbag Purse, Dog Mom",Rated 5/5 from 50 Amazon shopper reviews.,https://m.media-amazon.com/images/I/71LFlBSRqJL._AC_UL1500_.jpg,63.00
"Chala Handbags Hummingbird Crescent Crossbody Handbag Purse, Hummingbird Lovers",Rated 4.8/5 from 38 Amazon shopper reviews.,https://m.media-amazon.com/images/I/81JaU1SNgmL._AC_UL1500_.jpg,63.00
"Kipling Women’s Sebastian Crossbody, Super Light, Durable Messenger, Nylon Shoulder Bag, Black Noir",Rated 4.5/5 from 15 Amazon shopper reviews.,https://m.media-amazon.com/images/I/A1+DllDxPOS._AC_UL1500_.jpg,63.00
Light Brown Leather Concealed Carry Handbag Roma 7082,Rated 4.5/5 from 2 Amazon shopper reviews.,https://m.media-amazon.com/images/I/41IbF+VzycL._AC_.jpg,62.99
Rhinestone Concealed Carry Angel Wings Metal Skull Handbag and Wallet in Multi-colors. (Black),Rated 5/5 from 1 Amazon shopper reviews.,https://m.media-amazon.com/images/I/71aRPSbp1NL._AC_UL1001_.jpg,62.99
Texas West Rhinestone Embroidered Metal Skull Leather Womens Concealed Carry Handbag With Matching Wallet 6 colors (Black),Rated 4.4/5 from 13 Amazon shopper reviews.,https://m.media-amazon.com/images/I/71WpMOh79gL._AC_UL1001_.jpg,62.99
GoCowgirl Large Western Concealed Carry Weapon Purse Camouflage Camo Belt Buckle Handbag Matching Wallet,Rated 4.6/5 from 178 Amazon shopper reviews.,https://m.media-amazon.com/images/I/71IrAfEkZrL._AC_UL1070_.jpg,62.99
GoCowgirl Women's Crossed Guns Pistols Purse Handbag Wallet in Multi-Color,Rated 4.6/5 from 218 Amazon shopper reviews.,https://m.media-amazon.com/images/I/71HsdMZxPmL._AC_UL1256_.jpg,62.99
"Large Tote Bag for Women, Leather Hobo Bags Shoulder Bag, Travel Purses for Women, Vegan Leather Designer Handbags",Rated 4.4/5 from 44 Amazon shopper reviews.,https://m.media-amazon.com/images/I/71OU6K-xj6L._AC_UL1500_.jpg,62.99
LAORENTOU Women Shoulder Bag Cow leather Satchel Handbag Purse for Women Crossbody Bag Mother's Day,Rated 4.1/5 from 136 Amazon shopper reviews.,https://m.media-amazon.com/images/I/61+BnivWtWL._AC_UL1001_.jpg,62.99
"Vine Branch Genuine Leather Locking Concealment Purse CCW Concealed Carry Gun Bag Handbag, Ambidextrous, Grey",Rated 4/5 from 6 Amazon shopper reviews.,https://m.media-amazon.com/images/I/717FjEMyTGL._AC_SL1024_.jpg,62.99
Montana West Women's Leather Small Crossbody Bag Western Clutch Handbag Handbags Purse Cowhide Whipstitches Fringe,Rated 4.2/5 from 35 Amazon shopper reviews.,https://m.media-amazon.com/images/I/71KFiSFOwZS._AC_UL1275_.jpg,62.99
GoCowgirl Women's Skull Bones Skeleton Purse Handbag with Matching Wallet in 6 colors,Rated 4.6/5 from 188 Amazon shopper reviews.,https://m.media-amazon.com/images/I/81qvvXj0wIL._AC_UL1005_.jpg,62.99
Texas West Premium Women's Rhinestone Buckle Handbag Wallet in 6 colors,Rated 3.1/5 from 9 Amazon shopper reviews.,https://m.media-amazon.com/images/I/91AdXdi2pTL._AC_UL1500_.jpg,62.99
ZLYC Vintage Handmade Dip-dye Leather Wallet Card Holder Long Clutch with Detachable Wristlet,Rated 3.6/5 from 81 Amazon shopper reviews.,https://m.media-amazon.com/images/I/71N0X6Wr97L._AC_UL1200_.jpg,62.99
"frides Women Clutch Purse Crossbody Bags,PU Leather Shoulder Bag with Metal Clasp Closure",Rated 4.4/5 from 168 Amazon shopper reviews.,https://m.media-amazon.com/images/I/61cbCv5rImL._AC_UL1500_.jpg,62.99
Montana West Genuine Leather Hobo Purse Vintage Satchel Shoulder Bag for Women Crossbody,"Rated 4.4/5 from 2,520 Amazon shopper reviews.",https://m.media-amazon.com/images/I/61ix9toitHL._AC_UL1500_.jpg,62.99
Travel Hobo Bags for Women Vintage Top Handle Shoulder Purse Cross Body Tote Handbags,Rated 3.5/5 from 2 Amazon shopper reviews.,https://m.media-amazon.com/images/I/61zSjweTMOL._AC_UL1001_.jpg,62.99
Girly HandBags Ladies Croc Skin Faux Leather 3 in 1 Clutch Bag,Rated 3/5 from 1 Amazon shopper reviews.,https://m.media-amazon.com/images/I/61vcJFyogqL._AC_UL1500_.jpg,62.98
Women's Kreepsville Skull Collection Handbag Black,Rated 4.2/5 from 41 Amazon shopper reviews.,https://m.media-amazon.com/images/I/71VRykMF7pL._AC_UL1001_.jpg,62.98
Camouflage Rhinestone Cross Laser Cut Shine Glow Wings Western Style Purse Country Handbag Women Shoulder Bag Wallet Set,Rated 4.6/5 from 278 Amazon shopper reviews.,https://m.media-amazon.com/images/I/81OH-TMbcvL._AC_UL1500_.jpg,62.95
Bella Taylor Everyday Tote Quilted Cotton Country Patchwork Shoulder Handbags,Rated 4.8/5 from 229 Amazon shopper reviews.,https://m.media-amazon.com/images/I/81vLBXGjiJL._AC_UL1500_.jpg,62.95
"Bella Taylor Country Floral Feedsack Collection, Quilted Cotton Everyday Shoulder Tote Bag with Zipper for Women",Rated 4.7/5 from 31 Amazon shopper reviews.,https://m.media-amazon.com/images/I/81TrlSXcHFL._AC_UL1500_.jpg,62.95
Butterfly Flower Western Style Concealed Carry Spring Purse Country Handbag Women Shoulder Bag Wallet Set,Rated 4.4/5 from 38 Amazon shopper reviews.,https://m.media-amazon.com/images/I/81lgk3B8cfL._AC_UL1500_.jpg,62.95
Western Style Cross Laser Cut Wings Purse Concealed Carry Handbags Women Country Shoulder Bag Wallet Set,Rated 4.7/5 from 404 Amazon shopper reviews.,https://m.media-amazon.com/images/I/918eCNzsjiL._AC_UL1500_.jpg,62.95
Western Style Tooled Leather Floral Women Conceal Carry Purse Buckle Handbags Country Shoulder Bags Wallet Set Brown,Rated 4.6/5 from 102 Amazon shopper reviews.,https://m.media-amazon.com/images/I/81+3mFMlP3L._AC_UL1500_.jpg,62.95
Native American Chieftain Cactus Feather Concealed Carry Purse Tote Handbag Women Shoulder Bag Wallet Set,Rated 4.8/5 from 82 Amazon shopper reviews.,https://m.media-amazon.com/images/I/81DY+RQ7IwL._AC_UL1500_.jpg,62.95
Sugar Skull Day of the Dead Daypack Concealed Carry Backpack Fashion Women Travel Biker Purse Wallet Set,Rated 4.8/5 from 114 Amazon shopper reviews.,https://m.media-amazon.com/images/I/91tDDYDiLHL._AC_UL1500_.jpg,62.95
Aztec Tribal Print Canvas Vegan Leather Side Fringe Large Hobo Tote Handbag Wallet Set,Rated 3.5/5 from 10 Amazon shopper reviews.,https://m.media-amazon.com/images/I/6179iY4tMIL._AC_UL1000_.jpg,62.95
"Lady Couture Soft Rhinestone Embellished Clutch Bag, Bag 2015-7",Rated 3.9/5 from 31 Amazon shopper reviews.,https://m.media-amazon.com/images/I/91s-pCmyI9L._AC_UL1500_.jpg,62.95
Camouflage Crown Buckle Western Style Purse Floral Shine Glow Country Handbag Women Shoulder Bag Crossbody Wallet Set,Rated 4.7/5 from 672 Amazon shopper reviews.,https://m.media-amazon.com/images/I/81uq6I3DESL._AC_UL1500_.jpg,62.95
Embroidered Cross Scripture Bible Verse 2 Corinthians 12:9 Purse Studded Western Style Handbag Women Shoulder Bags Wallet Set,Rated 4.8/5 from 296 Amazon shopper reviews.,https://m.media-amazon.com/images/I/91884caZx9L._AC_UL1500_.jpg,62.95
Western Style Springtime Embroidery Butterfly Totes Purse Country Handbag Women Shoulder Bag Wallet Set,Rated 4.6/5 from 244 Amazon shopper reviews.,https://m.media-amazon.com/images/I/81OYZZvgrwL._AC_UL1500_.jpg,62.95
"Western Cowgirl American Flag Stars and Stripes Rhinestone Women Leather Handbag Country Purses Wallet Set Red White Blue, Large",Rated 4.2/5 from 163 Amazon shopper reviews.,https://m.media-amazon.com/images/I/71yltZ1mInL._AC_UL1500_.jpg,62.95
Western Rhinestone Cross Tooled Leather Totes Concealed Carry Purse Handbag Women Shoulder Bag Wallet Set,Rated 4.6/5 from 395 Amazon shopper reviews.,https://m.media-amazon.com/images/I/81ZjNr31DAL._AC_UL1500_.jpg,62.95
"DGAZ Purse Organizer Silky Smooth,Silk,Luxury Handbag Tote in Bag Shapers, Women- Fits picotin18/22Bags (Etoupe grey, PC18)",Rated 4.8/5 from 195 Amazon shopper reviews.,https://m.media-amazon.com/images/I/71LWgSbaSPL._AC_SL1500_.jpg,62.90
"Piel Leather Cross Body Tote, Chocolate, One Size",Rated 5/5 from 5 Amazon shopper reviews.,https://m.media-amazon.com/images/I/91HkHMu72AL._AC_SL1500_.jpg,62.81
Santa Barbara Design Studio Casual Everyday Tote Bag,Rated 4.8/5 from 26 Amazon shopper reviews.,https://m.media-amazon.com/images/I/81HDPJADb2L._AC_UL1500_.jpg,62.76
CHALA Laser Cut Crossbody Shoulder bag Tote Bag Faux Leather Plum,Rated 4.5/5 from 77 Amazon shopper reviews.,https://m.media-amazon.com/images/I/61DZPAgwkgL._AC_UL1005_.jpg,62.50
LeSportsac Melanie Handbag (Ocean Blooms Navy),Rated 4.8/5 from 9 Amazon shopper reviews.,https://m.media-amazon.com/images/I/81dT1zqDtuL._AC_SL1500_.jpg,62.40
"Kipling Women’s Art Mini Tote Bag, Lightweight Small Weekender, Nylon Travel Handbag",Rated 4.5/5 from 29 Amazon shopper reviews.,https://m.media-amazon.com/images/I/81BT0qE77vL._AC_UL1500_.jpg,62.34
"Kipling Women's New Angie Handbag, Lightweight Crossbody, Nylon Travel Bag, Black Noir",Rated 4.4/5 from 232 Amazon shopper reviews.,https://m.media-amazon.com/images/I/91+rlYf7GSL._AC_SL1500_.jpg,62.30
"Kipling Art Solid Mini Handbag, Cotton Indigo",Rated 4.6/5 from 297 Amazon shopper reviews.,https://m.media-amazon.com/images/I/61sjI0VCG0L._AC_UL1500_.jpg,62.29
"Kipling Women’s Keefe Crossbody, Lightweight Everyday Purse, Nylon Shoulder Bag",Rated 4.7/5 from 648 Amazon shopper reviews.,https://m.media-amazon.com/images/I/61YYPajgccL._AC_UL1500_.jpg,62.29
Loungefly Disney Pixar Moments Cars Cozy Cone Womens Double Strap Shoulder Bag Purse,Rated 4.9/5 from 124 Amazon shopper reviews.,https://m.media-amazon.com/images/I/61kWAv3IKCL._AC_SL1024_.jpg,62.24
"Myra Bag Vintage 1930 Upcycled Canvas Tote Bag S-1193, Brown, Large",Rated 4.5/5 from 29 Amazon shopper reviews.,https://m.media-amazon.com/images/I/91zxTg4RXZL._AC_UL1500_.jpg,62.11
BEBE Whitney Weekend Travel Bag For Women,Rated 4.7/5 from 383 Amazon shopper reviews.,https://m.media-amazon.com/images/I/71UOec2rglL._AC_UL1500_.jpg,62.11
"Chala Handbags Sunflower Sweet Messenger Bag Purse, Flower Lover",Rated 4.7/5 from 65 Amazon shopper reviews.,https://m.media-amazon.com/images/I/71FUNPQxsfL._AC_UL1005_.jpg,62.00
joy susan Crossbody Bucket Handbag: Nori Tote,Rated 4.6/5 from 9 Amazon shopper reviews.,https://m.media-amazon.com/images/I/71Zs73O4YXL._AC_UL1500_.jpg,62.00
AlgorithmBags Purse Organizer Insert with zippers | designed for Louis Vuitton LV Graceful MM Shaper Liner Divider Protector | 3mm Felt,Rated 3.7/5 from 12 Amazon shopper reviews.,https://m.media-amazon.com/images/I/910xje6abDL._AC_SL1500_.jpg,62.00
"Chala Fox Sweet Messenger Bag Purse, Fox lovers",Rated 4.7/5 from 26 Amazon shopper reviews.,https://m.media-amazon.com/images/I/719QoafEPRL._AC_UL1005_.jpg,62.00
Chala Safari Forest Animal- Large Canvas Tote Shoulder handbag with detachable Purse Charm (912 Giraffe-Tote),Rated 4.8/5 from 38 Amazon shopper reviews.,https://m.media-amazon.com/images/I/71MbCf4UQ8L._AC_UL1005_.jpg,62.00
joy susan Madison Cut-Out Tote: Crossbody Handbag,Rated 4.1/5 from 12 Amazon shopper reviews.,https://m.media-amazon.com/images/I/619tJdyTJNL._AC_UL1200_.jpg,62.00
"Kipling Women's Presto Pack, Waist Strap with Clip Closure, Nylon Small Travel Handbag, Black Tonal, 11.25''L x 6.5''H x 1.25''D",Rated 4.8/5 from 63 Amazon shopper reviews.,https://m.media-amazon.com/images/I/71o6DvC1aBL._AC_SL1500_.jpg,62.00
"Chala Dragonfly Sweet Messenger Bag Purse, Dragonfly lovers gift",Rated 4.9/5 from 24 Amazon shopper reviews.,https://m.media-amazon.com/images/I/81TZRgie2WL._AC_UL1500_.jpg,62.00
"Chala Handbags Paw Print Sweet Messenger Bag Purse, Dog Mom Dog Lover",Rated 4.8/5 from 38 Amazon shopper reviews.,https://m.media-amazon.com/images/I/71Jq0sOtvrL._AC_UL1005_.jpg,62.00
"Chala Handbags Dragonfly Sweet Messenger Bag Purse, Dragonfly lover Collector",Rated 5/5 from 1 Amazon shopper reviews.,https://m.media-amazon.com/images/I/81TZRgie2WL._AC_UL1500_.jpg,62.00
Banned Pentacle Coven Witch Moon Alternative Tote Bag,Rated 5/5 from 17 Amazon shopper reviews.,https://m.media-amazon.com/images/I/91P7wrpsjiL._AC_UL1500_.jpg,61.99
S-ZONE Women Large Hobo Purses Bag Soft Shoulder Tote Handbags Vegan Leather,Rated 4.2/5 from 219 Amazon shopper reviews.,https://m.media-amazon.com/images/I/818esmZBp+L._AC_UL1500_.jpg,61.99
"Woven Bag for Women, Fashion Woven Tote Bag Large Capacity, Soft Vegan Leather Hand-woven Handbag Purse Wrist Bag",Rated 4.9/5 from 38 Amazon shopper reviews.,https://m.media-amazon.com/images/I/710-8ymypSL._AC_UL1500_.jpg,61.99
"FOXER Leather Satchel Handbags for Women, Ladies Shoulder Top-handle Bags",Rated 2.7/5 from 2 Amazon shopper reviews.,https://m.media-amazon.com/images/I/61gNZjrr9ZL._AC_UL1200_.jpg,61.99
"Felda RFID Genuine Leather Ladies Purse Wallet 9 Card Slots & Zipped Coin Section, Medium Size",Rated 4.3/5 from 117 Amazon shopper reviews.,https://m.media-amazon.com/images/I/81YmlqCtd0L._AC_UL1500_.jpg,61.99
Concealed Carry Cross Body Leather Gun Purse with Locking Zipper (Purple),Rated 4/5 from 59 Amazon shopper reviews.,https://m.media-amazon.com/images/I/413vZzyD24L._AC_.jpg,61.99
Brown Leather Concealed Carry Handbag Roma 7082,Rated 4.3/5 from 47 Amazon shopper reviews.,https://m.media-amazon.com/images/I/91wtDFGy10L._AC_SL1500_.jpg,61.99
"Addoklm Beach Bag, Rubber X Large Tote Bag for Waterproof, Washable and Durable Open Handbag for Boat Pool Sports Gym",Rated 4.8/5 from 14 Amazon shopper reviews.,https://m.media-amazon.com/images/I/51Jen+gw85L._AC_UL1500_.jpg,61.99
PRIMO SACCHI Ladies Italian Soft Leather Hand Made Small Messenger Cross Body Shoulder Bag Purse,Rated 4.4/5 from 119 Amazon shopper reviews.,https://m.media-amazon.com/images/I/81jSTG4KLYL._AC_UL1500_.jpg,61.95
PRIMO SACCHI Ladies Italian Soft Leather Hand Made Small Cross Body Shoulder Bag Purse,Rated 4.4/5 from 357 Amazon shopper reviews.,https://m.media-amazon.com/images/I/71aWQAAdhVS._AC_UL1500_.jpg,61.95
Concealed Carry Purse,Rated 4.6/5 from 190 Amazon shopper reviews.,https://m.media-amazon.com/images/I/81gGq49YMAL._AC_UL1500_.jpg,61.95
"Goson Conceal Carry Tote Bag - Large & Fashionable Purses for Women with Multiple Pockets, Crossbody Straps, YKK Zippers",Rated 4.4/5 from 230 Amazon shopper reviews.,https://m.media-amazon.com/images/I/81meZYssYNL._AC_UL1500_.jpg,61.85
Like Dreams Fashion Handbag for Women Bowtie Ring Top Handle Vegan Leather Multi Pocket Backpack Purse (White),Rated 4.1/5 from 18 Amazon shopper reviews.,https://m.media-amazon.com/images/I/61C2c5Jl4FL._AC_SL1500_.jpg,61.75
DGAZ Silk Purse Organizer Insert Fits Constance 19/New19/24/New24 bag，Silky Smooth Bag Organizer，Luxury Handbag & Tote Shaper（Black，newC19）,Rated 4.5/5 from 15 Amazon shopper reviews.,https://m.media-amazon.com/images/I/51yLg3VI7GL._AC_SL1500_.jpg,61.69
Jessica Simpson Rosanna Tote,Rated 4.5/5 from 12 Amazon shopper reviews.,https://m.media-amazon.com/images/I/71C3zp19vhL._AC_UL1500_.jpg,61.56
"Sakroots Women's Go Sling Backpack in Nylon Eco Twill, Rainbow Wanderlust, One Size",Rated 4.6/5 from 193 Amazon shopper reviews.,https://m.media-amazon.com/images/I/71Nvz-uVAOL._AC_SL1200_.jpg,61.48
S-ZONE Women Vintage Genuine Leather Crossbody Bag Distressed Foldable Clutch Top Handle Handbag Purse,Rated 4.3/5 from 115 Amazon shopper reviews.,https://m.media-amazon.com/images/I/71Pz7L6cKRL._AC_UL1500_.jpg,61.19
Signare Tapestry Large Travel Duffle Bag Ladies Overnight Weekender Carryon Gym Sports Duffel bags for Women with Flower Meadow Design (BHOLD-FLMD),Rated 4.6/5 from 172 Amazon shopper reviews.,https://m.media-amazon.com/images/I/71gTnkZFZ4L._AC_SL1000_.jpg,60.99
YALUXE Shoulder Bag Women's Multi Pocket Soft Cowhide Leather Medium Purse Style,Rated 3.9/5 from 136 Amazon shopper reviews.,https://m.media-amazon.com/images/I/71r3e+q-sSL._AC_UL1500_.jpg,60.99
Signare Tapestry Large Travel Duffle Bag Ladies Overnight Weekender Carryon Gym Sports Duffel bags for Women with French Bulldog Design (BHOLD-FREN),Rated 4.7/5 from 197 Amazon shopper reviews.,https://m.media-amazon.com/images/I/71TsoAeS+0L._AC_SL1000_.jpg,60.99
b.o.c. Parriton Tote,Rated 3.1/5 from 8 Amazon shopper reviews.,https://m.media-amazon.com/images/I/61-OjVelMkL._AC_UL1000_.jpg,60.94
"Sakroots Foldover Crossbody Bag in Cotton Canvas, Multifunctional Purse with Adjustable Strap & Zipper Pockets",Rated 4.4/5 from 20 Amazon shopper reviews.,https://m.media-amazon.com/images/I/51fC-8AW0VL._AC_.jpg,60.90
"Myra Bag Patches Cowhide Tote Bag S-1163, Brown, One Size",Rated 4.6/5 from 29 Amazon shopper reviews.,https://m.media-amazon.com/images/I/619erBPRJYL._AC_UL1000_.jpg,60.88
"Sakroots Foldover Crossbody Bag in Cotton Canvas, Multifunctional Purse with Adjustable Strap & Zipper Pockets, Navy Spirit Desert",Rated 3.8/5 from 9 Amazon shopper reviews.,https://m.media-amazon.com/images/I/61obToj5wmL._AC_UL1200_.jpg,60.88
"Baggallini womens Metro Backpack With Rfid Phone Wristlet Handbags, Gray, One Size US",Rated 4.4/5 from 504 Amazon shopper reviews.,https://m.media-amazon.com/images/I/81e4kyR22UL._AC_SL1500_.jpg,60.84
"Carhartt Legacy Women's Hybrid Convertible Backpack Tote Bag, Black","Rated 4.4/5 from 1,670 Amazon shopper reviews.",https://m.media-amazon.com/images/I/81txC+ZWZJL._AC_SL1500_.jpg,60.74
Bucket Hobo Bags for Women Purse Handbags Cow Leather Designer Tote Large Shoulder Bag,Rated 4.3/5 from 69 Amazon shopper reviews.,https://m.media-amazon.com/images/I/51lJDHo24fL._AC_UL1200_.jpg,60.69
Loungefly POP Candyland Take Me To Candy Womens Double Strap Shoulder Bag Purse,Rated 4.9/5 from 109 Amazon shopper reviews.,https://m.media-amazon.com/images/I/61nNTZruzaL._AC_SL1134_.jpg,60.64
Loungefly Disney Peter Pan Glow Clock Womens Double Strap Shoulder Bag Purse,Rated 4.8/5 from 529 Amazon shopper reviews.,https://m.media-amazon.com/images/I/71yaxv3wCTL._AC_SL1500_.jpg,60.00
Loungefly Marvel Loki Variant TVA Womens Double Strap Shoulder Bag Purse,Rated 5/5 from 16 Amazon shopper reviews.,https://m.media-amazon.com/images/I/715zVvVcQ6L._AC_SL1500_.jpg,60.00
"DSG Outerwear Women's Upland Hunting Vests 2.0 | Quilted Padded Shoulders, Built-In Game Bag",Rated 4.6/5 from 105 Amazon shopper reviews.,https://m.media-amazon.com/images/I/71GoJJxfupS._AC_UL1500_.jpg,60.00
TIJN Clutch Purse for Women Shoulder Handbags Ladies Dumpling Bags Crescent Moon Design Casual Crossbody Bags,Rated 4.5/5 from 23 Amazon shopper reviews.,https://m.media-amazon.com/images/I/51XUG2WN7PL._AC_UL1500_.jpg,60.00
"JuJuBe | All Set, Designer Purses and Handbags for Moms, Handbags for Ladies",Rated 4.9/5 from 8 Amazon shopper reviews.,https://m.media-amazon.com/images/I/61RUlQTOYPL._AC_UL1500_.jpg,60.00
TIJN Woven Bucket Bag for Women Luxury Satchel Handbag with Vegan Leather Mini Crossbody Bag-Ailin/Guna,Rated 4.1/5 from 151 Amazon shopper reviews.,https://m.media-amazon.com/images/I/51crjuC-ytS._AC_UL1400_.jpg,60.00
Free People Tuscan Leather Tote,Rated 4.3/5 from 32 Amazon shopper reviews.,https://m.media-amazon.com/images/I/615889Y1CcL._AC_UL1500_.jpg,60.00
Satchel And Fable Large Leather Tote Bag Brown Vintage Laptop Genuine Handmade Shopper Shoulder Handbag Purse for Women,Rated 4.6/5 from 14 Amazon shopper reviews.,https://m.media-amazon.com/images/I/61RRlXjdFuL._AC_UL1500_.jpg,60.00
Loungefly Universal Monsters Chibi Chain Strap Crossbody Bag Purse,Rated 4.9/5 from 95 Amazon shopper reviews.,https://m.media-amazon.com/images/I/510H4Jx06XL._AC_UL1000_.jpg,60.00
Hadaki Nylon French Market Tote Bag,Rated 4.3/5 from 15 Amazon shopper reviews.,https://m.media-amazon.com/images/I/A1I4rhWoVoL._AC_UL1500_.jpg,60.00
"CHALA Crossbody Handbag, Hobo Style, Casual, Soft, Large Bag Shoulder or Crossbody - Black (Metal Turtle)",Rated 3/5 from 1 Amazon shopper reviews.,https://m.media-amazon.com/images/I/61m82mSLb-L._AC_UL1005_.jpg,60.00
K. Carroll Accessories Taylor Tote,Rated 4.6/5 from 350 Amazon shopper reviews.,https://m.media-amazon.com/images/I/71I6eFYjcRL._AC_UL1500_.jpg,60.00
Loungefly Women's Disney Minnie Mouse Polka Dot Red Backpack,Rated 4.9/5 from 11 Amazon shopper reviews.,https://m.media-amazon.com/images/I/51Hannh2GIL._AC_.jpg,60.00
Loungefly Disney Mickey-O-Lantern Womens Double Strap Shoulder Bag Purse,Rated 4.9/5 from 358 Amazon shopper reviews.,https://m.media-amazon.com/images/I/71lcadrzVsL._AC_SL1500_.jpg,60.00
Loungefly Women's Disney Snow White and the Seven Dwarfs Blue Backpack,Rated 4.9/5 from 29 Amazon shopper reviews.,https://m.media-amazon.com/images/I/61OqoVfQLOL._AC_UL1259_.jpg,60.00
Ancicraft Leather Wristlet Wallet for Women Black Brown Envelope Clutch Purse,Rated 4.8/5 from 18 Amazon shopper reviews.,https://m.media-amazon.com/images/I/71H6Sz2fE4L._AC_UL1500_.jpg,60.00
Nike Gym Club Women's Training Duffel Bag (Fireberry/Fireberry/Black),Rated 4.6/5 from 102 Amazon shopper reviews.,https://m.media-amazon.com/images/I/51CStJjqqjL._AC_SL1000_.jpg,60.00
Cotopaxi Taal Convertible Tote - Del Dia One of A Kind!,Rated 4.6/5 from 269 Amazon shopper reviews.,https://m.media-amazon.com/images/I/61MCm6yZzqL._AC_UL1200_.jpg,60.00
JuJuBe | Super Be Large Everyday Lightweight Travel Tote Bag with Storage Pockets | Navy Duchess,Rated 5/5 from 5 Amazon shopper reviews.,https://m.media-amazon.com/images/I/81Co2ks4fTL._AC_UL1500_.jpg,60.00
Loungefly Scooby Doo Mystery Machine Womens Double Strap Shoulder Bag Purse,Rated 4.9/5 from 476 Amazon shopper reviews.,https://m.media-amazon.com/images/I/713U36MQBpL._AC_SL1500_.jpg,60.00
Pretty Simple Me Sloane Slouchy Hobo Bag - Crossbody Bag | Comes w/ 2 Straps | Removable PU Leather Shoulder Strap,Rated 3.6/5 from 8 Amazon shopper reviews.,https://m.media-amazon.com/images/I/71cgwZgrs8L._AC_UL1500_.jpg,60.00
Sak Ivy Stone Demi Clutch Leather Crossbody Bag,Rated 3.1/5 from 2 Amazon shopper reviews.,https://m.media-amazon.com/images/I/81po6W5e4VL._AC_UL1500_.jpg,59.99
"Dallas Hill Designs Large Tote Bag for Women | Neoprene Shoulder Purse | Travel, Beach, Gym Handbag | Extra Pouch",Rated 4.6/5 from 561 Amazon shopper reviews.,https://m.media-amazon.com/images/I/81AHH7EjHGL._AC_UL1500_.jpg,59.99
"Miztique The Daisy Convertible Backpack Purse for Women, Soft Vegan Leather Crossbody Bag",Rated 4.6/5 from 204 Amazon shopper reviews.,https://m.media-amazon.com/images/I/81s2kPwfs2L._AC_UL1500_.jpg,59.99
Disney Women's Frozen Embossed White Bag,Rated 4.1/5 from 6 Amazon shopper reviews.,https://m.media-amazon.com/images/I/81+0tmvBi-L._AC_UL1500_.jpg,59.99
Elegant Faux Leather Crossbody Purse Bag For Women - Over The Shoulder Small Crossbody Purse - Women's Jet Set Cross Body Bag,Rated 4.5/5 from 87 Amazon shopper reviews.,https://m.media-amazon.com/images/I/71HfX5hPAxL._AC_UL1500_.jpg,59.99
YALUXE Backpack Purse for Women Genuine Leather Shoulder Bag Anti-Theft Travel Daypack,Rated 4.5/5 from 822 Amazon shopper reviews.,https://m.media-amazon.com/images/I/81sOatK9EtL._AC_SL1500_.jpg,59.99
Montana West Concealed Carry Tooled Leather Crossbody Purse,Rated 4.4/5 from 109 Amazon shopper reviews.,https://m.media-amazon.com/images/I/71zjrkNG4ZL._AC_UL1200_.jpg,59.99
Western Embroidered Concealed Carry Purse/Wallet Set w/Rhinestone Cross,Rated 4.4/5 from 96 Amazon shopper reviews.,https://m.media-amazon.com/images/I/71mYLzVRrjL._AC_UL1100_.jpg,59.99
"Real Leather Handbag, Genuine Leather Tote Shoulder Bag, Crossbody Purse, Designer for Women",Rated 4.1/5 from 26 Amazon shopper reviews.,https://m.media-amazon.com/images/I/81oy1AhJzRL._AC_UL1500_.jpg,59.99
Amerileather Grylls Petite Sling Purse (#707-02),Rated 4.8/5 from 7 Amazon shopper reviews.,https://m.media-amazon.com/images/I/81mXZ7ZNMDL._AC_UL1500_.jpg,59.99
LuVo - Women's Neoprene Phantom Tote Handbags - Travel,Rated 4.1/5 from 48 Amazon shopper reviews.,https://m.media-amazon.com/images/I/81R2ff9iQnL._AC_UL1500_.jpg,59.99
Kattee Soft Leather Hobo Bags for Women Genuine Top Handle Handbags Vintage Shoulder Purses,"Rated 4.3/5 from 1,289 Amazon shopper reviews.",https://m.media-amazon.com/images/I/61yWA3jvYHL._AC_UL1000_.jpg,59.99
Camouflage Rhinestone Western Buckle Purse/Wallet Set (Turquoise),Rated 4.4/5 from 234 Amazon shopper reviews.,https://m.media-amazon.com/images/I/719d8E+8Z8L._AC_SL1100_.jpg,59.99
BOSTANTEN Leather Hobo Handbags Designer Purses for Women Shoulder Crossbody Bags,Rated 4.1/5 from 47 Amazon shopper reviews.,https://m.media-amazon.com/images/I/718juVzKZBL._AC_UL1500_.jpg,59.99
Southwest Boutique Wool Tote Purse Bag Native American Western Style Handwoven,Rated 4.6/5 from 410 Amazon shopper reviews.,https://m.media-amazon.com/images/I/71zH-k8FpGL._AC_UL1500_.jpg,59.99
S-ZONE Genuine Leather Handbags Purses for Women with Inner Pouch Tote Bag Bucket Bags Crossbody Hobo Work Travel,Rated 4.5/5 from 42 Amazon shopper reviews.,https://m.media-amazon.com/images/I/81HojooNpYL._AC_UL1500_.jpg,59.99
Montana West Genuine Leather Fringe Purse Western Crossbody Bag for Women,Rated 4.7/5 from 72 Amazon shopper reviews.,https://m.media-amazon.com/images/I/81nSwxhPInL._AC_UL1500_.jpg,59.99
MKF 2-PC Set Tote Satchel Bag for Women & Wristlet Wallet Purse: PU Leather Handbag Pocketbook,Rated 4.4/5 from 179 Amazon shopper reviews.,https://m.media-amazon.com/images/I/81Gw0L1BFQL._AC_UL1500_.jpg,59.99
Purse and Handbags for Women Shoulder Bags Tote Handle Medium Satchel Vintage Embossing Crossbody Bag,Rated 4.9/5 from 17 Amazon shopper reviews.,https://m.media-amazon.com/images/I/81cg0yRteaL._AC_UL1500_.jpg,59.99
ACUARIO Small Crossbody Bags for Women-PU Leather Handbag Shoulder Strap Bags Purses,Rated 5/5 from 1 Amazon shopper reviews.,https://m.media-amazon.com/images/I/61S6rZYTNNL._AC_UL1500_.jpg,59.99
Mabel London Womens Tassel Cowgirl Fringe Designer Boutique Soft Leather Shoulder Bag,Rated 4.5/5 from 2 Amazon shopper reviews.,https://m.media-amazon.com/images/I/912ZFWTY3nL._AC_UL1500_.jpg,59.99
Wrangler Tote Bag for Women Leather Purses Top Handle Ladies Shoulder Bag Fashion Hobo Bag,Rated 4.8/5 from 43 Amazon shopper reviews.,https://m.media-amazon.com/images/I/71q41RE6f0L._AC_UL1500_.jpg,59.99
Sasha+Sofi Women's The Addison Tote,Rated 5/5 from 1 Amazon shopper reviews.,https://m.media-amazon.com/images/I/71aiOtP390L._AC_UL1500_.jpg,59.99
Donalworld Women Cute Flower Jeans Denim Tote Handbags,Rated 3.9/5 from 114 Amazon shopper reviews.,https://m.media-amazon.com/images/I/61TSUky95XL._AC_UL1002_.jpg,59.99
"adidas Women's Yola II Backpack, Tech Indigo Blue, ONE SIZE",Rated 4.6/5 from 114 Amazon shopper reviews.,https://m.media-amazon.com/images/I/61QJf9kX3IL._AC_SL1024_.jpg,59.99
Texas West American Flag Rhinestone Women's Concealed Handbags Purse Wallet Set in Multi-Color,Rated 4.4/5 from 110 Amazon shopper reviews.,https://m.media-amazon.com/images/I/71nmf+jBZRL._AC_UL1047_.jpg,59.99
DORIS&JACKY Leather Backpack Purse for Women Fashion Casual Travel Work Daypack Shoulder Bags…,Rated 5/5 from 9 Amazon shopper reviews.,https://m.media-amazon.com/images/I/91DRB35iMiL._AC_UL1500_.jpg,59.99
YALUXE Leather Shouldr Bag for Women Hobo Purses and Handbags Top Handle Tote Vintage Style,Rated 4.3/5 from 19 Amazon shopper reviews.,https://m.media-amazon.com/images/I/71Gh5CUgiRL._AC_UL1500_.jpg,59.99
Wesccimo Fashion Backpack Purse For Women Waterproof Nylon Anti Theft Convertible Shoulder Bag Hangbag Brown,Rated 4.1/5 from 19 Amazon shopper reviews.,https://m.media-amazon.com/images/I/71ZVrBl8hdL._AC_SL1500_.jpg,59.99
Buxton Bright Ideas Tote,Rated 3.7/5 from 4 Amazon shopper reviews.,https://m.media-amazon.com/images/I/91sakN8DT4L._AC_UL1500_.jpg,59.99
Mabel London Womens Multiple Pockets Handbag - Medium Size Multi Compartments Bag with a Long Shoulder Strap - AMELIA,"Rated 4.4/5 from 3,582 Amazon shopper reviews.",https://m.media-amazon.com/images/I/91oS4UCwzTL._AC_UL1500_.jpg,59.99
Travelon Addison-Anti-Theft Tote Bag,Rated 4.2/5 from 70 Amazon shopper reviews.,https://m.media-amazon.com/images/I/91Qz1FvUjzL._AC_UL1500_.jpg,59.99
MengEryt Fashion Skeleton Bear Female Backpack Punk Style Bags Designer Backpacks (New black),Rated 4.6/5 from 428 Amazon shopper reviews.,https://m.media-amazon.com/images/I/619QuCw3HNL._AC_SL1200_.jpg,59.99
"Ozora Vintage Genuine Leather Shoulder Crossbody Purse For Women with Adjustable Strap, Mobile Pocket & Inside Zipper","Rated 4.4/5 from 1,374 Amazon shopper reviews.",https://m.media-amazon.com/images/I/81GjRY+YrEL._AC_UL1500_.jpg,59.99
Montana West Crossbody Bags for Women Genuine Leather Cell Phone Purse Wallet Lightweight Shoulder Bag Travel Purse,Rated 4.2/5 from 547 Amazon shopper reviews.,https://m.media-amazon.com/images/I/81V+XMztPtL._AC_UL1500_.jpg,59.99
totes Luggage Protective Overshoe,Rated 3.5/5 from 13 Amazon shopper reviews.,https://m.media-amazon.com/images/I/61u5SNlP1QL._AC_UL1500_.jpg,59.99
"MMS Brands Miztique - The Sienna Backpack Purse for Women, Sleek Shoulder Bag, Soft Vegan Leather - Navy",Rated 5/5 from 2 Amazon shopper reviews.,https://m.media-amazon.com/images/I/71WgvYRiCdL._AC_SL1500_.jpg,59.99
"Kattee Genuine Leather Handbags for Women, Soft Hobo Satchel Shoulder Crossbody Bags Ladies Purses","Rated 4.4/5 from 1,292 Amazon shopper reviews.",https://m.media-amazon.com/images/I/81xuZm12zSL._AC_UL1500_.jpg,59.99
Handmade Woven Shoulder Bags for Women Cute Hobo Tote Handbag Mini Clutch Purse with Magnetic Buckle Crossbody Phone Bag,Rated 4.1/5 from 25 Amazon shopper reviews.,https://m.media-amazon.com/images/I/716ogW7fVFL._AC_UL1500_.jpg,59.99
Harry Potter Ravenclaw Mini Trunk Handbag Blue,Rated 4.4/5 from 33 Amazon shopper reviews.,https://m.media-amazon.com/images/I/618MDorMYjL._AC_UL1000_.jpg,59.99
Leather Tote Bag for Women | Laptop Work Tote Shoulder Bag for Women | Genuine Leather Womens Tote Shoulder Purse Bag,Rated 4.3/5 from 14 Amazon shopper reviews.,https://m.media-amazon.com/images/I/81U7G3KP8zL._AC_UL1500_.jpg,59.99
Marengo Soft Leather Tote Bag for Woman Shoulder Bag Satchel Handbag Purchse Set,Rated 5/5 from 5 Amazon shopper reviews.,https://m.media-amazon.com/images/I/71rAg+nSG2L._AC_UL1500_.jpg,59.99
"THE NORTH FACE Everyday Tote Pack Commuter Laptop Backpack, TNF Navy Light Heather/Monterey Blue/Kelp Tan, OS",Rated 4.6/5 from 676 Amazon shopper reviews.,https://m.media-amazon.com/images/I/91jBeN7+MyS._AC_SL1500_.jpg,59.99
Haiku Women's Stroll Eco Shoulder Bag,Rated 3.9/5 from 24 Amazon shopper reviews.,https://m.media-amazon.com/images/I/31Iuvf0CrXL._AC_.jpg,59.99
Ozora Handmade Leather Flapover Crossbody Purse for Women with Adjustable Strap & Overflap Snap Closure Tote/Bag,"Rated 4.3/5 from 1,657 Amazon shopper reviews.",https://m.media-amazon.com/images/I/71qn24yDV6L._AC_UL1500_.jpg,59.99
"Madison West Kylee Backpack Purse for Women, Casual Daypack Handbag, Soft Vegan Leather",Rated 4.5/5 from 44 Amazon shopper reviews.,https://m.media-amazon.com/images/I/717OKPIHcwL._AC_UL1500_.jpg,59.99
Women's Leather Wristlets Clutch Bag in Envelope Shape - 100% Italian Leather with Long Shoulder Strap,Rated 4.1/5 from 4 Amazon shopper reviews.,https://m.media-amazon.com/images/I/81nnMoAvBPL._AC_UL1500_.jpg,59.99
LiaTalia Womens Mini Genuine Soft Leather Cross Body Cross-Body Shoulder Bag Purse - JOY,Rated 3.2/5 from 24 Amazon shopper reviews.,https://m.media-amazon.com/images/I/819OAYHcufL._AC_UL1500_.jpg,59.99
BROMEN Mother's Day Hobo Bags for Women Leather Handbags Designer Shoulder Bucket Crossbody Purse,"Rated 4.4/5 from 1,386 Amazon shopper reviews.",https://m.media-amazon.com/images/I/91HhcY9z4SL._AC_UL1500_.jpg,59.99
S-ZONE Women Genuine Leather Backpack Casual Convertible Shoulder Bag Purse,"Rated 4.6/5 from 1,928 Amazon shopper reviews.",https://m.media-amazon.com/images/I/81wfgklOwbL._AC_UL1500_.jpg,59.99
"TinyYears Set of 3 Neoprene Bags for Women - Large Neoprene Tote Bag, Neoprene Beach Tote Bag/Gym Totes/Diaper Bag",Rated 4.7/5 from 370 Amazon shopper reviews.,https://m.media-amazon.com/images/I/81h8iC0N2ZL._AC_UL1500_.jpg,59.99
YALUXE Women's Front Pocket Vintage Style Soft Leather Work Tote Large Shoulder Bag Brown,Rated 4.1/5 from 19 Amazon shopper reviews.,https://m.media-amazon.com/images/I/81nj5sd-KLL._AC_UL1500_.jpg,59.99
Torostra Fashion Clear PVC Purse Bags for Womens See Through Plastic Bag for Working Waterprof Transparent Handbags,Rated 4.5/5 from 283 Amazon shopper reviews.,https://m.media-amazon.com/images/I/611PrXInHWL._AC_UL1500_.jpg,59.99
Stud Accent Turini Tote,Rated 3.4/5 from 4 Amazon shopper reviews.,https://m.media-amazon.com/images/I/81KoCrR0I8L._AC_UL1500_.jpg,59.99
Trinity Ranch Crossbody Bag for Women Western Shoulder Handbag Cell Phone Purse Wristlet Wallet,Rated 4.5/5 from 16 Amazon shopper reviews.,https://m.media-amazon.com/images/I/71pEoJ91eqL._AC_UL1500_.jpg,59.99
adidas Women's VFA Roll Duffel,Rated 4.7/5 from 385 Amazon shopper reviews.,https://m.media-amazon.com/images/I/813lCfow8xL._AC_UL1500_.jpg,59.99
Zinda Genuine Leathers Women’s Handbag Flapover Crossbody Shoulder Sling Multipocket,Rated 4.5/5 from 2 Amazon shopper reviews.,https://m.media-amazon.com/images/I/61MkaSgU0dL._AC_UL1500_.jpg,59.99
"Shiratori Women Evening Clutch Bag, Acrylic Square Box Shoulder HandBags For Wedding Party Tote Purse",Rated 4.4/5 from 114 Amazon shopper reviews.,https://m.media-amazon.com/images/I/51xZ0-y8qUL._AC_UL1001_.jpg,59.99
NAARIIAN Dumpling Bag for women Ruched Clutch Cloud Shape Dupe Chunky Chain Shoulder Bag PU Leather Handbag,Rated 4.6/5 from 21 Amazon shopper reviews.,https://m.media-amazon.com/images/I/71DaY6lVnaL._AC_UL1500_.jpg,59.99
Damn Near Kilt 'Em Premium Utility Satchel Kilt Accessory,Rated 3.9/5 from 24 Amazon shopper reviews.,https://m.media-amazon.com/images/I/91uaaIC7aVL._AC_SL1500_.jpg,59.99
FLORIANA Women's Crossbody Handbags Bucket Bag Leather Drawstring Bags for Women,Rated 3.8/5 from 25 Amazon shopper reviews.,https://m.media-amazon.com/images/I/71IkVyv9epL._AC_UL1500_.jpg,59.99
"MMS - Design Studio The Journey Crossbody Shoulder Bag for Women, Distressed Vegan Leather",Rated 4.2/5 from 79 Amazon shopper reviews.,https://m.media-amazon.com/images/I/81k3NSTwcvL._AC_UL1500_.jpg,59.99
"URBAN LEATHER Crossbody Bags for Women Large Crossbody Purses for Women, Genuine Leather Women's Crossbody handbags Brown",Rated 4.4/5 from 237 Amazon shopper reviews.,https://m.media-amazon.com/images/I/91jiLDWF6dL._AC_UL1500_.jpg,59.99
DORIS&JACKY Leather Shoulder Handbags For Women Medium Designer Crossbody Purse And Bags With Two Detachable Straps,Rated 4.1/5 from 203 Amazon shopper reviews.,https://m.media-amazon.com/images/I/51jeIySDk0L._AC_UL1001_.jpg,59.99
"Travelon Anti-theft Active Packable Tote, Black",Rated 4.1/5 from 19 Amazon shopper reviews.,https://m.media-amazon.com/images/I/81kq7cJUk6L._AC_SL1500_.jpg,59.99
Women Plush Shoulder Bag Fashion Fluffy Crossbody Purse Soft Warm Shopping Dating Bag with Adjustable Chain Strap Indie Cute,Rated 4.3/5 from 57 Amazon shopper reviews.,https://m.media-amazon.com/images/I/715Fa9tc+EL._AC_UL1336_.jpg,59.99
SKULL WOMENS HANDBAGS SKULL WOMENS WALLET AND HANDBAGS,Rated 4.6/5 from 4 Amazon shopper reviews.,https://m.media-amazon.com/images/I/61pXcTjYdKL._AC_UL1001_.jpg,59.99
Mabel Womens Lightweight Plain Handbag - Soft 100% Vegan PU Leather Tote Shoulder Bag - BROOK,Rated 4.4/5 from 578 Amazon shopper reviews.,https://m.media-amazon.com/images/I/81c9O1HmtNL._AC_UL1500_.jpg,59.99
"LeSportsac Classic Panda Tote, Donna Wilson Collaboration",Rated 4.4/5 from 4 Amazon shopper reviews.,https://m.media-amazon.com/images/I/61r+Rdki2bL._AC_UL1000_.jpg,59.99
Nanette Lepore Satchel,Rated 3.7/5 from 8 Amazon shopper reviews.,https://m.media-amazon.com/images/I/91Gi9bqfbjL._AC_UL1500_.jpg,59.99
KomalC Leather Shoulder Bag Tote for Women Purse Satchel Travel Bag shopping Carry Messenger Multipurpose Handbag,Rated 4.6/5 from 642 Amazon shopper reviews.,https://m.media-amazon.com/images/I/81DuoG2IvQL._AC_UL1500_.jpg,59.99
"Burton Women's Kettle Backpack, Bandotta Print",Rated 4.4/5 from 11 Amazon shopper reviews.,https://m.media-amazon.com/images/I/91hhGOCqgsL._AC_UL1500_.jpg,59.99
Women Chain Strap Cross-body Bags Genuine Leather Waist Bag with Zipper Closure for Daily,Rated 4.3/5 from 51 Amazon shopper reviews.,https://m.media-amazon.com/images/I/61RyAkHckSL._AC_UL1013_.jpg,59.99
Le Donne Top Zip Hobo Handbag - Colombian Vaquetta Cowhide Leather Women’s Bag,Rated 4.3/5 from 20 Amazon shopper reviews.,https://m.media-amazon.com/images/I/51xvWo51LTL._AC_UL1001_.jpg,59.99
BONBON TOYS Beach Tote Bag Sand Free Waterproof Large Washable EVA Beach Bag for Boat Pool Picnic Gym Camping Shopping,Rated 4.5/5 from 27 Amazon shopper reviews.,https://m.media-amazon.com/images/I/51pQ3ZQXU6L._AC_UL1500_.jpg,59.99
Moda Xpress Womens Juniors Denim Long Sleeve Button Up Jumpsuit - Distressed Denim Jeans Jumper with Belt Purse 10916S,Rated 4/5 from 84 Amazon shopper reviews.,https://m.media-amazon.com/images/I/61odxz3jm3L._AC_UL1400_.jpg,59.99
Carhartt Vertical Snap Tote,Rated 4.1/5 from 6 Amazon shopper reviews.,https://m.media-amazon.com/images/I/81s5j5zgflL._AC_UL1500_.jpg,59.99
LiaTalia Womens Leather Handbags Top Handle Bag Real Italian Hobo Designer Purses Shoulder Bag - DENISE,Rated 4.1/5 from 71 Amazon shopper reviews.,https://m.media-amazon.com/images/I/71f0RqT1+rL._AC_UL1500_.jpg,59.99
sorozien Womens Acrylic Clutch Handbag Handmade Large Tote Bag Summer Beach Bag,Rated 4.9/5 from 25 Amazon shopper reviews.,https://m.media-amazon.com/images/I/81CZ07pf2-L._AC_UL1500_.jpg,59.99
Giorgio Ferretti Genuine Leather Crossbody Bag with Removable Belt Genuine Leather Shoulder Bag for Women,Rated 3.3/5 from 3 Amazon shopper reviews.,https://m.media-amazon.com/images/I/81FV2KpRSpL._AC_UL1500_.jpg,59.99
Polka Dot Handbag Vintage Kiss Lock Purse Frame Evening Bag Clutch Canvas Top Handle Chain Strap Party Bag,Rated 5/5 from 2 Amazon shopper reviews.,https://m.media-amazon.com/images/I/61T3qDRPMrL._AC_UL1500_.jpg,59.99
Le Donne Leather Savanna Crossbody Women's Purse Full Grain Colombian Leather Handbag Shoulder Bag Cross Body,Rated 3.7/5 from 7 Amazon shopper reviews.,https://m.media-amazon.com/images/I/619NgArmafL._AC_UL1001_.jpg,59.99
"LitBear Mommy Bag for Hospital, Hospital Bag for Labor and Delivery, Large Capacity Waterproof Mommy Bag, Multifunction Overnight Bag for Women, Mom Bag with Straps (Blue Floral)",Rated 4.7/5 from 122 Amazon shopper reviews.,https://m.media-amazon.com/images/I/81oHtdWigvL._AC_UL1500_.jpg,59.99
Western Cross Leopard Handbag Rhinestone Pocket Purse With Matching Wallet (black1),Rated 3.8/5 from 5 Amazon shopper reviews.,https://m.media-amazon.com/images/I/71t3C+TuJTL._AC_UL1001_.jpg,59.99
"Fjallraven Women's Kanken Mini Backpack, Sky Blue, One Size",Rated 4.6/5 from 590 Amazon shopper reviews.,https://m.media-amazon.com/images/I/81Qe6nxf1BL._AC_SL1500_.jpg,59.99
SADDLER Womens Leather Cross Body Purse Clutch Detachable Strap | Designer Sling Bag For Ladies - Black,Rated 4.5/5 from 21 Amazon shopper reviews.,https://m.media-amazon.com/images/I/91qvqCBOg2L._AC_SL1500_.jpg,59.99
FOXLOVER Hobo Purse for Women Large Capacity Shoulder Bag Soft Leather Ladies Handbags Fashion Tote Bags,Rated 5/5 from 2 Amazon shopper reviews.,https://m.media-amazon.com/images/I/61B78YHKAML._AC_UL1200_.jpg,59.99
JESSIE & JAMES Large Concealed Carry Crossbody Bag For Women Gunbag Shoulder Purse With Detachable Holster,Rated 4.3/5 from 489 Amazon shopper reviews.,https://m.media-amazon.com/images/I/71z2FlZgBDL._AC_UL1500_.jpg,59.99
Loungefly Pokemon Metallic Bulbasaur Womens Double Strap Shoulder Bag Purse,Rated 4.8/5 from 163 Amazon shopper reviews.,https://m.media-amazon.com/images/I/51fKJf80SFL._AC_UL1000_.jpg,59.99
Danielle Nicole Harry Potter Slytherin Uniform Clutch Bag,Rated 5/5 from 4 Amazon shopper reviews.,https://m.media-amazon.com/images/I/71uRh0t8BKL._AC_UL1110_.jpg,59.99
Concealed Carry Cross Body Leather Gun Purse with Locking Zipper,Rated 4.5/5 from 147 Amazon shopper reviews.,https://m.media-amazon.com/images/I/61P10IFFxgL._AC_UL1127_.jpg,59.99
"Travelon Women's Anti-theft Boho Backpack, Painted Floral",Rated 4.2/5 from 6 Amazon shopper reviews.,https://m.media-amazon.com/images/I/91A1Ein22mL._AC_SL1500_.jpg,59.99
ÖGON -DESIGNS- Quilted Passport Aluminum Wallet Large capacity passport size - Clutch organizer - Women’s RFID blocking wallet - Black,Rated 4.4/5 from 133 Amazon shopper reviews.,https://m.media-amazon.com/images/I/61BB03ijN+L._AC_SL1500_.jpg,59.99
LiaTalia Plain Italian Suede Leather Top Handle Small Foldable Evening Purse Clutch Bag - RHEA,Rated 3.3/5 from 25 Amazon shopper reviews.,https://m.media-amazon.com/images/I/A1bIOnIfqWL._AC_UL1500_.jpg,59.99
Texas West Women's Buckle Embroidery Shoulder Handbag Wallet in Multi-Color,Rated 4.1/5 from 17 Amazon shopper reviews.,https://m.media-amazon.com/images/I/81AMFDC+oVL._AC_UL1500_.jpg,59.99
"Caribbean Joe Luggage Castaway Suitcase 16"" Boarding Tote (Royal Blue)",Rated 4.2/5 from 15 Amazon shopper reviews.,https://m.media-amazon.com/images/I/91nP6j8IOJL._AC_SL1500_.jpg,59.99
"Nike Air Jordan Weatherized Tote Bag (One Size, Gym Red)",Rated 4.7/5 from 42 Amazon shopper reviews.,https://m.media-amazon.com/images/I/81cUmz2eb4L._AC_SL1500_.jpg,59.99
Hello Kitty Sunglass Tote Bag,Rated 5/5 from 1 Amazon shopper reviews.,https://m.media-amazon.com/images/I/51AEF-D3CNL._AC_UL1085_.jpg,59.99
kreepsville 666 Wolf Head Pentagram Plush Purse Bag Werewolf Backpack,Rated 5/5 from 7 Amazon shopper reviews.,https://m.media-amazon.com/images/I/51LR+jqzi9S._AC_UL1000_.jpg,59.99
S-ZONE Women Tote Bag Large Work Handbag Top Handle Satchel Shoulder Purse,Rated 4.4/5 from 70 Amazon shopper reviews.,https://m.media-amazon.com/images/I/81QKdITPKtS._AC_UL1500_.jpg,59.99
"Hide & Drink, Snap Clutch Wallet Handmade from Full Grain Leather - Stylish Organizer with Button Closure and Zipper Coin Pocket - Convenient Storage for Personal Items, Valuables (Charcoal Black)",Rated 4.6/5 from 308 Amazon shopper reviews.,https://m.media-amazon.com/images/I/61kAhzJilGS._AC_SL1100_.jpg,59.99
Montana West Womens Concealed Carry Crossbody Messenger Purse American Pride Collection US04G-8287,Rated 4.5/5 from 84 Amazon shopper reviews.,https://m.media-amazon.com/images/I/61XxrVRHZvL._AC_UL1005_.jpg,59.99
Soft Genuine Leather Shoulder Hobo Purses Handbag for Women Casual Tote Bag Fashion Crossbody Bag,Rated 4.6/5 from 18 Amazon shopper reviews.,https://m.media-amazon.com/images/I/51d3t8E6hwL._AC_UL1500_.jpg,59.99
"SINBONO Women Crossbody Bag, Alyssa Soft Quilted Shoulder Bags Small Purse with Magnetic Closure",Rated 4.8/5 from 31 Amazon shopper reviews.,https://m.media-amazon.com/images/I/611D-pg1CTL._AC_UL1500_.jpg,59.99
LAORENTOU Cowhide Shoulder Bag for Women Leather Small Satchel Crossbody Bag Quilted Purses With Chain Strap,Rated 4.2/5 from 590 Amazon shopper reviews.,https://m.media-amazon.com/images/I/71Dpa53LhAL._AC_UL1423_.jpg,59.98
Girly HandBags Oversized Glossy Clutch Bag,Rated 4.1/5 from 18 Amazon shopper reviews.,https://m.media-amazon.com/images/I/61iLr1BndyL._AC_UL1500_.jpg,59.98
Lost Queen Rise Up Handcuff Vegan Edgy Punk Rock Black Crossbody Bag Purse,Rated 5/5 from 2 Amazon shopper reviews.,https://m.media-amazon.com/images/I/7138mR0j8vL._AC_UL1500_.jpg,59.98
Girly HandBags Womens Metallic Frame Clutch Bag,Rated 4.2/5 from 79 Amazon shopper reviews.,https://m.media-amazon.com/images/I/61359eGXwqL._AC_UL1500_.jpg,59.98
"Gun Concealment Purse Concealed Carry Shoulder or Crossbody Style 8006, Black",Rated 4.2/5 from 7 Amazon shopper reviews.,https://m.media-amazon.com/images/I/81GLUPbGtVL._AC_UL1500_.jpg,59.97
Magazine Cover Michelle Obama Patent Tote Handbag Wallet SET,Rated 4.8/5 from 168 Amazon shopper reviews.,https://m.media-amazon.com/images/I/71FqXizrxfL._AC_UL1001_.jpg,59.97
"Sherpani Milli, Nylon Flap Crossbody Purse, Shoulder Bag, Crossbody Bags for Women, RFID Protection",Rated 4.6/5 from 279 Amazon shopper reviews.,https://m.media-amazon.com/images/I/81T-8WCx08L._AC_UL1500_.jpg,59.95
Tooled Leather Laser Cut Western Style Horse Cowgirl Purse Country Totes Women Handbag Everyday Shoulder Bags Wallet Set,Rated 4.6/5 from 419 Amazon shopper reviews.,https://m.media-amazon.com/images/I/81FzCYnSC2L._AC_UL1500_.jpg,59.95
"CHQEL Evening Clutch Bag for Women, Handmade Crochet Wedding Party Purse, Small Flap Formal Crossbody Handbag Evening Clutch",Rated 4.6/5 from 63 Amazon shopper reviews.,https://m.media-amazon.com/images/I/91zOZcthPuL._AC_UL1500_.jpg,59.95
Trendeology Moto Jacket Design Bike Vegan Leather Fringed Saddle Bag Fashion Backpack Purse,Rated 4.8/5 from 234 Amazon shopper reviews.,https://m.media-amazon.com/images/I/61deCgFwQpL._AC_SL1018_.jpg,59.95
"Nurse Bags and Totes for Work - Nursing Bags for Nurses - Clinical Bag for Nursing Students, CNA, RN Tote, Gifts for Women","Rated 4.8/5 from 2,271 Amazon shopper reviews.",https://m.media-amazon.com/images/I/81HPuHlX5HL._AC_UL1500_.jpg,59.95
Tooled Leather Laser Cut Concealed Carry Purses Feather Country Western Handbags Shoulder Bags Wallet Set,Rated 4.6/5 from 376 Amazon shopper reviews.,https://m.media-amazon.com/images/I/81o93MtErsL._AC_UL1500_.jpg,59.95
Urban Expressions Womens Finley Vegan Leather Tote Hobo Handbag Black Large,Rated 5/5 from 1 Amazon shopper reviews.,https://m.media-amazon.com/images/I/71L8siSlYyL._AC_UL1000_.jpg,59.95
Bag-a-Vie Deluxe Handbag Organizer | Handbag Organizer Insert | With Five Outer and Five Inner Pockets | Pack of 3,Rated 4.6/5 from 11 Amazon shopper reviews.,https://m.media-amazon.com/images/I/81BXVWIc2oL._AC_SL1500_.jpg,59.95
Harry Potter Purse Designer Handbag Hogwarts Houses Womens Top Handle Shoulder Satchel Bag,"Rated 4.7/5 from 3,462 Amazon shopper reviews.",https://m.media-amazon.com/images/I/81j94RJaSKL._AC_UL1500_.jpg,59.95
Women Leather Wallet RFID Designer crocodile Large Capacity Credit Cards Holder Organizer Phone Clutch (Black),Rated 4.2/5 from 43 Amazon shopper reviews.,https://m.media-amazon.com/images/I/71zo+QrCQbL._AC_SL1500_.jpg,59.95
Western Style Rhinestone Concho West Concealed Carry Purse Country Handbag Women Shoulder Bag Wallet Set,Rated 4.6/5 from 124 Amazon shopper reviews.,https://m.media-amazon.com/images/I/81PCuG-EqOL._AC_UL1500_.jpg,59.95
Women's Ariat Team Helmet Bag,Rated 4.6/5 from 35 Amazon shopper reviews.,https://m.media-amazon.com/images/I/91UIflUMIhL._AC_SL1500_.jpg,59.95
Uma Hana Puppy Dog Waterproof Multipurpose Women's Fashionable Shoulder Handbag Mini Backpack Convertible,Rated 5/5 from 4 Amazon shopper reviews.,https://m.media-amazon.com/images/I/81ks0OPKXEL._AC_UL1500_.jpg,59.95
American Glory Unisex Vintage look Canvas Desert Crossbody Handbag,Rated 4.9/5 from 28 Amazon shopper reviews.,https://m.media-amazon.com/images/I/A1GEL6+IwIL._AC_UL1500_.jpg,59.95
Fioretta Italian Genuine Leather Crossbody Bag Clutch Handbag For Women,Rated 3.4/5 from 14 Amazon shopper reviews.,https://m.media-amazon.com/images/I/61wEimHw5QL._AC_UL1200_.jpg,59.95
Montana West Handcrafted Leather 4 in 1 Bundle Clutch Crossbody Biker Bag w Fringe & Coin Key Fob,Rated 4.1/5 from 39 Amazon shopper reviews.,https://m.media-amazon.com/images/I/716Y2dW-9JL._AC_UL1275_.jpg,59.95
Italia Leather Women's Slim Drawstring Tote Shoulder Bag Brown Python,Rated 5/5 from 1 Amazon shopper reviews.,https://m.media-amazon.com/images/I/71SZRfNsO5L._AC_SL1500_.jpg,59.95
Boho Tassel Leaf Charm Aztec & Stripe Embroidered Canvas Satchel Tote Handbag Purse,Rated 4.4/5 from 58 Amazon shopper reviews.,https://m.media-amazon.com/images/I/71QeqzGbhxL._AC_UL1001_.jpg,59.95
American Glory Unisex Vintage Look Canvas Sure Shot Crossbody Handbag,Rated 4.8/5 from 44 Amazon shopper reviews.,https://m.media-amazon.com/images/I/A10col32kbL._AC_UL1500_.jpg,59.95
Western Style Belts Buckle Studded Concealed Carry Purse Laser Cut Handbags Women Shoulder Bag Wallet Set,Rated 4.6/5 from 53 Amazon shopper reviews.,https://m.media-amazon.com/images/I/81Y-mnQTGoL._AC_UL1500_.jpg,59.95
"Magnifique Denim Shoulder Handbag with Adjustable Strap, Denim",Rated 4.3/5 from 89 Amazon shopper reviews.,https://m.media-amazon.com/images/I/91tra89SVdL._AC_UL1500_.jpg,59.94
Loungefly x Disney Moana Sketch Floral and Burlap Tote Bag,Rated 4.8/5 from 17 Amazon shopper reviews.,https://m.media-amazon.com/images/I/81dQ9vKUZfL._AC_UL1200_.jpg,59.90
Zelris Western Cross Daisy Flower Women Conceal Carry Tote Handbag Purse Set,Rated 4.8/5 from 120 Amazon shopper reviews.,https://m.media-amazon.com/images/I/914Cgal8ltL._AC_UL1500_.jpg,59.89
Zelris Spring Bloom Western Concho Women Conceal Carry Tote Handbag Purse Set,Rated 4.8/5 from 42 Amazon shopper reviews.,https://m.media-amazon.com/images/I/91TFSfTolFL._AC_UL1500_.jpg,59.89
Split Cow Leather Shoulder Bag for Women Quilted Chain Crossbody Bag Purse Fashion Heart-Shaped Handbag Mini Bag,Rated 4.8/5 from 15 Amazon shopper reviews.,https://m.media-amazon.com/images/I/51fF1V4qELL._AC_UL1200_.jpg,59.69
"Preferred Nation 27"" Expandable W/Wheels Travel Totes, Grey",Rated 3.6/5 from 13 Amazon shopper reviews.,https://m.media-amazon.com/images/I/61XZxJzmcNL._AC_SL1200_.jpg,59.60
Pistil Women's No Sweat Sling Bag,Rated 4.7/5 from 23 Amazon shopper reviews.,https://m.media-amazon.com/images/I/815P0eYpyOL._AC_UL1500_.jpg,59.52
Trick Or Treat Studios Trick r Treat Sam Bitten Lollipop Purse,Rated 4.7/5 from 44 Amazon shopper reviews.,https://m.media-amazon.com/images/I/51GgnlXiBYL._AC_UL1000_.jpg,59.49
"Mancini Ladies' Wristlet, RFID Secure Leather Wallet",Rated 4.1/5 from 13 Amazon shopper reviews.,https://m.media-amazon.com/images/I/91Q9W9LoxiL._AC_UL1500_.jpg,59.29
mywalit Small Zip Purse,Rated 4.6/5 from 20 Amazon shopper reviews.,https://m.media-amazon.com/images/I/41n9FaIKyqL._AC_.jpg,59.00
"Chala Womens' Canvas Patch Crossbody Handbag""Pug"" - Olive",Rated 4.3/5 from 2 Amazon shopper reviews.,https://m.media-amazon.com/images/I/71KB9SDHYvL._AC_UL1005_.jpg,59.00
Loungefly Disney Little Mermaid Ariel Castle Womens Double Strap Shoulder Bag Purse,Rated 4.8/5 from 159 Amazon shopper reviews.,https://m.media-amazon.com/images/I/61kib6i4sWL._AC_UL1000_.jpg,59.00
Boho Bag Square S | Real Leather | Fringe Purse | Bohemian Bags,Rated 4.1/5 from 17 Amazon shopper reviews.,https://m.media-amazon.com/images/I/51oPKIxlEOL._AC_UL1000_.jpg,59.00
"Camelia de Amour Women backpack purse Fashion Leather Rucksack medium size Nylon Rucksack (black/gold Hardware, 6.4L)",Rated 4.5/5 from 23 Amazon shopper reviews.,https://m.media-amazon.com/images/I/61BNos+hx5L._AC_SL1000_.jpg,59.00
ARIAT Southwestern Cruiser Clutch Orange One Size,Rated 4.4/5 from 29 Amazon shopper reviews.,https://m.media-amazon.com/images/I/91ON2X9pIaL._AC_UL1500_.jpg,59.00
Boho Bag Round S | Real Leather | Fringe Purse | Bohemian Bags,Rated 4.2/5 from 143 Amazon shopper reviews.,https://m.media-amazon.com/images/I/51nP+-nvbvL._AC_UL1000_.jpg,59.00
"Kipling Women's New Eldorado Minibag, Lightweight Crossbody, Nylon Travel Bag",Rated 4.2/5 from 70 Amazon shopper reviews.,https://m.media-amazon.com/images/I/61+nqnilVML._AC_UL1500_.jpg,59.00
KKP Medium Lingge Versatile Artificial Leather Handbag Women's Shoulder Bag Fashion Women's Bag,Rated 3.9/5 from 24 Amazon shopper reviews.,https://m.media-amazon.com/images/I/51666g+EJAL._AC_.jpg,59.00
ARIAT Floral Cruiser Clutch Multi One Size,Rated 4.8/5 from 12 Amazon shopper reviews.,https://m.media-amazon.com/images/I/81qnQHWmXqL._AC_UL1500_.jpg,59.00
"Small Leather Crossbody Bags for Women, Genuine Leather Brand Label Decoration Ladies Mini Leather Messenger Bags",Rated 3.8/5 from 10 Amazon shopper reviews.,https://m.media-amazon.com/images/I/71UuCiFiOQS._AC_UL1500_.jpg,59.00
Premium Women's Camouflage Buckle Shoulder Handbag Wallet in Multi-Color,Rated 4.8/5 from 57 Amazon shopper reviews.,https://m.media-amazon.com/images/I/71y6KgKWGAL._AC_UL1080_.jpg,58.99
JW PEI Women's Eva Shoulder Handbag,"Rated 4.7/5 from 2,961 Amazon shopper reviews.",https://m.media-amazon.com/images/I/616Dj0bewrL._AC_UL1500_.jpg,58.99
YALUXE Tote Women's Crazy Horse Leather Vintage Style Work Shoulder Bag (UPGRADED 2.0),Rated 4.2/5 from 378 Amazon shopper reviews.,https://m.media-amazon.com/images/I/71YcPVO87OL._AC_UL1500_.jpg,58.99
HOLYBIRD RFID Blocking Genuine leather wallets for women Large Capacity wristlet wallet Card Holder with YKK Zipper Clutch,Rated 4.7/5 from 134 Amazon shopper reviews.,https://m.media-amazon.com/images/I/71ichA32s4L._AC_UL1000_.jpg,58.99
LiaTalia Genuine Vera Pelle Women Cross body Italian Leather Small Mini Shoulder Bag Handbag - ABBY,Rated 4/5 from 206 Amazon shopper reviews.,https://m.media-amazon.com/images/I/91twmcTGTJL._AC_UL1500_.jpg,58.99
"Modern+Chic Brielle Convertible Bag, Women's Backpack Purse with Shoulder Strap",Rated 4.2/5 from 216 Amazon shopper reviews.,https://m.media-amazon.com/images/I/71c2gqJc3ML._AC_SL1500_.jpg,58.99
Chinllo Womens Top-Handle Handbag Satchel Leather Purse Crossbody Bag with Long Detachable Strap,Rated 3.9/5 from 11 Amazon shopper reviews.,https://m.media-amazon.com/images/I/61WaOfd-GaL._AC_UL1500_.jpg,58.99
Western Handbag Camouflage Gun Pistol Pocket Camo Rhinestone Purse With Matching Wallet (COFFEE),Rated 3.9/5 from 13 Amazon shopper reviews.,https://m.media-amazon.com/images/I/61TlreCSqyL._AC_UL1002_.jpg,58.99
Loungefly Peanuts Gift Giving Snoopy and Woodstock Womens Double Strap Shoulder Bag Purse,Rated 4.9/5 from 199 Amazon shopper reviews.,https://m.media-amazon.com/images/I/613i9y8AElL._AC_SL1080_.jpg,58.99
Western Rhinestone Camouflage Handbag With Matching Wallet In Multi Collections,Rated 4.4/5 from 25 Amazon shopper reviews.,https://m.media-amazon.com/images/I/61qsF7-rwDL._AC_UL1129_.jpg,58.99
Western Cross Leopard Handbag Rhinestone Pocket Purse With Matching Wallet (PINK),Rated 4/5 from 21 Amazon shopper reviews.,https://m.media-amazon.com/images/I/91+74R-MJvL._AC_UL1500_.jpg,58.99
Angel Barcelo Crossbody Purse and Handbags for Women Fashion Ladies Shoulder Bag,Rated 4.4/5 from 246 Amazon shopper reviews.,https://m.media-amazon.com/images/I/71RJ4SxNYJS._AC_UL1200_.jpg,58.99
"Premium Embroidered Rhinestone Buckle Concho Concealed Carry Handbag, Wallet Set in Multi-color",Rated 2.7/5 from 2 Amazon shopper reviews.,https://m.media-amazon.com/images/I/71sA2E6lHDL._AC_UL1037_.jpg,58.99
Western Handbag Camouflage Gun Pistol Pocket Camo Rhinestone Purse With Matching Wallet (PURPLE),Rated 4.2/5 from 10 Amazon shopper reviews.,https://m.media-amazon.com/images/I/61y-WHFTiuL._AC_UL1001_.jpg,58.99
Mona B. Ash Fold-Over and Intermix Convertible Upcycled Canvas Tote and Crossbody Bag with Vegan Leather Trim (Fold_Over-Aegean),Rated 5/5 from 4 Amazon shopper reviews.,https://m.media-amazon.com/images/I/81QUZ5IiqbL._AC_UL1500_.jpg,58.99
LAORENTOU Cowhide Shoulder Bag for Women Leather Quilted Purses Crossbody Handbag With Chain Strap for Lady Classy Look Bag,Rated 4.5/5 from 34 Amazon shopper reviews.,https://m.media-amazon.com/images/I/61m7kD9+KEL._AC_UL1200_.jpg,58.99
"CLA Bags SEL de MER Upcycled Large Upcycled Canvas Crossbody Bag & Cowhide Tote Bag, Upcycled Canvas & Cowhide Leather Handbag Bag for Women",Rated 4.5/5 from 75 Amazon shopper reviews.,https://m.media-amazon.com/images/I/91pPsSp7BsL._AC_UL1500_.jpg,58.99
OOHOO Small Crossbody Purse Bags for Women Leather Embroidery Shoulder Bag Women's Clutch Evening Designer Handbag with Chain,Rated 5/5 from 13 Amazon shopper reviews.,https://m.media-amazon.com/images/I/91nJfxzFD1L._AC_UL1500_.jpg,58.99
Texas West Women's Camo Pistol Gun Bullets Handbag,Rated 3.8/5 from 12 Amazon shopper reviews.,https://m.media-amazon.com/images/I/61wnl9-ASML._AC_UL1001_.jpg,58.99
"LL LOPPOP Small Retro Split Genuine Leather Crossbody Shoulder Bag for Women, Clutch Square Purses Handbags 2042",Rated 4.5/5 from 65 Amazon shopper reviews.,https://m.media-amazon.com/images/I/81NO76w4p3L._AC_UL1500_.jpg,58.99
"Caribbean Joe Luggage Castaway Suitcase 16"" Boarding Tote (Light Blue)",Rated 4.9/5 from 12 Amazon shopper reviews.,https://m.media-amazon.com/images/I/91GwBp9uw0L._AC_SL1500_.jpg,58.99
"Clearance Handbags for Women Cow Leather Crossbody Bags Handle Purse, Lady Mini Tote Satchel Shoulder Bags",Rated 3.8/5 from 51 Amazon shopper reviews.,https://m.media-amazon.com/images/I/71L6ELEDHUL._AC_UL1200_.jpg,58.98
Purse King Magnum Concealed Carry Crossbody Handbag Gun Purse & Shoulder Bag with Adjustable Strap,Rated 4.2/5 from 621 Amazon shopper reviews.,https://m.media-amazon.com/images/I/A18-Z4pTtwL._AC_UL1500_.jpg,58.98
LAORENTOU Cow Leather Small Crossbody Bags for Women Quilted Handbag Purse with Chain Strap Shoulder Purse Clearance,Rated 4.4/5 from 128 Amazon shopper reviews.,https://m.media-amazon.com/images/I/61IxE5ygB-L._AC_UL1200_.jpg,58.98
ARIAT Cactus Cruiser Clutch,Rated 4.7/5 from 51 Amazon shopper reviews.,https://m.media-amazon.com/images/I/71LC6NCLECL._AC_UL1200_.jpg,58.97
Liquor Brand Gypsy Fortune Bowler Purse,Rated 5/5 from 2 Amazon shopper reviews.,https://m.media-amazon.com/images/I/71g1Q-Y48zL._AC_UL1500_.jpg,58.95
"COPPERTIST.WU Brass Coin Organizer for Car, Calappa Crab Box Coin Change Purse Holder Case Aquarium Sea Life Home Decor Collectible Gift for Collectors",Rated 5/5 from 11 Amazon shopper reviews.,https://m.media-amazon.com/images/I/71RNVlYDxxL._AC_SL1500_.jpg,58.95
Liquorbrand Unicorns Pony Rainbows Scene Tattoo Vegan Bowling Purse Handbag,Rated 4.8/5 from 20 Amazon shopper reviews.,https://m.media-amazon.com/images/I/61OD9qt7zgL._AC_UL1001_.jpg,58.95
Genuine Leather Women's Top Handle Satchel Crossbody Handbags Evening Bag Purses Small Hard Shoulder Bags,Rated 3.4/5 from 6 Amazon shopper reviews.,https://m.media-amazon.com/images/I/51CYaAdbI2L._AC_UL1000_.jpg,58.90
VAKAER Womens Acrylic Clutch Handbag Large Tote Bag Beach Bag,Rated 4.8/5 from 405 Amazon shopper reviews.,https://m.media-amazon.com/images/I/71CJVKmCJUL._AC_UL1000_.jpg,58.88
PU Leather Black And White Houndstooth Ladies Shoulder Bag Autumn And Winter Fashion Woolen Cloth Crossbody Bag,Rated 4.1/5 from 248 Amazon shopper reviews.,https://m.media-amazon.com/images/I/71jeL05DoeS._AC_UL1500_.jpg,58.81
Kipling New Shopper Small Tote Bag,Rated 4.7/5 from 44 Amazon shopper reviews.,https://m.media-amazon.com/images/I/71tCapt0u5L._AC_UL1500_.jpg,58.79
Kipling Folki Mini Handbag,Rated 4.5/5 from 38 Amazon shopper reviews.,https://m.media-amazon.com/images/I/71eNN8Qc7oL._AC_UL1500_.jpg,58.79
"Sakroots Women's Bag in Eco-Twill, Multifunctional Purse with Adjustable Strap & Zipper Pockets, Sustainable & Durable Design",Rated 4.6/5 from 196 Amazon shopper reviews.,https://m.media-amazon.com/images/I/91HxhzvlEKL._AC_UL1500_.jpg,58.77
FOXLOVER Small Leather Crossbody Bags for Women Ladies Shoulder Bag Top Handle Mini Handbag and Purse,Rated 4.3/5 from 161 Amazon shopper reviews.,https://m.media-amazon.com/images/I/71Wzz8FQAJL._AC_UL1200_.jpg,58.69
KITATU Crossbody Bag for Women Hobo Handbags - Vegan Leather Designer Purse Shoulder Zipper Bag with 2 Adjustable Straps,Rated 4.4/5 from 371 Amazon shopper reviews.,https://m.media-amazon.com/images/I/71VV-R5YvwL._AC_UL1500_.jpg,58.69
Messenger Bag Vintage Genuine Leather Briefcase Large Satchel Shoulder Bag Rugged Leather Computer Laptop Bag,Rated 4.3/5 from 14 Amazon shopper reviews.,https://m.media-amazon.com/images/I/81zLgxwhXNL._AC_UL1500_.jpg,58.60
"Piel Leather Small Tote Bag, Black, One Size",Rated 4.6/5 from 31 Amazon shopper reviews.,https://m.media-amazon.com/images/I/71xvssAt88L._AC_SL1500_.jpg,58.55
CHALA Handbag Everyday Tote,Rated 4.9/5 from 521 Amazon shopper reviews.,https://m.media-amazon.com/images/I/61GhEB6mzDL._AC_UL1005_.jpg,58.50
"FOXLOVER Hobo Shoulder Bags for Women, Ladies Designer Leather Bucket Bags Handbag Purse",Rated 4.1/5 from 179 Amazon shopper reviews.,https://m.media-amazon.com/images/I/41I-MvNpc3L._AC_UL1157_.jpg,58.49
Loungefly Pokemon Ombre Womens Double Strap Shoulder Bag Purse,Rated 4.9/5 from 298 Amazon shopper reviews.,https://m.media-amazon.com/images/I/61Vrbq4EpsL._AC_UL1000_.jpg,58.24
Loungefly Disney Christmas Gingerbread AOP Womens Double Strap Shoulder Bag Purse with Ears Headband,Rated 4.9/5 from 147 Amazon shopper reviews.,https://m.media-amazon.com/images/I/61aCeQ0zIeL._AC_UL1000_.jpg,58.00
Loungefly Harry Potter Luna Lovegood All Over Print Womens Double Strap Shoulder Bag Purse,Rated 4.9/5 from 174 Amazon shopper reviews.,https://m.media-amazon.com/images/I/71-bqTaqCdL._AC_UL1024_.jpg,58.00
Sydney Love Fuchsia Golf Day Tote,Rated 2.8/5 from 5 Amazon shopper reviews.,https://m.media-amazon.com/images/I/81uiv5iVe-L._AC_SL1500_.jpg,58.00
PurseN Handbag Organizer / Expandable Purse Insert,Rated 4.4/5 from 64 Amazon shopper reviews.,https://m.media-amazon.com/images/I/51wXvAQxsPL._AC_UL1001_.jpg,58.00
Women Wallet Genuine Leather Long Purse Zip Around Vintage Cowhide Handmade Clutch Card Holder Organizer (Brown),Rated 4.3/5 from 75 Amazon shopper reviews.,https://m.media-amazon.com/images/I/61--ar-c79L._AC_SL1001_.jpg,58.00
"Sherpani Prima, Anti Theft Crossbody Bag, Travel Bag, Small Shoulder Bag, Cross Body Bag, Purses for Women",Rated 4.5/5 from 290 Amazon shopper reviews.,https://m.media-amazon.com/images/I/81zs+FEHI5L._AC_UL1500_.jpg,58.00
Genuine Leather Wallet for Women long Purse Slim Clutch vintage cowhide handmade Cash Card Holder Organizer (Brown),Rated 4.2/5 from 44 Amazon shopper reviews.,https://m.media-amazon.com/images/I/61drBwWXZuL._AC_SL1039_.jpg,58.00
LA'FESTIN Ladies Crossbody Handbags Lizard Pattern Leather Shoulder Tote Purse Mini,Rated 4.5/5 from 351 Amazon shopper reviews.,https://m.media-amazon.com/images/I/713NlRVWK9L._AC_UL1200_.jpg,58.00
"Chala Pug Carryall Zip Tote Handbag, Pug Lovers Pug Mom",Rated 5/5 from 1 Amazon shopper reviews.,https://m.media-amazon.com/images/I/61iVrNNANaL._AC_UL1005_.jpg,58.00
Genuine Leather Wallets for Women RFID Blocking Purse Vintage All in One Organizer Handmade Long Wallet Luxury Clutch (Green),Rated 4.5/5 from 43 Amazon shopper reviews.,https://m.media-amazon.com/images/I/71v4AvKm6IL._AC_SL1100_.jpg,58.00
Chala Handbags Cat with Fish Gen II Carryall Zip Tote Cat Lover,Rated 5/5 from 1 Amazon shopper reviews.,https://m.media-amazon.com/images/I/61hC8WZCwoL._AC_UL1005_.jpg,58.00
LRTO Genuine Leather Wallets for Women Zip Around Wallet Purse RFID-Blocking Retro Handmade Clutch Money Clip Card Organizer (Coffee),Rated 4.6/5 from 8 Amazon shopper reviews.,https://m.media-amazon.com/images/I/8165BC9VGlL._AC_SL1500_.jpg,58.00
"Perforated East West Tote bag, Shoulder Bag, Detachable Pouch",Rated 3.9/5 from 6 Amazon shopper reviews.,https://m.media-amazon.com/images/I/618TSUmSdyL._AC_UL1500_.jpg,58.00
joy susan Convertible Wristlet Wallet: Karina Handbag,Rated 4.8/5 from 12 Amazon shopper reviews.,https://m.media-amazon.com/images/I/81I06yjMCuL._AC_UL1500_.jpg,58.00
Genuine Leather Wallet for Women Dual Use Zip Long Purse Vintage Handmade Clutch Cowhide Card Holder Organizer (Brown),Rated 4.3/5 from 88 Amazon shopper reviews.,https://m.media-amazon.com/images/I/71qdx2oPdpL._AC_SL1500_.jpg,58.00
Premium Rhinestone Cross Concealed Carry Handbag Purse and Matching Wallet in Black CHF1047 (Black Handbag),Rated 4.6/5 from 7 Amazon shopper reviews.,https://m.media-amazon.com/images/I/712Zj6ZrMuL._AC_UL1041_.jpg,57.99
Texas West Women's Cross Flower Shoulder Handbag Purse in Multi-Color,Rated 3.9/5 from 32 Amazon shopper reviews.,https://m.media-amazon.com/images/I/71sA2E6lHDL._AC_UL1037_.jpg,57.99
Genuine Leather Slim Wallets Vintage Handmade Bifold Long Wristlet Purse Money Clip Card Holder with Zipper (Green),Rated 4.1/5 from 22 Amazon shopper reviews.,https://m.media-amazon.com/images/I/71FJ9nQdlVL._AC_SL1001_.jpg,57.99
Genuine Leather Wallet Women Long Purse Clutch Vintage Cowhide Handmade Card Holder Organizer,Rated 3.9/5 from 84 Amazon shopper reviews.,https://m.media-amazon.com/images/I/61rYUEDzW3L._AC_UL1047_.jpg,57.99
"Wayuu Bags, Colombian Handbags, Mochila Wayuu, 100% Handmade, Exclusive and unique designs, Sent directly from Colombia!",Rated 4.9/5 from 59 Amazon shopper reviews.,https://m.media-amazon.com/images/I/817pnyDuMUL._AC_UL1500_.jpg,57.99
Women Vegan Leather Hand-Woven Tote Handbag Fashion Shoulder Top-handle Bag All-Match Underarm Bag with Purse,Rated 4.3/5 from 275 Amazon shopper reviews.,https://m.media-amazon.com/images/I/61ymuec79nL._AC_UL1500_.jpg,57.99
Texas West Women's Rhinestone Cross Shoulder Handbag Purse Wallet in 6 Colors,Rated 4.2/5 from 7 Amazon shopper reviews.,https://m.media-amazon.com/images/I/71g+aFsHf1L._AC_UL1003_.jpg,57.99
ROUROU Glossy Patent Leather Handbag for Women Top Handle Tote Bag Evening Shoulder Bag Wedding Satchel Retro Purse,Rated 4.3/5 from 105 Amazon shopper reviews.,https://m.media-amazon.com/images/I/51SveCNieGL._AC_UL1001_.jpg,57.99
Women's Wallet Genuine Leather Zip Around Wristlet Long Purse Vintage Embossing Cowhide Capacity Handmade Clutch(Brown),Rated 4.4/5 from 133 Amazon shopper reviews.,https://m.media-amazon.com/images/I/61IKWPFducL._AC_SL1100_.jpg,57.99
Loungefly POP Disney Villains Tattoo All Over Print Womens Double Strap Shoulder Bag Purse,Rated 4.9/5 from 283 Amazon shopper reviews.,https://m.media-amazon.com/images/I/713-5iauMEL._AC_SL1200_.jpg,57.99
"American Bling Concealed Gun Messenger Purse Wallet Set Tooling Patchwork Coffee, Medium",Rated 4.2/5 from 54 Amazon shopper reviews.,https://m.media-amazon.com/images/I/71Yw7DelZVL._AC_UL1200_.jpg,57.99
Marshal Wholesale Genuine Leather Cross Body Bag Purse Shoulder Bag Organizer Assorted (12pcs),Rated 3.7/5 from 15 Amazon shopper reviews.,https://m.media-amazon.com/images/I/71OXsnTOKkL._AC_SL1200_.jpg,57.99
"Generic BRIDE Clutch Purse, Gift For Bride, Seed Beaded Clutch Purse, Bridal Purse Clutch, White Beaded Wedding Clutch, Bride Gifts, Bridal Gifts",Rated 5/5 from 9 Amazon shopper reviews.,https://m.media-amazon.com/images/I/81iaKu2UPkS._AC_UL1500_.jpg,57.99
OOHOO Women Designer Handbags Top Handle Purse for Women Crossbody Shoulderbags for Women Leather Retro Bags with Chain Strap,Rated 4.5/5 from 9 Amazon shopper reviews.,https://m.media-amazon.com/images/I/91mei36hRVL._AC_UL1500_.jpg,57.99
Sterling Silver Filigree Purse Locket Prayer Box Marcasite,Rated 3/5 from 1 Amazon shopper reviews.,https://m.media-amazon.com/images/I/71OCmq8QawL._AC_UL1000_.jpg,57.96
Dancing Days American Vintage Rockabilly Retro 50s Top Handle Bag Handbag,Rated 4.3/5 from 131 Amazon shopper reviews.,https://m.media-amazon.com/images/I/61EraEM3NKL._AC_UL1500_.jpg,57.95
Zelris Colorful Native Tribal Feathers Conceal Carry Women Handbag Purse with Wallet,Rated 4.2/5 from 10 Amazon shopper reviews.,https://m.media-amazon.com/images/I/914Y4WuVMCL._AC_UL1500_.jpg,57.89
Zelris Camouflage Shine Glow Buckle Women Conceal Carry Handbag with Wallet Set,Rated 4.6/5 from 223 Amazon shopper reviews.,https://m.media-amazon.com/images/I/A1TOthEWptL._AC_UL1500_.jpg,57.89
Zelris Turquoise Stone Cross Western Women Conceal Carry Tote Handbag Purse Set,Rated 4.6/5 from 61 Amazon shopper reviews.,https://m.media-amazon.com/images/I/81fGfCEiaXL._AC_UL1500_.jpg,57.89
Mandarina Duck Women's Md20 Minuteria Messenger Bag,Rated 4.6/5 from 49 Amazon shopper reviews.,https://m.media-amazon.com/images/I/91EygWY5XML._AC_UL1500_.jpg,57.88
Loungefly POP Dragon Ball Z Gohan Piccolo Womens Double Strap Shoulder Bag Purse,Rated 4.8/5 from 160 Amazon shopper reviews.,https://m.media-amazon.com/images/I/71cApVNbIGL._AC_SL1500_.jpg,57.88
Hellolulu JONNA Double Sided Versatile Shoulder Tote Bag,Rated 4.4/5 from 8 Amazon shopper reviews.,https://m.media-amazon.com/images/I/41OKFkU7ZsL._AC_UL1200_.jpg,57.79
"Odarling Tote Handbags Purses Cosmetic Bags 3pcs Set for Women, Simply and Quickly Make up or Touch up Anytime and Anywhere",Rated 4.3/5 from 109 Amazon shopper reviews.,https://m.media-amazon.com/images/I/61Xbjh7XK9L._AC_UL1500_.jpg,57.77
Quilted Crossbody Bags for Women Split Leather Bucket Bag Purse Large Capacity Shoulder Bag Ladies Casual Handbag,Rated 3.4/5 from 3 Amazon shopper reviews.,https://m.media-amazon.com/images/I/71Dv0mgwiOL._AC_UL1200_.jpg,57.59
"Fjallraven Women's Kanken Backpack, Rowan Red, One Size",Rated 4.4/5 from 89 Amazon shopper reviews.,https://m.media-amazon.com/images/I/61GTTrv7RvL._AC_SL1200_.jpg,57.53
Paul & Taylor Genuine Leather Crossbody Handbag with Card Slot Pocket 427,Rated 3.4/5 from 21 Amazon shopper reviews.,https://m.media-amazon.com/images/I/71YyFxh90IL._AC_UL1200_.jpg,57.50
Chala Handbag STRIPED Tote Vegan Leather with Detachable Charm/Keychain,Rated 5/5 from 5 Amazon shopper reviews.,https://m.media-amazon.com/images/I/61hi-P5iC6L._AC_UL1005_.jpg,57.50
Handcrafted Leather Bundle - 4 in 1 Clutch Crossbody Belt Bag Coin Pouch Key Fob,Rated 3.6/5 from 12 Amazon shopper reviews.,https://m.media-amazon.com/images/I/71pHOC+LIoL._AC_UL1275_.jpg,57.45
"Kipling Women's New Angie Handbag, Lightweight Crossbody, Nylon Travel Bag",Rated 4.5/5 from 327 Amazon shopper reviews.,https://m.media-amazon.com/images/I/A1i9l9QsKPL._AC_UL1500_.jpg,57.39
"Chala Patch Cross-Body Women Handbag, Canvas Messenger Bag",Rated 4.7/5 from 61 Amazon shopper reviews.,https://m.media-amazon.com/images/I/81BXdMEaZ6L._AC_UL1500_.jpg,57.32
"Grubify Women's Large-Capacity Messenger Bag Women Handbag (Color : Fuchsia, Size : 24.5 * 10 * 18)",Rated 3/5 from 1 Amazon shopper reviews.,https://m.media-amazon.com/images/I/41ApXY1L-fL._AC_SL1500_.jpg,57.31
Myra Bag The Incomprable Upcycled Canvas & Leather Tote Bag S-1593,Rated 3.1/5 from 3 Amazon shopper reviews.,https://m.media-amazon.com/images/I/71ClwRt0tuL._AC_UL1500_.jpg,57.00
Harley-Davidson Womens Signature B&S Logo Black Polyester Duffel Bag 99418-SIG,Rated 5/5 from 2 Amazon shopper reviews.,https://m.media-amazon.com/images/I/81XnokHTpsL._AC_SL1500_.jpg,57.00
Loungefly Disney Nightmare Before Christmas Triple Pocket Womens Double Strap Shoulder Bag Purse,Rated 5/5 from 41 Amazon shopper reviews.,https://m.media-amazon.com/images/I/71LovOUYcqL._AC_SL1500_.jpg,57.00
Pretty Simple Me Jute Tote Bag | Crossbody Bag | Leather Handle Strap | Adjustable Canvas Crossbody Strap | Large Compartment,Rated 3.8/5 from 8 Amazon shopper reviews.,https://m.media-amazon.com/images/I/91xlOx8dn+L._AC_UL1500_.jpg,57.00
"Rhinestone Tooled Flora Embroidery Twin Concho Concealed Carry Leather Handbag Purse in Black, Beige, Hot Pink, Turq and Pink (Black)",Rated 5/5 from 6 Amazon shopper reviews.,https://m.media-amazon.com/images/I/61ONdmiIffL._AC_UL1082_.jpg,56.99
YALUXE Shoulder Bag Genuine Leather Tote Handbag Crossbody Bags for Women,Rated 4.3/5 from 94 Amazon shopper reviews.,https://m.media-amazon.com/images/I/61az5s0ZScL._AC_UL1500_.jpg,56.99
Covelin Women's Handbag Genuine Leather Tote Shoulder Bags Soft Hot,Rated 4.3/5 from 634 Amazon shopper reviews.,https://m.media-amazon.com/images/I/81oX14KbNJL._AC_UL1500_.jpg,56.99
YALUXE Leather Tote Women's Soft Work Shoulder Bag (Upgraded 2.0),Rated 4.4/5 from 424 Amazon shopper reviews.,https://m.media-amazon.com/images/I/71AJYlnOZ-L._AC_UL1500_.jpg,56.99
B.Bella Cassette Chain Womens Crossbody Handbag,Rated 4.2/5 from 218 Amazon shopper reviews.,https://m.media-amazon.com/images/I/710FvrMCrOL._AC_UL1500_.jpg,56.99
"Haute Shore - Drew Safari Crossbody Tote, Taupe Camo W/Charcoal & Rosegold Stripe",Rated 5/5 from 1 Amazon shopper reviews.,https://m.media-amazon.com/images/I/51PEdkJ53xL._AC_UL1500_.jpg,56.99
Zzfab Bling Purse Double Handles Rhinestone Wing Purse,Rated 4.6/5 from 71 Amazon shopper reviews.,https://m.media-amazon.com/images/I/61t79G79gHL._AC_UL1280_.jpg,56.99
Leather Concealed Carry Crossbody Purse - YKK Locking CCW Ambidextrous Gun Bag Roma 7082,Rated 4.4/5 from 834 Amazon shopper reviews.,https://m.media-amazon.com/images/I/51olRghnYJS._AC_.jpg,56.99
Vintage Kiss Lock Purses and Handbags Crossbody Bag/Made in Japan Japanese Bag Evening Clutch Buckle Purse Shoulder Bag,Rated 4.2/5 from 71 Amazon shopper reviews.,https://m.media-amazon.com/images/I/71yiwn7kNdL._AC_UL1500_.jpg,56.99
S-ZONE Vintage Genuine Leather Tote Shoulder Bag Handbag Big Large Capacity Upgraded 2.0,"Rated 4.5/5 from 3,328 Amazon shopper reviews.",https://m.media-amazon.com/images/I/81NAxynnt3L._AC_UL1500_.jpg,56.99
Women Leather Handbag Large Capacity Hobo Purse Shoulder Crossbody Bag Tote Satchel Bag,Rated 5/5 from 5 Amazon shopper reviews.,https://m.media-amazon.com/images/I/71U8-+BDF1L._AC_UL1500_.jpg,56.99
SADDLER Womens Leather Cross Body Purse Clutch |Detachable Strap |Ladies Sling Bag - Teal,Rated 4.6/5 from 26 Amazon shopper reviews.,https://m.media-amazon.com/images/I/91Vg2rF+CrL._AC_SL1500_.jpg,56.99
"KALIDI Woven Tote Bag, Women Macaron Soft Leather Weave Handbag Purse Wrist Bag Large Capacity Work Shopping Travel Daily",Rated 4.3/5 from 71 Amazon shopper reviews.,https://m.media-amazon.com/images/I/81ovLodXYRL._AC_UL1500_.jpg,56.99
S-ZONE Small Genuine Leather Top Handle Handbags for Women Shoulder Bag Crossbody Purse,Rated 4.4/5 from 514 Amazon shopper reviews.,https://m.media-amazon.com/images/I/81JrKZLMSML._AC_UL1500_.jpg,56.99
Cowhide Purse Crossbody Handbag Clutch Brown White Cow Hide Hair on Calf Hide Leather Fur | Women Cowhide Crossbody Purse Bag,Rated 3/5 from 4 Amazon shopper reviews.,https://m.media-amazon.com/images/I/610rGBW5gIL._AC_UL1000_.jpg,56.99
S-ZONE Women Genuine Leather Crossbody Bags Purses Vintage Shoulder Bag Fashion Handbags,Rated 4.3/5 from 51 Amazon shopper reviews.,https://m.media-amazon.com/images/I/81Pgwo8cAnL._AC_UL1500_.jpg,56.99
MKP COLLECTION Women Fashion Anti Theft Backpack and Small Crossbody Cell Phone Purse,Rated 4.1/5 from 16 Amazon shopper reviews.,https://m.media-amazon.com/images/I/81sH8KnogdL._AC_UL1500_.jpg,56.99
"Genuine Leather Crossbody Bags for Women, Ladies Top Handle Handbag Fashion Messenger Shoulder Bag",Rated 4.2/5 from 107 Amazon shopper reviews.,https://m.media-amazon.com/images/I/61eedLVwZVL._AC_UL1200_.jpg,56.99
Loungefly Disney The Little Mermaid Ariel Womens Double Strap Shoulder Bag Purse,Rated 4.9/5 from 545 Amazon shopper reviews.,https://m.media-amazon.com/images/I/81ziZcREICL._AC_SL1500_.jpg,56.99
Boho Tassel Ostrich Print Vegan Leather Handle Bucket Handbag Satchel Wallet Set,Rated 4.5/5 from 23 Amazon shopper reviews.,https://m.media-amazon.com/images/I/6125ZqZtYKL._AC_UL1001_.jpg,56.95
Western Style Rhinestone Cross Totes Purse Concealed Carry Handbags Women Country Shoulder Bag Wallet Set,Rated 4.6/5 from 87 Amazon shopper reviews.,https://m.media-amazon.com/images/I/91PONO-6hcL._AC_UL1500_.jpg,56.95
Loungefly Disney Aladdin Jafar Cosplay Womens Double Strap Shoulder Bag Purse,Rated 4.8/5 from 93 Amazon shopper reviews.,https://m.media-amazon.com/images/I/615RPKVVJ9L._AC_UL1024_.jpg,56.94
LAORENTOU Cowhide Crossbody Bags for Women Leather Handbag Purse with Adjustable Strap Satchel Shoulder Bags,Rated 4.1/5 from 45 Amazon shopper reviews.,https://m.media-amazon.com/images/I/619wZWXMuHL._AC_UL1200_.jpg,56.89
Zelris Floral Western Concho Feather Conceal Carry Women Tote Purse Handbag Set,Rated 3.3/5 from 8 Amazon shopper reviews.,https://m.media-amazon.com/images/I/91b-7jQ8kGL._AC_UL1500_.jpg,56.85
LJOSEIND Women’s Handbags Designer Purses Satchel Totes Structured Shoulder Bags,Rated 4.4/5 from 655 Amazon shopper reviews.,https://m.media-amazon.com/images/I/81eXR77Cg8L._AC_UL1285_.jpg,56.80
ful Women's Double Take 2 in 1 Luggage Upright and Detachable Backpack,Rated 3.5/5 from 10 Amazon shopper reviews.,https://m.media-amazon.com/images/I/A1hq1zqPMxL._AC_UL1500_.jpg,56.72
"HERME Crossbody Phone Bag for Women, Big Shoulder Bag Cell Phone Wallet Purses and Handbags with Adjustable Shoulder Strap",Rated 2/5 from 1 Amazon shopper reviews.,https://m.media-amazon.com/images/I/61Pgdi6OB1S._AC_UL1500_.jpg,56.63
Anna by Anuschka Women's Geniune Leather Hand Painted Large Three Fold Checkbook Clutch Wallet - Floral Paradise Tan,Rated 4.9/5 from 36 Amazon shopper reviews.,https://m.media-amazon.com/images/I/81W9Ur+ufqL._AC_UL1500_.jpg,56.41
Chala Fat Cat Carryall Zip Tote,Rated 5/5 from 1 Amazon shopper reviews.,https://m.media-amazon.com/images/I/71qHgpdl8jL._AC_UL1005_.jpg,56.32
"SCOUT BJ Bag - Large, Utility Tote Bag for Women, Nurses, Teachers and Moms with Zipper & 4 Exterior Pockets for Organizing…","Rated 4.8/5 from 1,301 Amazon shopper reviews.",https://m.media-amazon.com/images/I/81bJOsdxY+L._AC_UL1500_.jpg,56.00
"Afonie Convertible Backpack Purse for Women - Vegan Leather Shoulder & Crossbody Bag with 4 Outer Zipper Pockets & Adjustable Strap Brown Leather Bag for Work, Office, & Traveling",Rated 1/5 from 3 Amazon shopper reviews.,https://m.media-amazon.com/images/I/81udUUfSjML._AC_SL1500_.jpg,56.00
Myra Bag Women's Frost Backpack Multi One Size,Rated 4.5/5 from 114 Amazon shopper reviews.,https://m.media-amazon.com/images/I/61k+4k+sP0L._AC_UL1000_.jpg,56.00
"rayo & honey ""Lift Every Voice"" Quote Black Canvas Tote Bag",Rated 4.9/5 from 38 Amazon shopper reviews.,https://m.media-amazon.com/images/I/31QKJUATDKL._AC_.jpg,56.00
"23 New Womens Tote Bag,Bamboo Shaped Top Handle Satchel Crossbody",Rated 4.5/5 from 13 Amazon shopper reviews.,https://m.media-amazon.com/images/I/61jsqq8a69L._AC_UL1500_.jpg,55.99
WATERFLY Packable Sling Bag for Women Travel Crossbody Bag Shoulder Purse Anti-Theft Zipper,Rated 4.1/5 from 155 Amazon shopper reviews.,https://m.media-amazon.com/images/I/512DPQPBT-L._AC_SL1500_.jpg,55.99
Cartoon Pig Donut Ice Cream Lollipop Backpack for Women Fashion PU Leather Daypacks Anti-Theft Shoulder Bag Satchel,Rated 4/5 from 1 Amazon shopper reviews.,https://m.media-amazon.com/images/I/71rfMzMlkBL._AC_SL1500_.jpg,55.99
"WIFEY FOR LIFEY Clutch Purse, Wifey Clutch Bag, Bride Clutch, Hand Beaded Purse, Gifts for Engagement, Bridal Shower, Bachelorette, Wedding Party",Rated 4.4/5 from 20 Amazon shopper reviews.,https://m.media-amazon.com/images/I/61qpHdLeT1L._AC_UL1000_.jpg,55.99
BGMIX Women's Evening Clutches Handbags Party Wallets Wedding Totes Satchel Purses Evening Purse Large Clutch Bag,Rated 4.8/5 from 16 Amazon shopper reviews.,https://m.media-amazon.com/images/I/81ozmVSAYwL._AC_UL1500_.jpg,55.99
Handmade Woven Hobo Women Top-handle Shoulder Bags Large Capacity Shopping Dumplings Bag Casual Underarm Handbags Purses,Rated 3.6/5 from 19 Amazon shopper reviews.,https://m.media-amazon.com/images/I/61zO+BJkzeL._AC_UL1500_.jpg,55.99
"FOXLOVER Womens Leather Quilted Shoulder Bags, Ladies Chain Purse Designer Handbags",Rated 3.7/5 from 10 Amazon shopper reviews.,https://m.media-amazon.com/images/I/71NIEYUvIsL._AC_UL1500_.jpg,55.99
"Pretty Robes Rose All Day Clutch Bag, Seed Bead Clutch Bag, Beaded Clutch Purse, Beaded Party Clutch Bags, Bachelorette Clutch Purse, Clutch Purses for Women, Gifts for Women",Rated 4.6/5 from 24 Amazon shopper reviews.,https://m.media-amazon.com/images/I/71uE8dPQwML._AC_UL1000_.jpg,55.99
Women’s Multicolor Floral Tote Bag Big Genuine Leather Colorful 3D Shoulder Bag,Rated 4/5 from 9 Amazon shopper reviews.,https://m.media-amazon.com/images/I/61vNQF4W8sL._AC_UL1000_.jpg,55.99
Genuine Green Leather Backpack Purse for Women Convertible Shoulder Bag with Flap Casual Daypack,Rated 5/5 from 3 Amazon shopper reviews.,https://m.media-amazon.com/images/I/61bItmDzpiL._AC_SL1001_.jpg,55.99
LL LOPPOP Satchel Shoulder Bag Fashion designer handbags CrossBody Purses for women 2044,Rated 5/5 from 2 Amazon shopper reviews.,https://m.media-amazon.com/images/I/51aoKaXlvRL._AC_UL1500_.jpg,55.99
Loungefly Disney Cinderella Castle Series Womens Double Strap Shoulder Bag Purse,Rated 4.9/5 from 487 Amazon shopper reviews.,https://m.media-amazon.com/images/I/61zn6DsAWsL._AC_SL1000_.jpg,55.99
Women’s Small Backpack Purse Soft PU Leather Fashion Two-tone Mini City Day Bag,Rated 3.8/5 from 3 Amazon shopper reviews.,https://m.media-amazon.com/images/I/71JX0u1YSYL._AC_SL1500_.jpg,55.99
Segater Fashion Women Multicolor Backpack Genuine Leather Colorful Patchwork Shoulder Bag Bohemian Style Handbag,Rated 3.5/5 from 3 Amazon shopper reviews.,https://m.media-amazon.com/images/I/81ikRD0ppAL._AC_SL1500_.jpg,55.99
"BRIDE Clutch for Wedding Day, Beaded Bride Purse for Bachelorette Party, White Bride Bag, Bridal Shower & Engagement Gifts for Bride To Be (Multi)",Rated 4.6/5 from 12 Amazon shopper reviews.,https://m.media-amazon.com/images/I/71doe7e8nsL._AC_UL1500_.jpg,55.99
"Blame it on the Goose Clutch, Beaded Purse for Bachelorette, Bachelorette Party Gift, Bride Gift, Engagement Gift for Bride To Be, Summer Clutch, Beaded Bag",Rated 4.2/5 from 8 Amazon shopper reviews.,https://m.media-amazon.com/images/I/81cs1WnuBgL._AC_UL1500_.jpg,55.99
DORIS&JACKY Tote Bag For Women Large Lightweight Leather Nylon Work Shoulder Bag And Foldable Travel Purse,Rated 4.5/5 from 478 Amazon shopper reviews.,https://m.media-amazon.com/images/I/61GfExQHQWL._AC_UL1001_.jpg,55.99
KISSCHIC Women's Vintage Floral Crystal Rhinestone Clutch Purse Ellipse Large Evening Bag Handbag,Rated 4/5 from 8 Amazon shopper reviews.,https://m.media-amazon.com/images/I/81Derdcz96L._AC_UL1500_.jpg,55.98
Dashiki Ethnic Print Vegan Leather Fringed Round Satchel Clutch Purse Wallet SET,Rated 4/5 from 2 Amazon shopper reviews.,https://m.media-amazon.com/images/I/71DB5sKAJbL._AC_SL1000_.jpg,55.97
Lost Queen Cherry Bomb Skull Cherries Polka Dot Bow Handbag Rockabilly Black Red,Rated 4.6/5 from 74 Amazon shopper reviews.,https://m.media-amazon.com/images/I/713c2NaR2UL._AC_UL1500_.jpg,55.95
Weekender Duffel Bag Travel Tote - Canvas Genuine Leather Overnight Bag,Rated 3.8/5 from 138 Amazon shopper reviews.,https://m.media-amazon.com/images/I/717ncU+SR+L._AC_SL1500_.jpg,55.95
Zelris Faith Love Hope Cross Angel Wing Women Conceal Carry Women Tote Purse,Rated 4.3/5 from 11 Amazon shopper reviews.,https://m.media-amazon.com/images/I/912lFchWw4L._AC_UL1500_.jpg,55.89
Anna by Anuschka Hand Painted Women’s Genuine Leather - Vintage Wristlet Clutch - Lovable Pandas,Rated 4.7/5 from 17 Amazon shopper reviews.,https://m.media-amazon.com/images/I/911qX1iVlpL._AC_UL1500_.jpg,55.81
"Premium Leather Retro Handmade Doctor Bag, Vegetable Tanned Retro Handmade Vintage Phone Purse Handbags with Unique Opening",Rated 4.5/5 from 2 Amazon shopper reviews.,https://m.media-amazon.com/images/I/61PtBMiMCeL._AC_SL1200_.jpg,55.69
LAORENTOU Small Leather Crossbody Bags for Women Ladies Shoulder Bag Mini Handbag and Purse Top Handle,Rated 4.6/5 from 18 Amazon shopper reviews.,https://m.media-amazon.com/images/I/61lFgqFDaYL._AC_UL1001_.jpg,55.69
Dancing Days Crazy Little Thing Vintage Bag 50s Rockabilly Polka Top Handle Handbag,Rated 4.6/5 from 117 Amazon shopper reviews.,https://m.media-amazon.com/images/I/71mndCwUshL._AC_UL1500_.jpg,55.50
Lily Waters Tara Tote,Rated 3/5 from 5 Amazon shopper reviews.,https://m.media-amazon.com/images/I/81OGd5p2hnS._AC_UL1500_.jpg,55.50
Fawziya Gradient Clutch Starry Sky Crystal Evening Bags And Clutches,Rated 4/5 from 8 Amazon shopper reviews.,https://m.media-amazon.com/images/I/816jgZh36PL._AC_UL1200_.jpg,55.36
"Kipling Women’s Abanu Crossbody Bag, Lightweight, Adjustable Nylon Waist Pack with Multi-Compartment Zip Pockets",Rated 4.7/5 from 500 Amazon shopper reviews.,https://m.media-amazon.com/images/I/917x63HkqoL._AC_UL1500_.jpg,55.30
"Kipling womens Abanu Multi Covnertible Crossbody Bag, Blue Bleu 2, Small US",Rated 4.7/5 from 40 Amazon shopper reviews.,https://m.media-amazon.com/images/I/711DIHKVy-S._AC_SL1500_.jpg,55.30
LA FESTIN Lizard Pattern Leather Shoulder messenger bag ladies Shoulder Tote Purse women bag,Rated 4.5/5 from 91 Amazon shopper reviews.,https://m.media-amazon.com/images/I/61yv20oNo2L._AC_UL1000_.jpg,55.19
"Chala Patch Cross-Body Women Handbag, Sand Color Canvas Messenger Bag - Chala Fox",Rated 4.2/5 from 5 Amazon shopper reviews.,https://m.media-amazon.com/images/I/61+3C28UXzL._AC_UL1001_.jpg,55.00
"Chala Womens' Canvas Patch Crossbody Handbag""Sea Turtle"" - Dark Brown",Rated 5/5 from 1 Amazon shopper reviews.,https://m.media-amazon.com/images/I/71XWKqahS4L._AC_UL1000_.jpg,55.00
"Chala Patch Cross-Body Women Handbag, Canvas Messenger Bag (Ladybug - Olive)",Rated 4.3/5 from 2 Amazon shopper reviews.,https://m.media-amazon.com/images/I/612OsqgEKTL._AC_UL1001_.jpg,55.00
Chala Handbags Turtle CV-Escape Sling Backpack,Rated 5/5 from 2 Amazon shopper reviews.,https://m.media-amazon.com/images/I/61GQUpJnjfL._AC_SL1005_.jpg,55.00
Duluth Pack Promo Box Tote,Rated 5/5 from 1 Amazon shopper reviews.,https://m.media-amazon.com/images/I/81WdOWc4eLL._AC_SL1500_.jpg,55.00
"Chala Sea Turtle Wallet Crossbody Handbag - Convertable Strap, 5.25""W x 7.5""H x 1.5""D",Rated 4.9/5 from 52 Amazon shopper reviews.,https://m.media-amazon.com/images/I/71mXob9+ISL._AC_UL1005_.jpg,55.00
"Chala Patch Cross-Body Women Handbag, Canvas Messenger Bag - Olive",Rated 4.7/5 from 63 Amazon shopper reviews.,https://m.media-amazon.com/images/I/71obkB63qJL._AC_UL1005_.jpg,55.00
CHALA Wallet Crossbody Cell Phone Purse-Women Faux Leather Multicolor Handbag with Adjustable Strap,"Rated 4.7/5 from 1,175 Amazon shopper reviews.",https://m.media-amazon.com/images/I/81Smf8MgQwL._AC_UL1500_.jpg,55.00
Camelia de Amour Women backpack purse Fashion Nylon Rucksack medium size (t295-134 black-black),Rated 4.2/5 from 5 Amazon shopper reviews.,https://m.media-amazon.com/images/I/51ql0MiqXyL._AC_SL1000_.jpg,55.00
"Cockatoo Womens Wallet, Nappa Leather Bifold Small Ladies Purse with Kiss-Lock Coin Pocket and ID Window (Lagoon)",Rated 4.5/5 from 22 Amazon shopper reviews.,https://m.media-amazon.com/images/I/71RXY0S3c0L._AC_SL1500_.jpg,55.00
Lug Women's Coupe Cross Body Bag,Rated 4.5/5 from 59 Amazon shopper reviews.,https://m.media-amazon.com/images/I/81mBnpBf6BL._AC_UL1500_.jpg,55.00
CHALA Handbag Patch Crossbody FOX Sand Brown Bag Canvas,Rated 1.5/5 from 2 Amazon shopper reviews.,https://m.media-amazon.com/images/I/61w8dERluaL._AC_UL1000_.jpg,55.00
Chala Dragonfly Wallet Crossbody Handbag - Convertable Strap,Rated 4.6/5 from 35 Amazon shopper reviews.,https://m.media-amazon.com/images/I/711JBY74MuL._AC_UL1005_.jpg,55.00
Banned Handcuff Handbag - Black or Striped - Black/One Size,Rated 4.3/5 from 4 Amazon shopper reviews.,https://m.media-amazon.com/images/I/71hzZpiOsbL._AC_UL1500_.jpg,54.99
MKF Set Hobo Bag for Women & Wristlet Wallet – PU Leather Designer Handbag Purse – Shoulder Strap Lady Fashion,Rated 4.4/5 from 948 Amazon shopper reviews.,https://m.media-amazon.com/images/I/91HJVV9K-AL._AC_UL1500_.jpg,54.99
Bucket Beach Bag Tote Bag or Travel Tote- Waterproof Tote great as a gym bag carry on bag and handbag (Tangerine Parrot),Rated 4.7/5 from 37 Amazon shopper reviews.,https://m.media-amazon.com/images/I/91cNcCC52HL._AC_SL1500_.jpg,54.99
MKF Collection Shoulder Bag for Women & Wristlet Coin Pouch Purse – PU Leather Top Handle Pocketbook Crossbody Tote Handbag,Rated 4.7/5 from 25 Amazon shopper reviews.,https://m.media-amazon.com/images/I/91zSa2zshkL._AC_UL1500_.jpg,54.99
Classic Beach Bag- Waterproof Tote Bags and Beach Bags Travel Tote or Weekender (Morning Chat),Rated 4.5/5 from 108 Amazon shopper reviews.,https://m.media-amazon.com/images/I/81Lblr1X7nL._AC_SL1500_.jpg,54.99
"Trendy Summer Woven Crossbody Bag for Women- Handmade to wear as Clutch, Top Handle, or Shoulder Strap for an Everyday Purse",Rated 4.8/5 from 27 Amazon shopper reviews.,https://m.media-amazon.com/images/I/91gro57ktJL._AC_UL1500_.jpg,54.99
MKF Collection Backpack Purse for Women Vegan Leather Top-Handle Ladies Fashion Travel Pocketbook Bag – Daypack,Rated 4.1/5 from 6 Amazon shopper reviews.,https://m.media-amazon.com/images/I/81IIkubTGOL._AC_UL1500_.jpg,54.99
Montana West Buckle Collection Concealed Carry Satchel Tote Bag Western Handbag for Women,Rated 4.9/5 from 30 Amazon shopper reviews.,https://m.media-amazon.com/images/I/71i4FnmwwfL._AC_UL1500_.jpg,54.99
GripIt Brown Soft Leather Satchel Handbags and Medium Top-Handle Bag Purses for Women Designer Shoulder Bag with Multiple Compartments,Rated 4.5/5 from 18 Amazon shopper reviews.,https://m.media-amazon.com/images/I/611toKxxejL._AC_UL1500_.jpg,54.99
"MKF Collection Shoulder Bag for Women, Crossbody Purse & Wristlet: PU Leather Satchel Pocketbook 3 PCs Handbag Set",Rated 4.2/5 from 772 Amazon shopper reviews.,https://m.media-amazon.com/images/I/816iiLvG-pL._AC_UL1500_.jpg,54.99
Top-Handle Handbag Leather Crossbody Bag Stitching Purse for Women Tote Satchel Shoulder Bags,Rated 5/5 from 1 Amazon shopper reviews.,https://m.media-amazon.com/images/I/61rkrLBNXeL._AC_UL1500_.jpg,54.99
Travel Tote Bag Large Carry On Bag With Leather Shoulder Straps Womens Zipper Top Stylish Canvas Beach Pool,Rated 5/5 from 8 Amazon shopper reviews.,https://m.media-amazon.com/images/I/916hvbFsZhL._AC_UL1500_.jpg,54.99
Texas West Women's Cross Flower Shoulder Handbag Wallet in 6 colors,Rated 4.3/5 from 11 Amazon shopper reviews.,https://m.media-amazon.com/images/I/61xy7KkO0FL._AC_UL1023_.jpg,54.99
YALUXE Genuine Leather Shoulder Bag Stylish Womens Crossbody Travel Top-Handle Mothers Day Gifts,"Rated 4.2/5 from 1,189 Amazon shopper reviews.",https://m.media-amazon.com/images/I/71OE4ZSTEIL._AC_UL1500_.jpg,54.99
YALUXE Women's Double Zipper Shoulder Bag Cowhide Leather Small Handbag with Multiple Pockets,Rated 4.2/5 from 269 Amazon shopper reviews.,https://m.media-amazon.com/images/I/71dChBW0yfL._AC_UL1500_.jpg,54.99
"Mia K Collection Crossbody Satchel-Tote Bag for Women, Wristlet Wallet Purse Set, PU Leather Top-Handle Handbag",Rated 4.2/5 from 198 Amazon shopper reviews.,https://m.media-amazon.com/images/I/81EjymW4AyL._AC_UL1500_.jpg,54.99
Leather Tote Bag For Women with Zipper or Magnetic Closure - Shoulder Bag Large Hobo with Multiple Pockets Top Handle Handbag,Rated 4.4/5 from 327 Amazon shopper reviews.,https://m.media-amazon.com/images/I/512FYZz84RS._AC_UL1024_.jpg,54.99
Purse and Handbags for Women Leather Shoulder Hand Bags Tote Handle Medium Satchel Vintage Embossing Rose,Rated 4.3/5 from 174 Amazon shopper reviews.,https://m.media-amazon.com/images/I/81BxLlN3snL._AC_UL1500_.jpg,54.99
"FOXLOVER Tote Handbags for Women, PU Leather Ladies Quilted Tote Purse and Handbags with Chain Strap",Rated 4.3/5 from 13 Amazon shopper reviews.,https://m.media-amazon.com/images/I/61zQ3FZI3qL._AC_UL1500_.jpg,54.99
Vaultskin BELGRAVIA Womens Small Luxury Leather Wallet for Ladies Mini Purse for Cash and Cards,Rated 4.5/5 from 96 Amazon shopper reviews.,https://m.media-amazon.com/images/I/81+KjeeHmfL._AC_UL1500_.jpg,54.99
Iswee Shoulder Handbags Top Handle Satchel Work Bags Purse for Women,Rated 4.1/5 from 172 Amazon shopper reviews.,https://m.media-amazon.com/images/I/71sygVc4CmL._AC_UL1387_.jpg,54.99
Lee Women's Lady Tapered Paper Bag Waist Jeans,Rated 1.8/5 from 2 Amazon shopper reviews.,https://m.media-amazon.com/images/I/A1zdgINZoLL._AC_UL1500_.jpg,54.99
Signare Tapestry Duffle Bag Overnight Bags Weekend Bag for Women with Sunflower Poppy Butterfly Dragonfly Design (TRAV-MGD),Rated 4.5/5 from 38 Amazon shopper reviews.,https://m.media-amazon.com/images/I/7179nP9nFAL._AC_SL1000_.jpg,54.99
"MKF Collection Tote Bag for Women, Vegan Leather Satchel Wristlet wallet Shoulder bag Top-Handle Hobo Purse Handbag",Rated 4.6/5 from 29 Amazon shopper reviews.,https://m.media-amazon.com/images/I/71XcM1FxyoL._AC_UL1500_.jpg,54.99
miccostumes Women's Full Set Cosplay Costume with Belt Waist Bag and Whip,Rated 4.1/5 from 137 Amazon shopper reviews.,https://m.media-amazon.com/images/I/51lHO9CzPIL._AC_UL1000_.jpg,54.99
MKF Crossbody Tote Bag for Women & Wristlet Purse Set – PU Leather Top-Handle Satchel Shoulder Handbag,Rated 4.2/5 from 153 Amazon shopper reviews.,https://m.media-amazon.com/images/I/51ieMzIpwtL._AC_.jpg,54.99
"Women's Large PU Leather Weekender Duffel Bag with Satin Interior - Big 22"" Carry-On Size Duffle - Black","Rated 4.5/5 from 1,260 Amazon shopper reviews.",https://m.media-amazon.com/images/I/81v4ZfZ0mmL._AC_SL1500_.jpg,54.99
Loungefly Disney The Little Mermaid All Over Print Womens Double Strap Shoulder Bag Purse,Rated 4.7/5 from 31 Amazon shopper reviews.,https://m.media-amazon.com/images/I/81rKzbSCOJL._AC_SL1500_.jpg,54.99
Loungefly Disney Robin Hood Rescues Maid Marian Womens Double Strap Shoulder Bag Purse,Rated 4.8/5 from 139 Amazon shopper reviews.,https://m.media-amazon.com/images/I/61bZxV2dorL._AC_SL1024_.jpg,54.99
Western Genuine Leather Floral Tooled Fringe Womens Crossbody Bag 3 Color,Rated 4.3/5 from 70 Amazon shopper reviews.,https://m.media-amazon.com/images/I/81g7HDelKHS._AC_UL1500_.jpg,54.99
Madison West - The Stella Top Handle Satchel Style Crossbody Bag for Women,Rated 4.8/5 from 28 Amazon shopper reviews.,https://m.media-amazon.com/images/I/71kJy2fD-bL._AC_UL1500_.jpg,54.99
"Antik Kraft The Ophelia Hobo Shoulder Bag Purse for Women with Detachable Wristlet, Soft Distressed Vegan Leather",Rated 4.6/5 from 21 Amazon shopper reviews.,https://m.media-amazon.com/images/I/71X0Pl-V8wL._AC_UL1500_.jpg,54.99
Loungefly Disney Pocohontas Just Around The River Bend Womens Double Strap Shoulder Bag Purse,Rated 4.8/5 from 307 Amazon shopper reviews.,https://m.media-amazon.com/images/I/71CAKUK+6nL._AC_UL1500_.jpg,54.99
Montana West Western Aztec Collection Tote Handbag Shoulder Bag for Women with Matching Wallet,Rated 5/5 from 1 Amazon shopper reviews.,https://m.media-amazon.com/images/I/81MgNuD7xUL._AC_UL1500_.jpg,54.99
"FOXER Leather Shoulder Chain Bags for Women, Small Crossbody Cell Phone Purses",Rated 4.2/5 from 24 Amazon shopper reviews.,https://m.media-amazon.com/images/I/61-t8AoUxbL._AC_UL1200_.jpg,54.99
Somewhere Haute Ladies Canvas Tote Bag With Shoulder Straps for Women,Rated 4.4/5 from 66 Amazon shopper reviews.,https://m.media-amazon.com/images/I/81FeCi7n7xL._AC_UL1500_.jpg,54.99
Montana West Ladies Concealed Gun Carry Purse Handbag Swirl Cutouts Design,Rated 4.5/5 from 109 Amazon shopper reviews.,https://m.media-amazon.com/images/I/612EKgU00YL._AC_UL1139_.jpg,54.99
Handmade Genuine Leather Patchwork Ladies Handbags Exotic Boho Crossbody Purse Shoulder Bags for Women,Rated 4/5 from 10 Amazon shopper reviews.,https://m.media-amazon.com/images/I/81xhcxZ94hL._AC_UL1500_.jpg,54.99
FUKUYIN Tote Handbag Shoulder Bag for Women - PU Soft Leather Hobo Bag Womens Purses - Ladies Large Crossbody Purse,Rated 4.3/5 from 43 Amazon shopper reviews.,https://m.media-amazon.com/images/I/61osHzs6pML._AC_UL1500_.jpg,54.99
S-ZONE Faux Leather Tote Bag for Women Tote Shoulder Bag Ladies Large Work Purse Handbag,Rated 4.4/5 from 103 Amazon shopper reviews.,https://m.media-amazon.com/images/I/81-PPP6JA2S._AC_UL1500_.jpg,54.99
Hello Beaches A Packable Beach Bag | The Straw Beach Tote Bag of 2023 | Beach Bags for Women Vacation | Large Beach Bag,Rated 4.7/5 from 141 Amazon shopper reviews.,https://m.media-amazon.com/images/I/71JlUoslTrL._AC_UL1500_.jpg,54.99
MKF Collection Woman's Duffle bag Weekender Travel bag,Rated 5/5 from 2 Amazon shopper reviews.,https://m.media-amazon.com/images/I/81YAeo4xgQL._AC_SL1500_.jpg,54.99
Premium Wayuu Bag - 100% Original Colombian Mochila Wayuu - HandMade - Crocheted Tote Bag - Hand Woven,Rated 4.7/5 from 47 Amazon shopper reviews.,https://m.media-amazon.com/images/I/81ou-Ij71HL._AC_UL1500_.jpg,54.99
Punk Gothic Rock Metallic Skull Day of the Dead Floral Sugar Skull Leather Purse Women Handbag Shoulder Bag Wallet Set,Rated 4.8/5 from 261 Amazon shopper reviews.,https://m.media-amazon.com/images/I/81a8DJyjq6L._AC_UL1500_.jpg,54.95
"Peugeot Paul 3D Crystal Clustered Evening Clutch Bag, Crossbody Bag with Chain Strap",Rated 4.5/5 from 6 Amazon shopper reviews.,https://m.media-amazon.com/images/I/81dczmd6MpL._AC_UL1500_.jpg,54.94
"DGAZ Bag Organizer Insert, Silk Purse Organizer, Luxury Handbag & Tote Organizer, Fits mini Kelly Bags (Craie, miniKelly1)",Rated 4.7/5 from 105 Amazon shopper reviews.,https://m.media-amazon.com/images/I/61ExxpPzg+L._AC_SL1500_.jpg,54.89
Charming Crossbody Shoulder Purse in PU Leather with Teal Butterfly Purse Charm,Rated 4.5/5 from 66 Amazon shopper reviews.,https://m.media-amazon.com/images/I/71iYwPvfqVL._AC_UL1005_.jpg,54.50
Chala Charming Crossbody Bag Shoulder Handbag With Flap Top and Zipper Black/Dark Brown,Rated 4.7/5 from 173 Amazon shopper reviews.,https://m.media-amazon.com/images/I/61WEcmUnhFL._AC_UL1005_.jpg,54.50
Chala Charming Teal Crossbody Bag With Flap Top and Zipper or Shoulder Handbag,Rated 4.6/5 from 192 Amazon shopper reviews.,https://m.media-amazon.com/images/I/81nhLdOMYcL._AC_UL1500_.jpg,54.50
Myra Bag Exemplar Tote Bag S-2043,Rated 3.8/5 from 27 Amazon shopper reviews.,https://m.media-amazon.com/images/I/615iISF2I-L._AC_UL1000_.jpg,54.46
Hadaki Cosmopolitan Tote,Rated 4.3/5 from 16 Amazon shopper reviews.,https://m.media-amazon.com/images/I/91vKG0UquDL._AC_UL1500_.jpg,54.08
"The Sak, Womens, Iris Large Smartphone Crossbody Bag in Leather",Rated 4.5/5 from 569 Amazon shopper reviews.,https://m.media-amazon.com/images/I/91PgGC69E1L._AC_UL1500_.jpg,54.07
"Chala Womens' Canvas Patch Crossbody Handbag""Fox"" - Dark Brown",Rated 4.6/5 from 3 Amazon shopper reviews.,https://m.media-amazon.com/images/I/71zjfOwEVTL._AC_UL1005_.jpg,54.00
"Chala Paw Print 3-in-1 Gemini Crossbody Handbag, Dog Lovers Gift",Rated 4.8/5 from 10 Amazon shopper reviews.,https://m.media-amazon.com/images/I/81z4AxqEF4L._AC_UL1500_.jpg,54.00
"Chala Womens' Canvas Patch Crossbody Handbag""Teal Paw Print"" - Mauve",Rated 5/5 from 1 Amazon shopper reviews.,https://m.media-amazon.com/images/I/712nuQFoonL._AC_UL1005_.jpg,54.00
Chala Handbag Patch Mid-Size Cross-body Tote Bags with Fox Coin Purse- Brown,Rated 4.2/5 from 7 Amazon shopper reviews.,https://m.media-amazon.com/images/I/811NcbEWp0L._AC_UL1186_.jpg,54.00
CHALA Women Handbag Patch Crossbody (Yorkshire),Rated 5/5 from 14 Amazon shopper reviews.,https://m.media-amazon.com/images/I/71MAOxVeY5L._AC_UL1005_.jpg,54.00
"CHALA Patch Cross-Body Women Handbag, Sand Color Canvas Messenger Bag (Lazzy Cat)",Rated 5/5 from 5 Amazon shopper reviews.,https://m.media-amazon.com/images/I/81w86dxAAfL._AC_UL1500_.jpg,54.00
